mtllib SM_SFPPlannerTerminal_r2.mtl
s off
o MaterialSlotSeed0
usemtl SFP_R2_Rubber
v -20.02000 -1.02000 9.98000
v -19.98000 -1.02000 9.98000
v -19.98000 -0.98000 9.98000
v -20.02000 -0.98000 9.98000
v -20.02000 -1.02000 10.02000
v -19.98000 -1.02000 10.02000
v -19.98000 -0.98000 10.02000
v -20.02000 -0.98000 10.02000
vt 0.000000 0.000000
vt 0.000000 1.000000
vt 1.000000 1.000000
vt 1.000000 0.000000
vt 0.000000 0.000000
vt 1.000000 0.000000
vt 1.000000 1.000000
vt 0.000000 1.000000
vt 0.000000 0.000000
vt 1.000000 0.000000
vt 1.000000 1.000000
vt 0.000000 1.000000
vt 0.000000 0.000000
vt 1.000000 0.000000
vt 1.000000 1.000000
vt 0.000000 1.000000
vt 1.000000 0.000000
vt 0.000000 0.000000
vt 0.000000 1.000000
vt 1.000000 1.000000
vt 1.000000 0.000000
vt 0.000000 0.000000
vt 0.000000 1.000000
vt 1.000000 1.000000
f 1/1 4/2 3/3 2/4
f 5/5 6/6 7/7 8/8
f 1/9 2/10 6/11 5/12
f 2/13 3/14 7/15 6/16
f 3/17 4/18 8/19 7/20
f 4/21 1/22 5/23 8/24
o MaterialSlotSeed1
usemtl SFP_R2_Trim
v -20.02000 -0.77000 9.98000
v -19.98000 -0.77000 9.98000
v -19.98000 -0.73000 9.98000
v -20.02000 -0.73000 9.98000
v -20.02000 -0.77000 10.02000
v -19.98000 -0.77000 10.02000
v -19.98000 -0.73000 10.02000
v -20.02000 -0.73000 10.02000
vt 0.000000 0.000000
vt 0.000000 1.000000
vt 1.000000 1.000000
vt 1.000000 0.000000
vt 0.000000 0.000000
vt 1.000000 0.000000
vt 1.000000 1.000000
vt 0.000000 1.000000
vt 0.000000 0.000000
vt 1.000000 0.000000
vt 1.000000 1.000000
vt 0.000000 1.000000
vt 0.000000 0.000000
vt 1.000000 0.000000
vt 1.000000 1.000000
vt 0.000000 1.000000
vt 1.000000 0.000000
vt 0.000000 0.000000
vt 0.000000 1.000000
vt 1.000000 1.000000
vt 1.000000 0.000000
vt 0.000000 0.000000
vt 0.000000 1.000000
vt 1.000000 1.000000
f 9/25 12/26 11/27 10/28
f 13/29 14/30 15/31 16/32
f 9/33 10/34 14/35 13/36
f 10/37 11/38 15/39 14/40
f 11/41 12/42 16/43 15/44
f 12/45 9/46 13/47 16/48
o MaterialSlotSeed2
usemtl SFP_R2_Accent
v -20.02000 -0.52000 9.98000
v -19.98000 -0.52000 9.98000
v -19.98000 -0.48000 9.98000
v -20.02000 -0.48000 9.98000
v -20.02000 -0.52000 10.02000
v -19.98000 -0.52000 10.02000
v -19.98000 -0.48000 10.02000
v -20.02000 -0.48000 10.02000
vt 0.000000 0.000000
vt 0.000000 1.000000
vt 1.000000 1.000000
vt 1.000000 0.000000
vt 0.000000 0.000000
vt 1.000000 0.000000
vt 1.000000 1.000000
vt 0.000000 1.000000
vt 0.000000 0.000000
vt 1.000000 0.000000
vt 1.000000 1.000000
vt 0.000000 1.000000
vt 0.000000 0.000000
vt 1.000000 0.000000
vt 1.000000 1.000000
vt 0.000000 1.000000
vt 1.000000 0.000000
vt 0.000000 0.000000
vt 0.000000 1.000000
vt 1.000000 1.000000
vt 1.000000 0.000000
vt 0.000000 0.000000
vt 0.000000 1.000000
vt 1.000000 1.000000
f 17/49 20/50 19/51 18/52
f 21/53 22/54 23/55 24/56
f 17/57 18/58 22/59 21/60
f 18/61 19/62 23/63 22/64
f 19/65 20/66 24/67 23/68
f 20/69 17/70 21/71 24/72
o MaterialSlotSeed3
usemtl SFP_R2_Body
v -20.02000 -0.27000 9.98000
v -19.98000 -0.27000 9.98000
v -19.98000 -0.23000 9.98000
v -20.02000 -0.23000 9.98000
v -20.02000 -0.27000 10.02000
v -19.98000 -0.27000 10.02000
v -19.98000 -0.23000 10.02000
v -20.02000 -0.23000 10.02000
vt 0.000000 0.000000
vt 0.000000 1.000000
vt 1.000000 1.000000
vt 1.000000 0.000000
vt 0.000000 0.000000
vt 1.000000 0.000000
vt 1.000000 1.000000
vt 0.000000 1.000000
vt 0.000000 0.000000
vt 1.000000 0.000000
vt 1.000000 1.000000
vt 0.000000 1.000000
vt 0.000000 0.000000
vt 1.000000 0.000000
vt 1.000000 1.000000
vt 0.000000 1.000000
vt 1.000000 0.000000
vt 0.000000 0.000000
vt 0.000000 1.000000
vt 1.000000 1.000000
vt 1.000000 0.000000
vt 0.000000 0.000000
vt 0.000000 1.000000
vt 1.000000 1.000000
f 25/73 28/74 27/75 26/76
f 29/77 30/78 31/79 32/80
f 25/81 26/82 30/83 29/84
f 26/85 27/86 31/87 30/88
f 27/89 28/90 32/91 31/92
f 28/93 25/94 29/95 32/96
o MaterialSlotSeed4
usemtl SFP_R2_Inset
v -20.02000 -0.02000 9.98000
v -19.98000 -0.02000 9.98000
v -19.98000 0.02000 9.98000
v -20.02000 0.02000 9.98000
v -20.02000 -0.02000 10.02000
v -19.98000 -0.02000 10.02000
v -19.98000 0.02000 10.02000
v -20.02000 0.02000 10.02000
vt 0.000000 0.000000
vt 0.000000 1.000000
vt 1.000000 1.000000
vt 1.000000 0.000000
vt 0.000000 0.000000
vt 1.000000 0.000000
vt 1.000000 1.000000
vt 0.000000 1.000000
vt 0.000000 0.000000
vt 1.000000 0.000000
vt 1.000000 1.000000
vt 0.000000 1.000000
vt 0.000000 0.000000
vt 1.000000 0.000000
vt 1.000000 1.000000
vt 0.000000 1.000000
vt 1.000000 0.000000
vt 0.000000 0.000000
vt 0.000000 1.000000
vt 1.000000 1.000000
vt 1.000000 0.000000
vt 0.000000 0.000000
vt 0.000000 1.000000
vt 1.000000 1.000000
f 33/97 36/98 35/99 34/100
f 37/101 38/102 39/103 40/104
f 33/105 34/106 38/107 37/108
f 34/109 35/110 39/111 38/112
f 35/113 36/114 40/115 39/116
f 36/117 33/118 37/119 40/120
o MaterialSlotSeed5
usemtl SFP_R2_ScreenGlow
v -20.02000 0.23000 9.98000
v -19.98000 0.23000 9.98000
v -19.98000 0.27000 9.98000
v -20.02000 0.27000 9.98000
v -20.02000 0.23000 10.02000
v -19.98000 0.23000 10.02000
v -19.98000 0.27000 10.02000
v -20.02000 0.27000 10.02000
vt 0.000000 0.000000
vt 0.000000 1.000000
vt 1.000000 1.000000
vt 1.000000 0.000000
vt 0.000000 0.000000
vt 1.000000 0.000000
vt 1.000000 1.000000
vt 0.000000 1.000000
vt 0.000000 0.000000
vt 1.000000 0.000000
vt 1.000000 1.000000
vt 0.000000 1.000000
vt 0.000000 0.000000
vt 1.000000 0.000000
vt 1.000000 1.000000
vt 0.000000 1.000000
vt 1.000000 0.000000
vt 0.000000 0.000000
vt 0.000000 1.000000
vt 1.000000 1.000000
vt 1.000000 0.000000
vt 0.000000 0.000000
vt 0.000000 1.000000
vt 1.000000 1.000000
f 41/121 44/122 43/123 42/124
f 45/125 46/126 47/127 48/128
f 41/129 42/130 46/131 45/132
f 42/133 43/134 47/135 46/136
f 43/137 44/138 48/139 47/140
f 44/141 41/142 45/143 48/144
o MaterialSlotSeed6
usemtl SFP_R2_ScreenUI
v -20.02000 0.48000 9.98000
v -19.98000 0.48000 9.98000
v -19.98000 0.52000 9.98000
v -20.02000 0.52000 9.98000
v -20.02000 0.48000 10.02000
v -19.98000 0.48000 10.02000
v -19.98000 0.52000 10.02000
v -20.02000 0.52000 10.02000
vt 0.000000 0.000000
vt 0.000000 1.000000
vt 1.000000 1.000000
vt 1.000000 0.000000
vt 0.000000 0.000000
vt 1.000000 0.000000
vt 1.000000 1.000000
vt 0.000000 1.000000
vt 0.000000 0.000000
vt 1.000000 0.000000
vt 1.000000 1.000000
vt 0.000000 1.000000
vt 0.000000 0.000000
vt 1.000000 0.000000
vt 1.000000 1.000000
vt 0.000000 1.000000
vt 1.000000 0.000000
vt 0.000000 0.000000
vt 0.000000 1.000000
vt 1.000000 1.000000
vt 1.000000 0.000000
vt 0.000000 0.000000
vt 0.000000 1.000000
vt 1.000000 1.000000
f 49/145 52/146 51/147 50/148
f 53/149 54/150 55/151 56/152
f 49/153 50/154 54/155 53/156
f 50/157 51/158 55/159 54/160
f 51/161 52/162 56/163 55/164
f 52/165 49/166 53/167 56/168
o MaterialSlotSeed7
usemtl SFP_R2_Metal
v -20.02000 0.73000 9.98000
v -19.98000 0.73000 9.98000
v -19.98000 0.77000 9.98000
v -20.02000 0.77000 9.98000
v -20.02000 0.73000 10.02000
v -19.98000 0.73000 10.02000
v -19.98000 0.77000 10.02000
v -20.02000 0.77000 10.02000
vt 0.000000 0.000000
vt 0.000000 1.000000
vt 1.000000 1.000000
vt 1.000000 0.000000
vt 0.000000 0.000000
vt 1.000000 0.000000
vt 1.000000 1.000000
vt 0.000000 1.000000
vt 0.000000 0.000000
vt 1.000000 0.000000
vt 1.000000 1.000000
vt 0.000000 1.000000
vt 0.000000 0.000000
vt 1.000000 0.000000
vt 1.000000 1.000000
vt 0.000000 1.000000
vt 1.000000 0.000000
vt 0.000000 0.000000
vt 0.000000 1.000000
vt 1.000000 1.000000
vt 1.000000 0.000000
vt 0.000000 0.000000
vt 0.000000 1.000000
vt 1.000000 1.000000
f 57/169 60/170 59/171 58/172
f 61/173 62/174 63/175 64/176
f 57/177 58/178 62/179 61/180
f 58/181 59/182 63/183 62/184
f 59/185 60/186 64/187 63/188
f 60/189 57/190 61/191 64/192
o RubberFootLeft
usemtl SFP_R2_Rubber
v -28.00000 -50.56000 1.44000
v -28.00000 -35.44000 1.44000
v -28.00000 -35.44000 4.96000
v -28.00000 -50.56000 4.96000
v -26.56000 -52.00000 1.44000
v 18.56000 -52.00000 1.44000
v 18.56000 -52.00000 4.96000
v -26.56000 -52.00000 4.96000
v -26.56000 -50.56000 0.00000
v 18.56000 -50.56000 0.00000
v 18.56000 -35.44000 0.00000
v -26.56000 -35.44000 0.00000
v 20.00000 -50.56000 1.44000
v 20.00000 -35.44000 1.44000
v 20.00000 -35.44000 4.96000
v 20.00000 -50.56000 4.96000
v -26.56000 -34.00000 1.44000
v 18.56000 -34.00000 1.44000
v 18.56000 -34.00000 4.96000
v -26.56000 -34.00000 4.96000
v -26.56000 -50.56000 6.40000
v 18.56000 -50.56000 6.40000
v 18.56000 -35.44000 6.40000
v -26.56000 -35.44000 6.40000
v -28.00000 -50.56000 1.44000
v -26.56000 -52.00000 1.44000
v -26.56000 -52.00000 4.96000
v -28.00000 -50.56000 4.96000
v -28.00000 -35.44000 1.44000
v -26.56000 -34.00000 1.44000
v -26.56000 -34.00000 4.96000
v -28.00000 -35.44000 4.96000
v 20.00000 -50.56000 1.44000
v 18.56000 -52.00000 1.44000
v 18.56000 -52.00000 4.96000
v 20.00000 -50.56000 4.96000
v 20.00000 -35.44000 1.44000
v 18.56000 -34.00000 1.44000
v 18.56000 -34.00000 4.96000
v 20.00000 -35.44000 4.96000
v -28.00000 -50.56000 1.44000
v -26.56000 -50.56000 0.00000
v -26.56000 -35.44000 0.00000
v -28.00000 -35.44000 1.44000
v -28.00000 -50.56000 4.96000
v -26.56000 -50.56000 6.40000
v -26.56000 -35.44000 6.40000
v -28.00000 -35.44000 4.96000
v 20.00000 -50.56000 1.44000
v 18.56000 -50.56000 0.00000
v 18.56000 -35.44000 0.00000
v 20.00000 -35.44000 1.44000
v 20.00000 -50.56000 4.96000
v 18.56000 -50.56000 6.40000
v 18.56000 -35.44000 6.40000
v 20.00000 -35.44000 4.96000
v -26.56000 -52.00000 1.44000
v -26.56000 -50.56000 0.00000
v 18.56000 -50.56000 0.00000
v 18.56000 -52.00000 1.44000
v -26.56000 -52.00000 4.96000
v -26.56000 -50.56000 6.40000
v 18.56000 -50.56000 6.40000
v 18.56000 -52.00000 4.96000
v -26.56000 -34.00000 1.44000
v -26.56000 -35.44000 0.00000
v 18.56000 -35.44000 0.00000
v 18.56000 -34.00000 1.44000
v -26.56000 -34.00000 4.96000
v -26.56000 -35.44000 6.40000
v 18.56000 -35.44000 6.40000
v 18.56000 -34.00000 4.96000
v -28.00000 -50.56000 1.44000
v -26.56000 -52.00000 1.44000
v -26.56000 -50.56000 0.00000
v -28.00000 -50.56000 4.96000
v -26.56000 -52.00000 4.96000
v -26.56000 -50.56000 6.40000
v -28.00000 -35.44000 1.44000
v -26.56000 -34.00000 1.44000
v -26.56000 -35.44000 0.00000
v -28.00000 -35.44000 4.96000
v -26.56000 -34.00000 4.96000
v -26.56000 -35.44000 6.40000
v 20.00000 -50.56000 1.44000
v 18.56000 -52.00000 1.44000
v 18.56000 -50.56000 0.00000
v 20.00000 -50.56000 4.96000
v 18.56000 -52.00000 4.96000
v 18.56000 -50.56000 6.40000
v 20.00000 -35.44000 1.44000
v 18.56000 -34.00000 1.44000
v 18.56000 -35.44000 0.00000
v 20.00000 -35.44000 4.96000
v 18.56000 -34.00000 4.96000
v 18.56000 -35.44000 6.40000
vt 0.000000 1.000000
vt 1.000000 1.000000
vt 1.000000 0.000000
vt 0.000000 0.000000
vt 0.000000 0.000000
vt 1.000000 0.000000
vt 1.000000 1.000000
vt 0.000000 1.000000
vt 0.000000 1.000000
vt 1.000000 1.000000
vt 1.000000 0.000000
vt 0.000000 0.000000
vt 0.000000 0.000000
vt 1.000000 0.000000
vt 1.000000 1.000000
vt 0.000000 1.000000
vt 0.000000 1.000000
vt 1.000000 1.000000
vt 1.000000 0.000000
vt 0.000000 0.000000
vt 0.000000 0.000000
vt 1.000000 0.000000
vt 1.000000 1.000000
vt 0.000000 1.000000
vt 0.000000 0.000000
vt 1.000000 0.000000
vt 1.000000 1.000000
vt 0.000000 1.000000
vt 0.000000 1.000000
vt 1.000000 1.000000
vt 1.000000 0.000000
vt 0.000000 0.000000
vt 1.000000 1.000000
vt 0.000000 1.000000
vt 0.000000 0.000000
vt 1.000000 0.000000
vt 1.000000 0.000000
vt 0.000000 0.000000
vt 0.000000 1.000000
vt 1.000000 1.000000
vt 0.000000 1.000000
vt 1.000000 1.000000
vt 1.000000 0.000000
vt 0.000000 0.000000
vt 0.000000 0.000000
vt 1.000000 0.000000
vt 1.000000 1.000000
vt 0.000000 1.000000
vt 1.000000 0.000000
vt 0.000000 0.000000
vt 0.000000 1.000000
vt 1.000000 1.000000
vt 1.000000 1.000000
vt 0.000000 1.000000
vt 0.000000 0.000000
vt 1.000000 0.000000
vt 0.000000 1.000000
vt 0.000000 0.000000
vt 1.000000 0.000000
vt 1.000000 1.000000
vt 1.000000 0.000000
vt 1.000000 1.000000
vt 0.000000 1.000000
vt 0.000000 0.000000
vt 1.000000 1.000000
vt 1.000000 0.000000
vt 0.000000 0.000000
vt 0.000000 1.000000
vt 0.000000 0.000000
vt 0.000000 1.000000
vt 1.000000 1.000000
vt 1.000000 0.000000
vt 1.000000 0.000000
vt 1.000000 1.000000
vt 0.000000 1.000000
vt 0.000000 0.000000
vt 1.000000 0.000000
vt 1.000000 1.000000
vt 0.000000 1.000000
vt 1.000000 1.000000
vt 1.000000 0.000000
vt 1.000000 1.000000
vt 1.000000 0.000000
vt 0.000000 0.000000
vt 1.000000 1.000000
vt 0.000000 1.000000
vt 0.000000 0.000000
vt 0.000000 1.000000
vt 0.000000 0.000000
vt 1.000000 0.000000
vt 0.000000 0.000000
vt 0.000000 1.000000
vt 1.000000 1.000000
vt 1.000000 0.000000
vt 0.000000 0.000000
vt 0.000000 1.000000
f 68/193 67/194 66/195 65/196
f 69/197 70/198 71/199 72/200
f 76/201 75/202 74/203 73/204
f 77/205 78/206 79/207 80/208
f 84/209 83/210 82/211 81/212
f 85/213 86/214 87/215 88/216
f 89/217 90/218 91/219 92/220
f 96/221 95/222 94/223 93/224
f 100/225 99/226 98/227 97/228
f 101/229 102/230 103/231 104/232
f 108/233 107/234 106/235 105/236
f 109/237 110/238 111/239 112/240
f 113/241 114/242 115/243 116/244
f 120/245 119/246 118/247 117/248
f 121/249 122/250 123/251 124/252
f 128/253 127/254 126/255 125/256
f 132/257 131/258 130/259 129/260
f 133/261 134/262 135/263 136/264
f 139/265 138/266 137/267
f 140/268 141/269 142/270
f 143/271 144/272 145/273
f 148/274 147/275 146/276
f 149/277 150/278 151/279
f 154/280 153/281 152/282
f 157/283 156/284 155/285
f 158/286 159/287 160/288
o FootShoeLeft
usemtl SFP_R2_Metal
v -31.00000 -52.10000 5.90000
v -31.00000 -33.90000 5.90000
v -31.00000 -33.90000 8.10000
v -31.00000 -52.10000 8.10000
v -30.10000 -53.00000 5.90000
v 22.10000 -53.00000 5.90000
v 22.10000 -53.00000 8.10000
v -30.10000 -53.00000 8.10000
v -30.10000 -52.10000 5.00000
v 22.10000 -52.10000 5.00000
v 22.10000 -33.90000 5.00000
v -30.10000 -33.90000 5.00000
v 23.00000 -52.10000 5.90000
v 23.00000 -33.90000 5.90000
v 23.00000 -33.90000 8.10000
v 23.00000 -52.10000 8.10000
v -30.10000 -33.00000 5.90000
v 22.10000 -33.00000 5.90000
v 22.10000 -33.00000 8.10000
v -30.10000 -33.00000 8.10000
v -30.10000 -52.10000 9.00000
v 22.10000 -52.10000 9.00000
v 22.10000 -33.90000 9.00000
v -30.10000 -33.90000 9.00000
v -31.00000 -52.10000 5.90000
v -30.10000 -53.00000 5.90000
v -30.10000 -53.00000 8.10000
v -31.00000 -52.10000 8.10000
v -31.00000 -33.90000 5.90000
v -30.10000 -33.00000 5.90000
v -30.10000 -33.00000 8.10000
v -31.00000 -33.90000 8.10000
v 23.00000 -52.10000 5.90000
v 22.10000 -53.00000 5.90000
v 22.10000 -53.00000 8.10000
v 23.00000 -52.10000 8.10000
v 23.00000 -33.90000 5.90000
v 22.10000 -33.00000 5.90000
v 22.10000 -33.00000 8.10000
v 23.00000 -33.90000 8.10000
v -31.00000 -52.10000 5.90000
v -30.10000 -52.10000 5.00000
v -30.10000 -33.90000 5.00000
v -31.00000 -33.90000 5.90000
v -31.00000 -52.10000 8.10000
v -30.10000 -52.10000 9.00000
v -30.10000 -33.90000 9.00000
v -31.00000 -33.90000 8.10000
v 23.00000 -52.10000 5.90000
v 22.10000 -52.10000 5.00000
v 22.10000 -33.90000 5.00000
v 23.00000 -33.90000 5.90000
v 23.00000 -52.10000 8.10000
v 22.10000 -52.10000 9.00000
v 22.10000 -33.90000 9.00000
v 23.00000 -33.90000 8.10000
v -30.10000 -53.00000 5.90000
v -30.10000 -52.10000 5.00000
v 22.10000 -52.10000 5.00000
v 22.10000 -53.00000 5.90000
v -30.10000 -53.00000 8.10000
v -30.10000 -52.10000 9.00000
v 22.10000 -52.10000 9.00000
v 22.10000 -53.00000 8.10000
v -30.10000 -33.00000 5.90000
v -30.10000 -33.90000 5.00000
v 22.10000 -33.90000 5.00000
v 22.10000 -33.00000 5.90000
v -30.10000 -33.00000 8.10000
v -30.10000 -33.90000 9.00000
v 22.10000 -33.90000 9.00000
v 22.10000 -33.00000 8.10000
v -31.00000 -52.10000 5.90000
v -30.10000 -53.00000 5.90000
v -30.10000 -52.10000 5.00000
v -31.00000 -52.10000 8.10000
v -30.10000 -53.00000 8.10000
v -30.10000 -52.10000 9.00000
v -31.00000 -33.90000 5.90000
v -30.10000 -33.00000 5.90000
v -30.10000 -33.90000 5.00000
v -31.00000 -33.90000 8.10000
v -30.10000 -33.00000 8.10000
v -30.10000 -33.90000 9.00000
v 23.00000 -52.10000 5.90000
v 22.10000 -53.00000 5.90000
v 22.10000 -52.10000 5.00000
v 23.00000 -52.10000 8.10000
v 22.10000 -53.00000 8.10000
v 22.10000 -52.10000 9.00000
v 23.00000 -33.90000 5.90000
v 22.10000 -33.00000 5.90000
v 22.10000 -33.90000 5.00000
v 23.00000 -33.90000 8.10000
v 22.10000 -33.00000 8.10000
v 22.10000 -33.90000 9.00000
vt 0.000000 1.000000
vt 1.000000 1.000000
vt 1.000000 0.000000
vt 0.000000 0.000000
vt 0.000000 0.000000
vt 1.000000 0.000000
vt 1.000000 1.000000
vt 0.000000 1.000000
vt 0.000000 1.000000
vt 1.000000 1.000000
vt 1.000000 0.000000
vt 0.000000 0.000000
vt 0.000000 0.000000
vt 1.000000 0.000000
vt 1.000000 1.000000
vt 0.000000 1.000000
vt 0.000000 1.000000
vt 1.000000 1.000000
vt 1.000000 0.000000
vt 0.000000 0.000000
vt 0.000000 0.000000
vt 1.000000 0.000000
vt 1.000000 1.000000
vt 0.000000 1.000000
vt 1.000000 0.000000
vt 0.000000 0.000000
vt 0.000000 1.000000
vt 1.000000 1.000000
vt 0.000000 1.000000
vt 1.000000 1.000000
vt 1.000000 0.000000
vt 0.000000 0.000000
vt 1.000000 1.000000
vt 0.000000 1.000000
vt 0.000000 0.000000
vt 1.000000 0.000000
vt 0.000000 0.000000
vt 1.000000 0.000000
vt 1.000000 1.000000
vt 0.000000 1.000000
vt 1.000000 1.000000
vt 1.000000 0.000000
vt 0.000000 0.000000
vt 0.000000 1.000000
vt 0.000000 0.000000
vt 0.000000 1.000000
vt 1.000000 1.000000
vt 1.000000 0.000000
vt 0.000000 1.000000
vt 0.000000 0.000000
vt 1.000000 0.000000
vt 1.000000 1.000000
vt 1.000000 0.000000
vt 1.000000 1.000000
vt 0.000000 1.000000
vt 0.000000 0.000000
vt 0.000000 1.000000
vt 0.000000 0.000000
vt 1.000000 0.000000
vt 1.000000 1.000000
vt 1.000000 0.000000
vt 1.000000 1.000000
vt 0.000000 1.000000
vt 0.000000 0.000000
vt 1.000000 1.000000
vt 1.000000 0.000000
vt 0.000000 0.000000
vt 0.000000 1.000000
vt 0.000000 0.000000
vt 0.000000 1.000000
vt 1.000000 1.000000
vt 1.000000 0.000000
vt 1.000000 0.000000
vt 0.000000 1.000000
vt 1.000000 1.000000
vt 1.000000 0.000000
vt 0.000000 0.000000
vt 1.000000 1.000000
vt 0.000000 1.000000
vt 1.000000 1.000000
vt 0.000000 0.000000
vt 0.000000 1.000000
vt 1.000000 0.000000
vt 0.000000 0.000000
vt 1.000000 1.000000
vt 0.000000 1.000000
vt 1.000000 0.000000
vt 1.000000 1.000000
vt 0.000000 0.000000
vt 1.000000 0.000000
vt 0.000000 0.000000
vt 1.000000 1.000000
vt 0.000000 1.000000
vt 0.000000 0.000000
vt 1.000000 0.000000
vt 0.000000 1.000000
f 164/289 163/290 162/291 161/292
f 165/293 166/294 167/295 168/296
f 172/297 171/298 170/299 169/300
f 173/301 174/302 175/303 176/304
f 180/305 179/306 178/307 177/308
f 181/309 182/310 183/311 184/312
f 185/313 186/314 187/315 188/316
f 192/317 191/318 190/319 189/320
f 196/321 195/322 194/323 193/324
f 197/325 198/326 199/327 200/328
f 204/329 203/330 202/331 201/332
f 205/333 206/334 207/335 208/336
f 209/337 210/338 211/339 212/340
f 216/341 215/342 214/343 213/344
f 217/345 218/346 219/347 220/348
f 224/349 223/350 222/351 221/352
f 228/353 227/354 226/355 225/356
f 229/357 230/358 231/359 232/360
f 235/361 234/362 233/363
f 236/364 237/365 238/366
f 239/367 240/368 241/369
f 244/370 243/371 242/372
f 245/373 246/374 247/375
f 250/376 249/377 248/378
f 253/379 252/380 251/381
f 254/382 255/383 256/384
o RubberFootRight
usemtl SFP_R2_Rubber
v -28.00000 35.44000 1.44000
v -28.00000 50.56000 1.44000
v -28.00000 50.56000 4.96000
v -28.00000 35.44000 4.96000
v -26.56000 34.00000 1.44000
v 18.56000 34.00000 1.44000
v 18.56000 34.00000 4.96000
v -26.56000 34.00000 4.96000
v -26.56000 35.44000 0.00000
v 18.56000 35.44000 0.00000
v 18.56000 50.56000 0.00000
v -26.56000 50.56000 0.00000
v 20.00000 35.44000 1.44000
v 20.00000 50.56000 1.44000
v 20.00000 50.56000 4.96000
v 20.00000 35.44000 4.96000
v -26.56000 52.00000 1.44000
v 18.56000 52.00000 1.44000
v 18.56000 52.00000 4.96000
v -26.56000 52.00000 4.96000
v -26.56000 35.44000 6.40000
v 18.56000 35.44000 6.40000
v 18.56000 50.56000 6.40000
v -26.56000 50.56000 6.40000
v -28.00000 35.44000 1.44000
v -26.56000 34.00000 1.44000
v -26.56000 34.00000 4.96000
v -28.00000 35.44000 4.96000
v -28.00000 50.56000 1.44000
v -26.56000 52.00000 1.44000
v -26.56000 52.00000 4.96000
v -28.00000 50.56000 4.96000
v 20.00000 35.44000 1.44000
v 18.56000 34.00000 1.44000
v 18.56000 34.00000 4.96000
v 20.00000 35.44000 4.96000
v 20.00000 50.56000 1.44000
v 18.56000 52.00000 1.44000
v 18.56000 52.00000 4.96000
v 20.00000 50.56000 4.96000
v -28.00000 35.44000 1.44000
v -26.56000 35.44000 0.00000
v -26.56000 50.56000 0.00000
v -28.00000 50.56000 1.44000
v -28.00000 35.44000 4.96000
v -26.56000 35.44000 6.40000
v -26.56000 50.56000 6.40000
v -28.00000 50.56000 4.96000
v 20.00000 35.44000 1.44000
v 18.56000 35.44000 0.00000
v 18.56000 50.56000 0.00000
v 20.00000 50.56000 1.44000
v 20.00000 35.44000 4.96000
v 18.56000 35.44000 6.40000
v 18.56000 50.56000 6.40000
v 20.00000 50.56000 4.96000
v -26.56000 34.00000 1.44000
v -26.56000 35.44000 0.00000
v 18.56000 35.44000 0.00000
v 18.56000 34.00000 1.44000
v -26.56000 34.00000 4.96000
v -26.56000 35.44000 6.40000
v 18.56000 35.44000 6.40000
v 18.56000 34.00000 4.96000
v -26.56000 52.00000 1.44000
v -26.56000 50.56000 0.00000
v 18.56000 50.56000 0.00000
v 18.56000 52.00000 1.44000
v -26.56000 52.00000 4.96000
v -26.56000 50.56000 6.40000
v 18.56000 50.56000 6.40000
v 18.56000 52.00000 4.96000
v -28.00000 35.44000 1.44000
v -26.56000 34.00000 1.44000
v -26.56000 35.44000 0.00000
v -28.00000 35.44000 4.96000
v -26.56000 34.00000 4.96000
v -26.56000 35.44000 6.40000
v -28.00000 50.56000 1.44000
v -26.56000 52.00000 1.44000
v -26.56000 50.56000 0.00000
v -28.00000 50.56000 4.96000
v -26.56000 52.00000 4.96000
v -26.56000 50.56000 6.40000
v 20.00000 35.44000 1.44000
v 18.56000 34.00000 1.44000
v 18.56000 35.44000 0.00000
v 20.00000 35.44000 4.96000
v 18.56000 34.00000 4.96000
v 18.56000 35.44000 6.40000
v 20.00000 50.56000 1.44000
v 18.56000 52.00000 1.44000
v 18.56000 50.56000 0.00000
v 20.00000 50.56000 4.96000
v 18.56000 52.00000 4.96000
v 18.56000 50.56000 6.40000
vt 0.000000 1.000000
vt 1.000000 1.000000
vt 1.000000 0.000000
vt 0.000000 0.000000
vt 0.000000 0.000000
vt 1.000000 0.000000
vt 1.000000 1.000000
vt 0.000000 1.000000
vt 0.000000 1.000000
vt 1.000000 1.000000
vt 1.000000 0.000000
vt 0.000000 0.000000
vt 0.000000 0.000000
vt 1.000000 0.000000
vt 1.000000 1.000000
vt 0.000000 1.000000
vt 0.000000 1.000000
vt 1.000000 1.000000
vt 1.000000 0.000000
vt 0.000000 0.000000
vt 0.000000 0.000000
vt 1.000000 0.000000
vt 1.000000 1.000000
vt 0.000000 1.000000
vt 0.000000 0.000000
vt 1.000000 0.000000
vt 1.000000 1.000000
vt 0.000000 1.000000
vt 0.000000 1.000000
vt 1.000000 1.000000
vt 1.000000 0.000000
vt 0.000000 0.000000
vt 1.000000 1.000000
vt 0.000000 1.000000
vt 0.000000 0.000000
vt 1.000000 0.000000
vt 1.000000 0.000000
vt 0.000000 0.000000
vt 0.000000 1.000000
vt 1.000000 1.000000
vt 0.000000 1.000000
vt 1.000000 1.000000
vt 1.000000 0.000000
vt 0.000000 0.000000
vt 0.000000 0.000000
vt 1.000000 0.000000
vt 1.000000 1.000000
vt 0.000000 1.000000
vt 1.000000 0.000000
vt 0.000000 0.000000
vt 0.000000 1.000000
vt 1.000000 1.000000
vt 1.000000 1.000000
vt 0.000000 1.000000
vt 0.000000 0.000000
vt 1.000000 0.000000
vt 0.000000 1.000000
vt 0.000000 0.000000
vt 1.000000 0.000000
vt 1.000000 1.000000
vt 1.000000 0.000000
vt 1.000000 1.000000
vt 0.000000 1.000000
vt 0.000000 0.000000
vt 1.000000 1.000000
vt 1.000000 0.000000
vt 0.000000 0.000000
vt 0.000000 1.000000
vt 0.000000 0.000000
vt 0.000000 1.000000
vt 1.000000 1.000000
vt 1.000000 0.000000
vt 1.000000 0.000000
vt 1.000000 1.000000
vt 0.000000 1.000000
vt 0.000000 0.000000
vt 1.000000 0.000000
vt 1.000000 1.000000
vt 0.000000 1.000000
vt 1.000000 1.000000
vt 1.000000 0.000000
vt 1.000000 1.000000
vt 1.000000 0.000000
vt 0.000000 0.000000
vt 1.000000 1.000000
vt 0.000000 1.000000
vt 0.000000 0.000000
vt 0.000000 1.000000
vt 0.000000 0.000000
vt 1.000000 0.000000
vt 0.000000 0.000000
vt 0.000000 1.000000
vt 1.000000 1.000000
vt 1.000000 0.000000
vt 0.000000 0.000000
vt 0.000000 1.000000
f 260/385 259/386 258/387 257/388
f 261/389 262/390 263/391 264/392
f 268/393 267/394 266/395 265/396
f 269/397 270/398 271/399 272/400
f 276/401 275/402 274/403 273/404
f 277/405 278/406 279/407 280/408
f 281/409 282/410 283/411 284/412
f 288/413 287/414 286/415 285/416
f 292/417 291/418 290/419 289/420
f 293/421 294/422 295/423 296/424
f 300/425 299/426 298/427 297/428
f 301/429 302/430 303/431 304/432
f 305/433 306/434 307/435 308/436
f 312/437 311/438 310/439 309/440
f 313/441 314/442 315/443 316/444
f 320/445 319/446 318/447 317/448
f 324/449 323/450 322/451 321/452
f 325/453 326/454 327/455 328/456
f 331/457 330/458 329/459
f 332/460 333/461 334/462
f 335/463 336/464 337/465
f 340/466 339/467 338/468
f 341/469 342/470 343/471
f 346/472 345/473 344/474
f 349/475 348/476 347/477
f 350/478 351/479 352/480
o FootShoeRight
usemtl SFP_R2_Metal
v -31.00000 33.90000 5.90000
v -31.00000 52.10000 5.90000
v -31.00000 52.10000 8.10000
v -31.00000 33.90000 8.10000
v -30.10000 33.00000 5.90000
v 22.10000 33.00000 5.90000
v 22.10000 33.00000 8.10000
v -30.10000 33.00000 8.10000
v -30.10000 33.90000 5.00000
v 22.10000 33.90000 5.00000
v 22.10000 52.10000 5.00000
v -30.10000 52.10000 5.00000
v 23.00000 33.90000 5.90000
v 23.00000 52.10000 5.90000
v 23.00000 52.10000 8.10000
v 23.00000 33.90000 8.10000
v -30.10000 53.00000 5.90000
v 22.10000 53.00000 5.90000
v 22.10000 53.00000 8.10000
v -30.10000 53.00000 8.10000
v -30.10000 33.90000 9.00000
v 22.10000 33.90000 9.00000
v 22.10000 52.10000 9.00000
v -30.10000 52.10000 9.00000
v -31.00000 33.90000 5.90000
v -30.10000 33.00000 5.90000
v -30.10000 33.00000 8.10000
v -31.00000 33.90000 8.10000
v -31.00000 52.10000 5.90000
v -30.10000 53.00000 5.90000
v -30.10000 53.00000 8.10000
v -31.00000 52.10000 8.10000
v 23.00000 33.90000 5.90000
v 22.10000 33.00000 5.90000
v 22.10000 33.00000 8.10000
v 23.00000 33.90000 8.10000
v 23.00000 52.10000 5.90000
v 22.10000 53.00000 5.90000
v 22.10000 53.00000 8.10000
v 23.00000 52.10000 8.10000
v -31.00000 33.90000 5.90000
v -30.10000 33.90000 5.00000
v -30.10000 52.10000 5.00000
v -31.00000 52.10000 5.90000
v -31.00000 33.90000 8.10000
v -30.10000 33.90000 9.00000
v -30.10000 52.10000 9.00000
v -31.00000 52.10000 8.10000
v 23.00000 33.90000 5.90000
v 22.10000 33.90000 5.00000
v 22.10000 52.10000 5.00000
v 23.00000 52.10000 5.90000
v 23.00000 33.90000 8.10000
v 22.10000 33.90000 9.00000
v 22.10000 52.10000 9.00000
v 23.00000 52.10000 8.10000
v -30.10000 33.00000 5.90000
v -30.10000 33.90000 5.00000
v 22.10000 33.90000 5.00000
v 22.10000 33.00000 5.90000
v -30.10000 33.00000 8.10000
v -30.10000 33.90000 9.00000
v 22.10000 33.90000 9.00000
v 22.10000 33.00000 8.10000
v -30.10000 53.00000 5.90000
v -30.10000 52.10000 5.00000
v 22.10000 52.10000 5.00000
v 22.10000 53.00000 5.90000
v -30.10000 53.00000 8.10000
v -30.10000 52.10000 9.00000
v 22.10000 52.10000 9.00000
v 22.10000 53.00000 8.10000
v -31.00000 33.90000 5.90000
v -30.10000 33.00000 5.90000
v -30.10000 33.90000 5.00000
v -31.00000 33.90000 8.10000
v -30.10000 33.00000 8.10000
v -30.10000 33.90000 9.00000
v -31.00000 52.10000 5.90000
v -30.10000 53.00000 5.90000
v -30.10000 52.10000 5.00000
v -31.00000 52.10000 8.10000
v -30.10000 53.00000 8.10000
v -30.10000 52.10000 9.00000
v 23.00000 33.90000 5.90000
v 22.10000 33.00000 5.90000
v 22.10000 33.90000 5.00000
v 23.00000 33.90000 8.10000
v 22.10000 33.00000 8.10000
v 22.10000 33.90000 9.00000
v 23.00000 52.10000 5.90000
v 22.10000 53.00000 5.90000
v 22.10000 52.10000 5.00000
v 23.00000 52.10000 8.10000
v 22.10000 53.00000 8.10000
v 22.10000 52.10000 9.00000
vt 0.000000 1.000000
vt 1.000000 1.000000
vt 1.000000 0.000000
vt 0.000000 0.000000
vt 0.000000 0.000000
vt 1.000000 0.000000
vt 1.000000 1.000000
vt 0.000000 1.000000
vt 0.000000 1.000000
vt 1.000000 1.000000
vt 1.000000 0.000000
vt 0.000000 0.000000
vt 0.000000 0.000000
vt 1.000000 0.000000
vt 1.000000 1.000000
vt 0.000000 1.000000
vt 0.000000 1.000000
vt 1.000000 1.000000
vt 1.000000 0.000000
vt 0.000000 0.000000
vt 0.000000 0.000000
vt 1.000000 0.000000
vt 1.000000 1.000000
vt 0.000000 1.000000
vt 1.000000 0.000000
vt 0.000000 0.000000
vt 0.000000 1.000000
vt 1.000000 1.000000
vt 0.000000 1.000000
vt 1.000000 1.000000
vt 1.000000 0.000000
vt 0.000000 0.000000
vt 1.000000 1.000000
vt 0.000000 1.000000
vt 0.000000 0.000000
vt 1.000000 0.000000
vt 0.000000 0.000000
vt 1.000000 0.000000
vt 1.000000 1.000000
vt 0.000000 1.000000
vt 1.000000 1.000000
vt 1.000000 0.000000
vt 0.000000 0.000000
vt 0.000000 1.000000
vt 0.000000 0.000000
vt 0.000000 1.000000
vt 1.000000 1.000000
vt 1.000000 0.000000
vt 0.000000 1.000000
vt 0.000000 0.000000
vt 1.000000 0.000000
vt 1.000000 1.000000
vt 1.000000 0.000000
vt 1.000000 1.000000
vt 0.000000 1.000000
vt 0.000000 0.000000
vt 0.000000 1.000000
vt 0.000000 0.000000
vt 1.000000 0.000000
vt 1.000000 1.000000
vt 1.000000 0.000000
vt 1.000000 1.000000
vt 0.000000 1.000000
vt 0.000000 0.000000
vt 1.000000 1.000000
vt 1.000000 0.000000
vt 0.000000 0.000000
vt 0.000000 1.000000
vt 0.000000 0.000000
vt 0.000000 1.000000
vt 1.000000 1.000000
vt 1.000000 0.000000
vt 1.000000 0.000000
vt 0.000000 1.000000
vt 1.000000 1.000000
vt 1.000000 0.000000
vt 0.000000 0.000000
vt 1.000000 1.000000
vt 0.000000 1.000000
vt 1.000000 1.000000
vt 0.000000 0.000000
vt 0.000000 1.000000
vt 1.000000 0.000000
vt 0.000000 0.000000
vt 1.000000 1.000000
vt 0.000000 1.000000
vt 1.000000 0.000000
vt 1.000000 1.000000
vt 0.000000 0.000000
vt 1.000000 0.000000
vt 0.000000 0.000000
vt 1.000000 1.000000
vt 0.000000 1.000000
vt 0.000000 0.000000
vt 1.000000 0.000000
vt 0.000000 1.000000
f 356/481 355/482 354/483 353/484
f 357/485 358/486 359/487 360/488
f 364/489 363/490 362/491 361/492
f 365/493 366/494 367/495 368/496
f 372/497 371/498 370/499 369/500
f 373/501 374/502 375/503 376/504
f 377/505 378/506 379/507 380/508
f 384/509 383/510 382/511 381/512
f 388/513 387/514 386/515 385/516
f 389/517 390/518 391/519 392/520
f 396/521 395/522 394/523 393/524
f 397/525 398/526 399/527 400/528
f 401/529 402/530 403/531 404/532
f 408/533 407/534 406/535 405/536
f 409/537 410/538 411/539 412/540
f 416/541 415/542 414/543 413/544
f 420/545 419/546 418/547 417/548
f 421/549 422/550 423/551 424/552
f 427/553 426/554 425/555
f 428/556 429/557 430/558
f 431/559 432/560 433/561
f 436/562 435/563 434/564
f 437/565 438/566 439/567
f 442/568 441/569 440/570
f 445/571 444/572 443/573
f 446/574 447/575 448/576
o BaseChassis
usemtl SFP_R2_Trim
v -35.00000 -51.50000 8.50000
v -35.00000 51.50000 8.50000
v -35.00000 51.50000 21.50000
v -35.00000 -51.50000 21.50000
v -30.50000 -56.00000 8.50000
v 30.50000 -56.00000 8.50000
v 30.50000 -56.00000 21.50000
v -30.50000 -56.00000 21.50000
v -30.50000 -51.50000 4.00000
v 30.50000 -51.50000 4.00000
v 30.50000 51.50000 4.00000
v -30.50000 51.50000 4.00000
v 35.00000 -51.50000 8.50000
v 35.00000 51.50000 8.50000
v 35.00000 51.50000 21.50000
v 35.00000 -51.50000 21.50000
v -30.50000 56.00000 8.50000
v 30.50000 56.00000 8.50000
v 30.50000 56.00000 21.50000
v -30.50000 56.00000 21.50000
v -30.50000 -51.50000 26.00000
v 30.50000 -51.50000 26.00000
v 30.50000 51.50000 26.00000
v -30.50000 51.50000 26.00000
v -35.00000 -51.50000 8.50000
v -30.50000 -56.00000 8.50000
v -30.50000 -56.00000 21.50000
v -35.00000 -51.50000 21.50000
v -35.00000 51.50000 8.50000
v -30.50000 56.00000 8.50000
v -30.50000 56.00000 21.50000
v -35.00000 51.50000 21.50000
v 35.00000 -51.50000 8.50000
v 30.50000 -56.00000 8.50000
v 30.50000 -56.00000 21.50000
v 35.00000 -51.50000 21.50000
v 35.00000 51.50000 8.50000
v 30.50000 56.00000 8.50000
v 30.50000 56.00000 21.50000
v 35.00000 51.50000 21.50000
v -35.00000 -51.50000 8.50000
v -30.50000 -51.50000 4.00000
v -30.50000 51.50000 4.00000
v -35.00000 51.50000 8.50000
v -35.00000 -51.50000 21.50000
v -30.50000 -51.50000 26.00000
v -30.50000 51.50000 26.00000
v -35.00000 51.50000 21.50000
v 35.00000 -51.50000 8.50000
v 30.50000 -51.50000 4.00000
v 30.50000 51.50000 4.00000
v 35.00000 51.50000 8.50000
v 35.00000 -51.50000 21.50000
v 30.50000 -51.50000 26.00000
v 30.50000 51.50000 26.00000
v 35.00000 51.50000 21.50000
v -30.50000 -56.00000 8.50000
v -30.50000 -51.50000 4.00000
v 30.50000 -51.50000 4.00000
v 30.50000 -56.00000 8.50000
v -30.50000 -56.00000 21.50000
v -30.50000 -51.50000 26.00000
v 30.50000 -51.50000 26.00000
v 30.50000 -56.00000 21.50000
v -30.50000 56.00000 8.50000
v -30.50000 51.50000 4.00000
v 30.50000 51.50000 4.00000
v 30.50000 56.00000 8.50000
v -30.50000 56.00000 21.50000
v -30.50000 51.50000 26.00000
v 30.50000 51.50000 26.00000
v 30.50000 56.00000 21.50000
v -35.00000 -51.50000 8.50000
v -30.50000 -56.00000 8.50000
v -30.50000 -51.50000 4.00000
v -35.00000 -51.50000 21.50000
v -30.50000 -56.00000 21.50000
v -30.50000 -51.50000 26.00000
v -35.00000 51.50000 8.50000
v -30.50000 56.00000 8.50000
v -30.50000 51.50000 4.00000
v -35.00000 51.50000 21.50000
v -30.50000 56.00000 21.50000
v -30.50000 51.50000 26.00000
v 35.00000 -51.50000 8.50000
v 30.50000 -56.00000 8.50000
v 30.50000 -51.50000 4.00000
v 35.00000 -51.50000 21.50000
v 30.50000 -56.00000 21.50000
v 30.50000 -51.50000 26.00000
v 35.00000 51.50000 8.50000
v 30.50000 56.00000 8.50000
v 30.50000 51.50000 4.00000
v 35.00000 51.50000 21.50000
v 30.50000 56.00000 21.50000
v 30.50000 51.50000 26.00000
vt 0.000000 1.000000
vt 1.000000 1.000000
vt 1.000000 0.000000
vt 0.000000 0.000000
vt 0.000000 0.000000
vt 1.000000 0.000000
vt 1.000000 1.000000
vt 0.000000 1.000000
vt 0.000000 1.000000
vt 1.000000 1.000000
vt 1.000000 0.000000
vt 0.000000 0.000000
vt 0.000000 0.000000
vt 1.000000 0.000000
vt 1.000000 1.000000
vt 0.000000 1.000000
vt 0.000000 1.000000
vt 1.000000 1.000000
vt 1.000000 0.000000
vt 0.000000 0.000000
vt 0.000000 0.000000
vt 1.000000 0.000000
vt 1.000000 1.000000
vt 0.000000 1.000000
vt 1.000000 0.000000
vt 0.000000 0.000000
vt 0.000000 1.000000
vt 1.000000 1.000000
vt 0.000000 1.000000
vt 1.000000 1.000000
vt 1.000000 0.000000
vt 0.000000 0.000000
vt 1.000000 1.000000
vt 0.000000 1.000000
vt 0.000000 0.000000
vt 1.000000 0.000000
vt 0.000000 0.000000
vt 1.000000 0.000000
vt 1.000000 1.000000
vt 0.000000 1.000000
vt 1.000000 1.000000
vt 1.000000 0.000000
vt 0.000000 0.000000
vt 0.000000 1.000000
vt 0.000000 0.000000
vt 0.000000 1.000000
vt 1.000000 1.000000
vt 1.000000 0.000000
vt 0.000000 1.000000
vt 0.000000 0.000000
vt 1.000000 0.000000
vt 1.000000 1.000000
vt 1.000000 0.000000
vt 1.000000 1.000000
vt 0.000000 1.000000
vt 0.000000 0.000000
vt 0.000000 1.000000
vt 0.000000 0.000000
vt 1.000000 0.000000
vt 1.000000 1.000000
vt 1.000000 0.000000
vt 1.000000 1.000000
vt 0.000000 1.000000
vt 0.000000 0.000000
vt 1.000000 1.000000
vt 1.000000 0.000000
vt 0.000000 0.000000
vt 0.000000 1.000000
vt 0.000000 0.000000
vt 0.000000 1.000000
vt 1.000000 1.000000
vt 1.000000 0.000000
vt 1.000000 0.000000
vt 0.000000 1.000000
vt 1.000000 1.000000
vt 1.000000 0.000000
vt 0.000000 0.000000
vt 1.000000 1.000000
vt 0.000000 1.000000
vt 1.000000 1.000000
vt 0.000000 0.000000
vt 0.000000 1.000000
vt 1.000000 0.000000
vt 0.000000 0.000000
vt 1.000000 1.000000
vt 0.000000 1.000000
vt 1.000000 0.000000
vt 1.000000 1.000000
vt 0.000000 0.000000
vt 1.000000 0.000000
vt 0.000000 0.000000
vt 1.000000 1.000000
vt 0.000000 1.000000
vt 0.000000 0.000000
vt 1.000000 0.000000
vt 0.000000 1.000000
f 452/577 451/578 450/579 449/580
f 453/581 454/582 455/583 456/584
f 460/585 459/586 458/587 457/588
f 461/589 462/590 463/591 464/592
f 468/593 467/594 466/595 465/596
f 469/597 470/598 471/599 472/600
f 473/601 474/602 475/603 476/604
f 480/605 479/606 478/607 477/608
f 484/609 483/610 482/611 481/612
f 485/613 486/614 487/615 488/616
f 492/617 491/618 490/619 489/620
f 493/621 494/622 495/623 496/624
f 497/625 498/626 499/627 500/628
f 504/629 503/630 502/631 501/632
f 505/633 506/634 507/635 508/636
f 512/637 511/638 510/639 509/640
f 516/641 515/642 514/643 513/644
f 517/645 518/646 519/647 520/648
f 523/649 522/650 521/651
f 524/652 525/653 526/654
f 527/655 528/656 529/657
f 532/658 531/659 530/660
f 533/661 534/662 535/663
f 538/664 537/665 536/666
f 541/667 540/668 539/669
f 542/670 543/671 544/672
o BaseArmorPlate
usemtl SFP_R2_Metal
v -32.50000 -49.42500 23.07500
v -32.50000 49.42500 23.07500
v -32.50000 49.42500 26.92500
v -32.50000 -49.42500 26.92500
v -30.92500 -51.00000 23.07500
v 26.92500 -51.00000 23.07500
v 26.92500 -51.00000 26.92500
v -30.92500 -51.00000 26.92500
v -30.92500 -49.42500 21.50000
v 26.92500 -49.42500 21.50000
v 26.92500 49.42500 21.50000
v -30.92500 49.42500 21.50000
v 28.50000 -49.42500 23.07500
v 28.50000 49.42500 23.07500
v 28.50000 49.42500 26.92500
v 28.50000 -49.42500 26.92500
v -30.92500 51.00000 23.07500
v 26.92500 51.00000 23.07500
v 26.92500 51.00000 26.92500
v -30.92500 51.00000 26.92500
v -30.92500 -49.42500 28.50000
v 26.92500 -49.42500 28.50000
v 26.92500 49.42500 28.50000
v -30.92500 49.42500 28.50000
v -32.50000 -49.42500 23.07500
v -30.92500 -51.00000 23.07500
v -30.92500 -51.00000 26.92500
v -32.50000 -49.42500 26.92500
v -32.50000 49.42500 23.07500
v -30.92500 51.00000 23.07500
v -30.92500 51.00000 26.92500
v -32.50000 49.42500 26.92500
v 28.50000 -49.42500 23.07500
v 26.92500 -51.00000 23.07500
v 26.92500 -51.00000 26.92500
v 28.50000 -49.42500 26.92500
v 28.50000 49.42500 23.07500
v 26.92500 51.00000 23.07500
v 26.92500 51.00000 26.92500
v 28.50000 49.42500 26.92500
v -32.50000 -49.42500 23.07500
v -30.92500 -49.42500 21.50000
v -30.92500 49.42500 21.50000
v -32.50000 49.42500 23.07500
v -32.50000 -49.42500 26.92500
v -30.92500 -49.42500 28.50000
v -30.92500 49.42500 28.50000
v -32.50000 49.42500 26.92500
v 28.50000 -49.42500 23.07500
v 26.92500 -49.42500 21.50000
v 26.92500 49.42500 21.50000
v 28.50000 49.42500 23.07500
v 28.50000 -49.42500 26.92500
v 26.92500 -49.42500 28.50000
v 26.92500 49.42500 28.50000
v 28.50000 49.42500 26.92500
v -30.92500 -51.00000 23.07500
v -30.92500 -49.42500 21.50000
v 26.92500 -49.42500 21.50000
v 26.92500 -51.00000 23.07500
v -30.92500 -51.00000 26.92500
v -30.92500 -49.42500 28.50000
v 26.92500 -49.42500 28.50000
v 26.92500 -51.00000 26.92500
v -30.92500 51.00000 23.07500
v -30.92500 49.42500 21.50000
v 26.92500 49.42500 21.50000
v 26.92500 51.00000 23.07500
v -30.92500 51.00000 26.92500
v -30.92500 49.42500 28.50000
v 26.92500 49.42500 28.50000
v 26.92500 51.00000 26.92500
v -32.50000 -49.42500 23.07500
v -30.92500 -51.00000 23.07500
v -30.92500 -49.42500 21.50000
v -32.50000 -49.42500 26.92500
v -30.92500 -51.00000 26.92500
v -30.92500 -49.42500 28.50000
v -32.50000 49.42500 23.07500
v -30.92500 51.00000 23.07500
v -30.92500 49.42500 21.50000
v -32.50000 49.42500 26.92500
v -30.92500 51.00000 26.92500
v -30.92500 49.42500 28.50000
v 28.50000 -49.42500 23.07500
v 26.92500 -51.00000 23.07500
v 26.92500 -49.42500 21.50000
v 28.50000 -49.42500 26.92500
v 26.92500 -51.00000 26.92500
v 26.92500 -49.42500 28.50000
v 28.50000 49.42500 23.07500
v 26.92500 51.00000 23.07500
v 26.92500 49.42500 21.50000
v 28.50000 49.42500 26.92500
v 26.92500 51.00000 26.92500
v 26.92500 49.42500 28.50000
vt 0.000000 1.000000
vt 1.000000 1.000000
vt 1.000000 0.000000
vt 0.000000 0.000000
vt 0.000000 0.000000
vt 1.000000 0.000000
vt 1.000000 1.000000
vt 0.000000 1.000000
vt 0.000000 1.000000
vt 1.000000 1.000000
vt 1.000000 0.000000
vt 0.000000 0.000000
vt 0.000000 0.000000
vt 1.000000 0.000000
vt 1.000000 1.000000
vt 0.000000 1.000000
vt 0.000000 1.000000
vt 1.000000 1.000000
vt 1.000000 0.000000
vt 0.000000 0.000000
vt 0.000000 0.000000
vt 1.000000 0.000000
vt 1.000000 1.000000
vt 0.000000 1.000000
vt 1.000000 0.000000
vt 0.000000 0.000000
vt 0.000000 1.000000
vt 1.000000 1.000000
vt 0.000000 1.000000
vt 1.000000 1.000000
vt 1.000000 0.000000
vt 0.000000 0.000000
vt 1.000000 1.000000
vt 0.000000 1.000000
vt 0.000000 0.000000
vt 1.000000 0.000000
vt 0.000000 0.000000
vt 1.000000 0.000000
vt 1.000000 1.000000
vt 0.000000 1.000000
vt 1.000000 1.000000
vt 1.000000 0.000000
vt 0.000000 0.000000
vt 0.000000 1.000000
vt 0.000000 0.000000
vt 0.000000 1.000000
vt 1.000000 1.000000
vt 1.000000 0.000000
vt 0.000000 1.000000
vt 0.000000 0.000000
vt 1.000000 0.000000
vt 1.000000 1.000000
vt 1.000000 0.000000
vt 1.000000 1.000000
vt 0.000000 1.000000
vt 0.000000 0.000000
vt 0.000000 0.000000
vt 0.000000 1.000000
vt 1.000000 1.000000
vt 1.000000 0.000000
vt 1.000000 0.000000
vt 1.000000 1.000000
vt 0.000000 1.000000
vt 0.000000 0.000000
vt 1.000000 1.000000
vt 1.000000 0.000000
vt 0.000000 0.000000
vt 0.000000 1.000000
vt 0.000000 1.000000
vt 0.000000 0.000000
vt 1.000000 0.000000
vt 1.000000 1.000000
vt 1.000000 0.000000
vt 0.000000 1.000000
vt 1.000000 1.000000
vt 1.000000 0.000000
vt 0.000000 0.000000
vt 1.000000 1.000000
vt 0.000000 1.000000
vt 1.000000 1.000000
vt 0.000000 0.000000
vt 0.000000 1.000000
vt 1.000000 0.000000
vt 0.000000 0.000000
vt 1.000000 1.000000
vt 0.000000 1.000000
vt 1.000000 0.000000
vt 1.000000 1.000000
vt 0.000000 0.000000
vt 1.000000 0.000000
vt 0.000000 0.000000
vt 1.000000 1.000000
vt 0.000000 1.000000
vt 0.000000 0.000000
vt 1.000000 0.000000
vt 0.000000 1.000000
f 548/673 547/674 546/675 545/676
f 549/677 550/678 551/679 552/680
f 556/681 555/682 554/683 553/684
f 557/685 558/686 559/687 560/688
f 564/689 563/690 562/691 561/692
f 565/693 566/694 567/695 568/696
f 569/697 570/698 571/699 572/700
f 576/701 575/702 574/703 573/704
f 580/705 579/706 578/707 577/708
f 581/709 582/710 583/711 584/712
f 588/713 587/714 586/715 585/716
f 589/717 590/718 591/719 592/720
f 593/721 594/722 595/723 596/724
f 600/725 599/726 598/727 597/728
f 601/729 602/730 603/731 604/732
f 608/733 607/734 606/735 605/736
f 612/737 611/738 610/739 609/740
f 613/741 614/742 615/743 616/744
f 619/745 618/746 617/747
f 620/748 621/749 622/750
f 623/751 624/752 625/753
f 628/754 627/755 626/756
f 629/757 630/758 631/759
f 634/760 633/761 632/762
f 637/763 636/764 635/765
f 638/766 639/767 640/768
o BaseFrontFascia
usemtl SFP_R2_Body
v 33.70000 -38.32500 10.67500
v 33.70000 38.32500 10.67500
v 33.70000 38.32500 20.32500
v 33.70000 -38.32500 20.32500
v 34.37500 -39.00000 10.67500
v 36.02500 -39.00000 10.67500
v 36.02500 -39.00000 20.32500
v 34.37500 -39.00000 20.32500
v 34.37500 -38.32500 10.00000
v 36.02500 -38.32500 10.00000
v 36.02500 38.32500 10.00000
v 34.37500 38.32500 10.00000
v 36.70000 -38.32500 10.67500
v 36.70000 38.32500 10.67500
v 36.70000 38.32500 20.32500
v 36.70000 -38.32500 20.32500
v 34.37500 39.00000 10.67500
v 36.02500 39.00000 10.67500
v 36.02500 39.00000 20.32500
v 34.37500 39.00000 20.32500
v 34.37500 -38.32500 21.00000
v 36.02500 -38.32500 21.00000
v 36.02500 38.32500 21.00000
v 34.37500 38.32500 21.00000
v 33.70000 -38.32500 10.67500
v 34.37500 -39.00000 10.67500
v 34.37500 -39.00000 20.32500
v 33.70000 -38.32500 20.32500
v 33.70000 38.32500 10.67500
v 34.37500 39.00000 10.67500
v 34.37500 39.00000 20.32500
v 33.70000 38.32500 20.32500
v 36.70000 -38.32500 10.67500
v 36.02500 -39.00000 10.67500
v 36.02500 -39.00000 20.32500
v 36.70000 -38.32500 20.32500
v 36.70000 38.32500 10.67500
v 36.02500 39.00000 10.67500
v 36.02500 39.00000 20.32500
v 36.70000 38.32500 20.32500
v 33.70000 -38.32500 10.67500
v 34.37500 -38.32500 10.00000
v 34.37500 38.32500 10.00000
v 33.70000 38.32500 10.67500
v 33.70000 -38.32500 20.32500
v 34.37500 -38.32500 21.00000
v 34.37500 38.32500 21.00000
v 33.70000 38.32500 20.32500
v 36.70000 -38.32500 10.67500
v 36.02500 -38.32500 10.00000
v 36.02500 38.32500 10.00000
v 36.70000 38.32500 10.67500
v 36.70000 -38.32500 20.32500
v 36.02500 -38.32500 21.00000
v 36.02500 38.32500 21.00000
v 36.70000 38.32500 20.32500
v 34.37500 -39.00000 10.67500
v 34.37500 -38.32500 10.00000
v 36.02500 -38.32500 10.00000
v 36.02500 -39.00000 10.67500
v 34.37500 -39.00000 20.32500
v 34.37500 -38.32500 21.00000
v 36.02500 -38.32500 21.00000
v 36.02500 -39.00000 20.32500
v 34.37500 39.00000 10.67500
v 34.37500 38.32500 10.00000
v 36.02500 38.32500 10.00000
v 36.02500 39.00000 10.67500
v 34.37500 39.00000 20.32500
v 34.37500 38.32500 21.00000
v 36.02500 38.32500 21.00000
v 36.02500 39.00000 20.32500
v 33.70000 -38.32500 10.67500
v 34.37500 -39.00000 10.67500
v 34.37500 -38.32500 10.00000
v 33.70000 -38.32500 20.32500
v 34.37500 -39.00000 20.32500
v 34.37500 -38.32500 21.00000
v 33.70000 38.32500 10.67500
v 34.37500 39.00000 10.67500
v 34.37500 38.32500 10.00000
v 33.70000 38.32500 20.32500
v 34.37500 39.00000 20.32500
v 34.37500 38.32500 21.00000
v 36.70000 -38.32500 10.67500
v 36.02500 -39.00000 10.67500
v 36.02500 -38.32500 10.00000
v 36.70000 -38.32500 20.32500
v 36.02500 -39.00000 20.32500
v 36.02500 -38.32500 21.00000
v 36.70000 38.32500 10.67500
v 36.02500 39.00000 10.67500
v 36.02500 38.32500 10.00000
v 36.70000 38.32500 20.32500
v 36.02500 39.00000 20.32500
v 36.02500 38.32500 21.00000
vt 0.000000 1.000000
vt 1.000000 1.000000
vt 1.000000 0.000000
vt 0.000000 0.000000
vt 0.000000 0.000000
vt 1.000000 0.000000
vt 1.000000 1.000000
vt 0.000000 1.000000
vt 0.000000 1.000000
vt 1.000000 1.000000
vt 1.000000 0.000000
vt 0.000000 0.000000
vt 0.000000 0.000000
vt 1.000000 0.000000
vt 1.000000 1.000000
vt 0.000000 1.000000
vt 0.000000 1.000000
vt 1.000000 1.000000
vt 1.000000 0.000000
vt 0.000000 0.000000
vt 0.000000 0.000000
vt 1.000000 0.000000
vt 1.000000 1.000000
vt 0.000000 1.000000
vt 1.000000 0.000000
vt 0.000000 0.000000
vt 0.000000 1.000000
vt 1.000000 1.000000
vt 0.000000 1.000000
vt 1.000000 1.000000
vt 1.000000 0.000000
vt 0.000000 0.000000
vt 1.000000 1.000000
vt 0.000000 1.000000
vt 0.000000 0.000000
vt 1.000000 0.000000
vt 0.000000 0.000000
vt 1.000000 0.000000
vt 1.000000 1.000000
vt 0.000000 1.000000
vt 1.000000 1.000000
vt 1.000000 0.000000
vt 0.000000 0.000000
vt 0.000000 1.000000
vt 0.000000 0.000000
vt 0.000000 1.000000
vt 1.000000 1.000000
vt 1.000000 0.000000
vt 0.000000 1.000000
vt 0.000000 0.000000
vt 1.000000 0.000000
vt 1.000000 1.000000
vt 1.000000 0.000000
vt 1.000000 1.000000
vt 0.000000 1.000000
vt 0.000000 0.000000
vt 0.000000 1.000000
vt 0.000000 0.000000
vt 1.000000 0.000000
vt 1.000000 1.000000
vt 1.000000 0.000000
vt 1.000000 1.000000
vt 0.000000 1.000000
vt 0.000000 0.000000
vt 1.000000 1.000000
vt 1.000000 0.000000
vt 0.000000 0.000000
vt 0.000000 1.000000
vt 0.000000 0.000000
vt 0.000000 1.000000
vt 1.000000 1.000000
vt 1.000000 0.000000
vt 1.000000 0.000000
vt 0.000000 1.000000
vt 1.000000 1.000000
vt 1.000000 0.000000
vt 0.000000 0.000000
vt 1.000000 1.000000
vt 0.000000 1.000000
vt 1.000000 1.000000
vt 0.000000 0.000000
vt 0.000000 1.000000
vt 1.000000 0.000000
vt 0.000000 0.000000
vt 1.000000 1.000000
vt 0.000000 1.000000
vt 1.000000 0.000000
vt 1.000000 1.000000
vt 0.000000 0.000000
vt 1.000000 0.000000
vt 0.000000 0.000000
vt 1.000000 1.000000
vt 0.000000 1.000000
vt 0.000000 0.000000
vt 1.000000 0.000000
vt 0.000000 1.000000
f 644/769 643/770 642/771 641/772
f 645/773 646/774 647/775 648/776
f 652/777 651/778 650/779 649/780
f 653/781 654/782 655/783 656/784
f 660/785 659/786 658/787 657/788
f 661/789 662/790 663/791 664/792
f 665/793 666/794 667/795 668/796
f 672/797 671/798 670/799 669/800
f 676/801 675/802 674/803 673/804
f 677/805 678/806 679/807 680/808
f 684/809 683/810 682/811 681/812
f 685/813 686/814 687/815 688/816
f 689/817 690/818 691/819 692/820
f 696/821 695/822 694/823 693/824
f 697/825 698/826 699/827 700/828
f 704/829 703/830 702/831 701/832
f 708/833 707/834 706/835 705/836
f 709/837 710/838 711/839 712/840
f 715/841 714/842 713/843
f 716/844 717/845 718/846
f 719/847 720/848 721/849
f 724/850 723/851 722/852
f 725/853 726/854 727/855
f 730/856 729/857 728/858
f 733/859 732/860 731/861
f 734/862 735/863 736/864
o BaseHazardMark1
usemtl SFP_R2_Accent
v 36.05000 -31.64848 13.41713
v 36.05000 -25.63305 15.37166
v 36.05000 -26.35152 17.58287
v 36.05000 -32.36695 15.62834
v 36.38750 -31.96947 13.31284
v 37.21250 -31.96947 13.31284
v 37.21250 -32.68793 15.52404
v 36.38750 -32.68793 15.52404
v 36.38750 -31.54419 13.09615
v 37.21250 -31.54419 13.09615
v 37.21250 -25.52876 15.05068
v 36.38750 -25.52876 15.05068
v 37.55000 -31.64848 13.41713
v 37.55000 -25.63305 15.37166
v 37.55000 -26.35152 17.58287
v 37.55000 -32.36695 15.62834
v 36.38750 -25.31207 15.47596
v 37.21250 -25.31207 15.47596
v 37.21250 -26.03053 17.68716
v 36.38750 -26.03053 17.68716
v 36.38750 -32.47124 15.94932
v 37.21250 -32.47124 15.94932
v 37.21250 -26.45581 17.90385
v 36.38750 -26.45581 17.90385
v 36.05000 -31.64848 13.41713
v 36.38750 -31.96947 13.31284
v 36.38750 -32.68793 15.52404
v 36.05000 -32.36695 15.62834
v 36.05000 -25.63305 15.37166
v 36.38750 -25.31207 15.47596
v 36.38750 -26.03053 17.68716
v 36.05000 -26.35152 17.58287
v 37.55000 -31.64848 13.41713
v 37.21250 -31.96947 13.31284
v 37.21250 -32.68793 15.52404
v 37.55000 -32.36695 15.62834
v 37.55000 -25.63305 15.37166
v 37.21250 -25.31207 15.47596
v 37.21250 -26.03053 17.68716
v 37.55000 -26.35152 17.58287
v 36.05000 -31.64848 13.41713
v 36.38750 -31.54419 13.09615
v 36.38750 -25.52876 15.05068
v 36.05000 -25.63305 15.37166
v 36.05000 -32.36695 15.62834
v 36.38750 -32.47124 15.94932
v 36.38750 -26.45581 17.90385
v 36.05000 -26.35152 17.58287
v 37.55000 -31.64848 13.41713
v 37.21250 -31.54419 13.09615
v 37.21250 -25.52876 15.05068
v 37.55000 -25.63305 15.37166
v 37.55000 -32.36695 15.62834
v 37.21250 -32.47124 15.94932
v 37.21250 -26.45581 17.90385
v 37.55000 -26.35152 17.58287
v 36.38750 -31.96947 13.31284
v 36.38750 -31.54419 13.09615
v 37.21250 -31.54419 13.09615
v 37.21250 -31.96947 13.31284
v 36.38750 -32.68793 15.52404
v 36.38750 -32.47124 15.94932
v 37.21250 -32.47124 15.94932
v 37.21250 -32.68793 15.52404
v 36.38750 -25.31207 15.47596
v 36.38750 -25.52876 15.05068
v 37.21250 -25.52876 15.05068
v 37.21250 -25.31207 15.47596
v 36.38750 -26.03053 17.68716
v 36.38750 -26.45581 17.90385
v 37.21250 -26.45581 17.90385
v 37.21250 -26.03053 17.68716
v 36.05000 -31.64848 13.41713
v 36.38750 -31.96947 13.31284
v 36.38750 -31.54419 13.09615
v 36.05000 -32.36695 15.62834
v 36.38750 -32.68793 15.52404
v 36.38750 -32.47124 15.94932
v 36.05000 -25.63305 15.37166
v 36.38750 -25.31207 15.47596
v 36.38750 -25.52876 15.05068
v 36.05000 -26.35152 17.58287
v 36.38750 -26.03053 17.68716
v 36.38750 -26.45581 17.90385
v 37.55000 -31.64848 13.41713
v 37.21250 -31.96947 13.31284
v 37.21250 -31.54419 13.09615
v 37.55000 -32.36695 15.62834
v 37.21250 -32.68793 15.52404
v 37.21250 -32.47124 15.94932
v 37.55000 -25.63305 15.37166
v 37.21250 -25.31207 15.47596
v 37.21250 -25.52876 15.05068
v 37.55000 -26.35152 17.58287
v 37.21250 -26.03053 17.68716
v 37.21250 -26.45581 17.90385
vt 0.000000 0.530808
vt 0.893306 1.000000
vt 1.000000 0.469192
vt 0.106694 0.000000
vt 0.000000 0.000000
vt 1.000000 0.000000
vt 1.000000 1.000000
vt 0.000000 1.000000
vt 0.000000 1.000000
vt 1.000000 1.000000
vt 1.000000 0.000000
vt 0.000000 0.000000
vt 0.106694 0.000000
vt 1.000000 0.469192
vt 0.893306 1.000000
vt 0.000000 0.530808
vt 0.000000 1.000000
vt 1.000000 1.000000
vt 1.000000 0.000000
vt 0.000000 0.000000
vt 0.000000 0.000000
vt 1.000000 0.000000
vt 1.000000 1.000000
vt 0.000000 1.000000
vt 1.000000 0.045041
vt 0.691199 0.000000
vt 0.000000 0.954959
vt 0.308801 1.000000
vt 0.000000 0.954959
vt 0.308801 1.000000
vt 1.000000 0.045041
vt 0.691199 0.000000
vt 0.308801 1.000000
vt 0.000000 0.954959
vt 0.691199 0.000000
vt 1.000000 0.045041
vt 0.691199 0.000000
vt 1.000000 0.045041
vt 0.308801 1.000000
vt 0.000000 0.954959
vt 0.982958 1.000000
vt 1.000000 0.858941
vt 0.017042 0.000000
vt 0.000000 0.141059
vt 0.017042 0.000000
vt 0.000000 0.141059
vt 0.982958 1.000000
vt 1.000000 0.858941
vt 0.000000 0.141059
vt 0.017042 0.000000
vt 1.000000 0.858941
vt 0.982958 1.000000
vt 1.000000 0.858941
vt 0.982958 1.000000
vt 0.000000 0.141059
vt 0.017042 0.000000
vt 0.000000 0.000000
vt 0.000000 1.000000
vt 1.000000 1.000000
vt 1.000000 0.000000
vt 1.000000 0.000000
vt 1.000000 1.000000
vt 0.000000 1.000000
vt 0.000000 0.000000
vt 1.000000 1.000000
vt 1.000000 0.000000
vt 0.000000 0.000000
vt 0.000000 1.000000
vt 0.000000 1.000000
vt 0.000000 0.000000
vt 1.000000 0.000000
vt 1.000000 1.000000
vt 1.000000 1.000000
vt 1.000000 0.000000
vt 0.000000 0.754763
vt 0.000000 0.245237
vt 1.000000 0.000000
vt 1.000000 1.000000
vt 0.000000 0.754763
vt 1.000000 1.000000
vt 1.000000 0.000000
vt 1.000000 0.000000
vt 1.000000 1.000000
vt 0.000000 0.245237
vt 1.000000 0.754763
vt 0.000000 0.000000
vt 0.000000 1.000000
vt 0.000000 1.000000
vt 0.000000 0.000000
vt 1.000000 0.245237
vt 0.000000 0.000000
vt 0.000000 1.000000
vt 1.000000 0.754763
vt 1.000000 0.245237
vt 0.000000 1.000000
vt 0.000000 0.000000
f 740/865 739/866 738/867 737/868
f 741/869 742/870 743/871 744/872
f 748/873 747/874 746/875 745/876
f 749/877 750/878 751/879 752/880
f 756/881 755/882 754/883 753/884
f 757/885 758/886 759/887 760/888
f 761/889 762/890 763/891 764/892
f 768/893 767/894 766/895 765/896
f 772/897 771/898 770/899 769/900
f 773/901 774/902 775/903 776/904
f 780/905 779/906 778/907 777/908
f 781/909 782/910 783/911 784/912
f 785/913 786/914 787/915 788/916
f 792/917 791/918 790/919 789/920
f 793/921 794/922 795/923 796/924
f 800/925 799/926 798/927 797/928
f 804/929 803/930 802/931 801/932
f 805/933 806/934 807/935 808/936
f 811/937 810/938 809/939
f 812/940 813/941 814/942
f 815/943 816/944 817/945
f 820/946 819/947 818/948
f 821/949 822/950 823/951
f 826/952 825/953 824/954
f 829/955 828/956 827/957
f 830/958 831/959 832/960
o BaseHazardMark2
usemtl SFP_R2_Accent
v 36.05000 -20.64848 13.41713
v 36.05000 -14.63305 15.37166
v 36.05000 -15.35152 17.58287
v 36.05000 -21.36695 15.62834
v 36.38750 -20.96947 13.31284
v 37.21250 -20.96947 13.31284
v 37.21250 -21.68793 15.52404
v 36.38750 -21.68793 15.52404
v 36.38750 -20.54419 13.09615
v 37.21250 -20.54419 13.09615
v 37.21250 -14.52876 15.05068
v 36.38750 -14.52876 15.05068
v 37.55000 -20.64848 13.41713
v 37.55000 -14.63305 15.37166
v 37.55000 -15.35152 17.58287
v 37.55000 -21.36695 15.62834
v 36.38750 -14.31207 15.47596
v 37.21250 -14.31207 15.47596
v 37.21250 -15.03053 17.68716
v 36.38750 -15.03053 17.68716
v 36.38750 -21.47124 15.94932
v 37.21250 -21.47124 15.94932
v 37.21250 -15.45581 17.90385
v 36.38750 -15.45581 17.90385
v 36.05000 -20.64848 13.41713
v 36.38750 -20.96947 13.31284
v 36.38750 -21.68793 15.52404
v 36.05000 -21.36695 15.62834
v 36.05000 -14.63305 15.37166
v 36.38750 -14.31207 15.47596
v 36.38750 -15.03053 17.68716
v 36.05000 -15.35152 17.58287
v 37.55000 -20.64848 13.41713
v 37.21250 -20.96947 13.31284
v 37.21250 -21.68793 15.52404
v 37.55000 -21.36695 15.62834
v 37.55000 -14.63305 15.37166
v 37.21250 -14.31207 15.47596
v 37.21250 -15.03053 17.68716
v 37.55000 -15.35152 17.58287
v 36.05000 -20.64848 13.41713
v 36.38750 -20.54419 13.09615
v 36.38750 -14.52876 15.05068
v 36.05000 -14.63305 15.37166
v 36.05000 -21.36695 15.62834
v 36.38750 -21.47124 15.94932
v 36.38750 -15.45581 17.90385
v 36.05000 -15.35152 17.58287
v 37.55000 -20.64848 13.41713
v 37.21250 -20.54419 13.09615
v 37.21250 -14.52876 15.05068
v 37.55000 -14.63305 15.37166
v 37.55000 -21.36695 15.62834
v 37.21250 -21.47124 15.94932
v 37.21250 -15.45581 17.90385
v 37.55000 -15.35152 17.58287
v 36.38750 -20.96947 13.31284
v 36.38750 -20.54419 13.09615
v 37.21250 -20.54419 13.09615
v 37.21250 -20.96947 13.31284
v 36.38750 -21.68793 15.52404
v 36.38750 -21.47124 15.94932
v 37.21250 -21.47124 15.94932
v 37.21250 -21.68793 15.52404
v 36.38750 -14.31207 15.47596
v 36.38750 -14.52876 15.05068
v 37.21250 -14.52876 15.05068
v 37.21250 -14.31207 15.47596
v 36.38750 -15.03053 17.68716
v 36.38750 -15.45581 17.90385
v 37.21250 -15.45581 17.90385
v 37.21250 -15.03053 17.68716
v 36.05000 -20.64848 13.41713
v 36.38750 -20.96947 13.31284
v 36.38750 -20.54419 13.09615
v 36.05000 -21.36695 15.62834
v 36.38750 -21.68793 15.52404
v 36.38750 -21.47124 15.94932
v 36.05000 -14.63305 15.37166
v 36.38750 -14.31207 15.47596
v 36.38750 -14.52876 15.05068
v 36.05000 -15.35152 17.58287
v 36.38750 -15.03053 17.68716
v 36.38750 -15.45581 17.90385
v 37.55000 -20.64848 13.41713
v 37.21250 -20.96947 13.31284
v 37.21250 -20.54419 13.09615
v 37.55000 -21.36695 15.62834
v 37.21250 -21.68793 15.52404
v 37.21250 -21.47124 15.94932
v 37.55000 -14.63305 15.37166
v 37.21250 -14.31207 15.47596
v 37.21250 -14.52876 15.05068
v 37.55000 -15.35152 17.58287
v 37.21250 -15.03053 17.68716
v 37.21250 -15.45581 17.90385
vt 0.000000 0.530808
vt 0.893306 1.000000
vt 1.000000 0.469192
vt 0.106694 0.000000
vt 0.000000 0.000000
vt 1.000000 0.000000
vt 1.000000 1.000000
vt 0.000000 1.000000
vt 0.000000 1.000000
vt 1.000000 1.000000
vt 1.000000 0.000000
vt 0.000000 0.000000
vt 0.106694 0.000000
vt 1.000000 0.469192
vt 0.893306 1.000000
vt 0.000000 0.530808
vt 0.000000 1.000000
vt 1.000000 1.000000
vt 1.000000 0.000000
vt 0.000000 0.000000
vt 0.000000 0.000000
vt 1.000000 0.000000
vt 1.000000 1.000000
vt 0.000000 1.000000
vt 1.000000 0.045041
vt 0.691199 0.000000
vt 0.000000 0.954959
vt 0.308801 1.000000
vt 0.000000 0.954959
vt 0.308801 1.000000
vt 1.000000 0.045041
vt 0.691199 0.000000
vt 0.308801 1.000000
vt 0.000000 0.954959
vt 0.691199 0.000000
vt 1.000000 0.045041
vt 0.691199 0.000000
vt 1.000000 0.045041
vt 0.308801 1.000000
vt 0.000000 0.954959
vt 0.982958 1.000000
vt 1.000000 0.858941
vt 0.017042 0.000000
vt 0.000000 0.141059
vt 0.017042 0.000000
vt 0.000000 0.141059
vt 0.982958 1.000000
vt 1.000000 0.858941
vt 0.000000 0.141059
vt 0.017042 0.000000
vt 1.000000 0.858941
vt 0.982958 1.000000
vt 1.000000 0.858941
vt 0.982958 1.000000
vt 0.000000 0.141059
vt 0.017042 0.000000
vt 0.000000 0.000000
vt 0.000000 1.000000
vt 1.000000 1.000000
vt 1.000000 0.000000
vt 1.000000 0.000000
vt 1.000000 1.000000
vt 0.000000 1.000000
vt 0.000000 0.000000
vt 1.000000 1.000000
vt 1.000000 0.000000
vt 0.000000 0.000000
vt 0.000000 1.000000
vt 0.000000 1.000000
vt 0.000000 0.000000
vt 1.000000 0.000000
vt 1.000000 1.000000
vt 1.000000 1.000000
vt 1.000000 0.000000
vt 0.000000 0.754763
vt 0.000000 0.245237
vt 1.000000 0.000000
vt 1.000000 1.000000
vt 0.000000 0.754763
vt 1.000000 1.000000
vt 1.000000 0.000000
vt 1.000000 0.000000
vt 1.000000 1.000000
vt 0.000000 0.245237
vt 1.000000 0.754763
vt 0.000000 0.000000
vt 0.000000 1.000000
vt 0.000000 1.000000
vt 0.000000 0.000000
vt 1.000000 0.245237
vt 0.000000 0.000000
vt 0.000000 1.000000
vt 1.000000 0.754763
vt 1.000000 0.245237
vt 0.000000 1.000000
vt 0.000000 0.000000
f 836/961 835/962 834/963 833/964
f 837/965 838/966 839/967 840/968
f 844/969 843/970 842/971 841/972
f 845/973 846/974 847/975 848/976
f 852/977 851/978 850/979 849/980
f 853/981 854/982 855/983 856/984
f 857/985 858/986 859/987 860/988
f 864/989 863/990 862/991 861/992
f 868/993 867/994 866/995 865/996
f 869/997 870/998 871/999 872/1000
f 876/1001 875/1002 874/1003 873/1004
f 877/1005 878/1006 879/1007 880/1008
f 881/1009 882/1010 883/1011 884/1012
f 888/1013 887/1014 886/1015 885/1016
f 889/1017 890/1018 891/1019 892/1020
f 896/1021 895/1022 894/1023 893/1024
f 900/1025 899/1026 898/1027 897/1028
f 901/1029 902/1030 903/1031 904/1032
f 907/1033 906/1034 905/1035
f 908/1036 909/1037 910/1038
f 911/1039 912/1040 913/1041
f 916/1042 915/1043 914/1044
f 917/1045 918/1046 919/1047
f 922/1048 921/1049 920/1050
f 925/1051 924/1052 923/1053
f 926/1054 927/1055 928/1056
o BaseHazardMark3
usemtl SFP_R2_Accent
v 36.05000 -9.64848 13.41713
v 36.05000 -3.63305 15.37166
v 36.05000 -4.35152 17.58287
v 36.05000 -10.36695 15.62834
v 36.38750 -9.96947 13.31284
v 37.21250 -9.96947 13.31284
v 37.21250 -10.68793 15.52404
v 36.38750 -10.68793 15.52404
v 36.38750 -9.54419 13.09615
v 37.21250 -9.54419 13.09615
v 37.21250 -3.52876 15.05068
v 36.38750 -3.52876 15.05068
v 37.55000 -9.64848 13.41713
v 37.55000 -3.63305 15.37166
v 37.55000 -4.35152 17.58287
v 37.55000 -10.36695 15.62834
v 36.38750 -3.31207 15.47596
v 37.21250 -3.31207 15.47596
v 37.21250 -4.03053 17.68716
v 36.38750 -4.03053 17.68716
v 36.38750 -10.47124 15.94932
v 37.21250 -10.47124 15.94932
v 37.21250 -4.45581 17.90385
v 36.38750 -4.45581 17.90385
v 36.05000 -9.64848 13.41713
v 36.38750 -9.96947 13.31284
v 36.38750 -10.68793 15.52404
v 36.05000 -10.36695 15.62834
v 36.05000 -3.63305 15.37166
v 36.38750 -3.31207 15.47596
v 36.38750 -4.03053 17.68716
v 36.05000 -4.35152 17.58287
v 37.55000 -9.64848 13.41713
v 37.21250 -9.96947 13.31284
v 37.21250 -10.68793 15.52404
v 37.55000 -10.36695 15.62834
v 37.55000 -3.63305 15.37166
v 37.21250 -3.31207 15.47596
v 37.21250 -4.03053 17.68716
v 37.55000 -4.35152 17.58287
v 36.05000 -9.64848 13.41713
v 36.38750 -9.54419 13.09615
v 36.38750 -3.52876 15.05068
v 36.05000 -3.63305 15.37166
v 36.05000 -10.36695 15.62834
v 36.38750 -10.47124 15.94932
v 36.38750 -4.45581 17.90385
v 36.05000 -4.35152 17.58287
v 37.55000 -9.64848 13.41713
v 37.21250 -9.54419 13.09615
v 37.21250 -3.52876 15.05068
v 37.55000 -3.63305 15.37166
v 37.55000 -10.36695 15.62834
v 37.21250 -10.47124 15.94932
v 37.21250 -4.45581 17.90385
v 37.55000 -4.35152 17.58287
v 36.38750 -9.96947 13.31284
v 36.38750 -9.54419 13.09615
v 37.21250 -9.54419 13.09615
v 37.21250 -9.96947 13.31284
v 36.38750 -10.68793 15.52404
v 36.38750 -10.47124 15.94932
v 37.21250 -10.47124 15.94932
v 37.21250 -10.68793 15.52404
v 36.38750 -3.31207 15.47596
v 36.38750 -3.52876 15.05068
v 37.21250 -3.52876 15.05068
v 37.21250 -3.31207 15.47596
v 36.38750 -4.03053 17.68716
v 36.38750 -4.45581 17.90385
v 37.21250 -4.45581 17.90385
v 37.21250 -4.03053 17.68716
v 36.05000 -9.64848 13.41713
v 36.38750 -9.96947 13.31284
v 36.38750 -9.54419 13.09615
v 36.05000 -10.36695 15.62834
v 36.38750 -10.68793 15.52404
v 36.38750 -10.47124 15.94932
v 36.05000 -3.63305 15.37166
v 36.38750 -3.31207 15.47596
v 36.38750 -3.52876 15.05068
v 36.05000 -4.35152 17.58287
v 36.38750 -4.03053 17.68716
v 36.38750 -4.45581 17.90385
v 37.55000 -9.64848 13.41713
v 37.21250 -9.96947 13.31284
v 37.21250 -9.54419 13.09615
v 37.55000 -10.36695 15.62834
v 37.21250 -10.68793 15.52404
v 37.21250 -10.47124 15.94932
v 37.55000 -3.63305 15.37166
v 37.21250 -3.31207 15.47596
v 37.21250 -3.52876 15.05068
v 37.55000 -4.35152 17.58287
v 37.21250 -4.03053 17.68716
v 37.21250 -4.45581 17.90385
vt 0.000000 0.530808
vt 0.893306 1.000000
vt 1.000000 0.469192
vt 0.106694 0.000000
vt 0.000000 0.000000
vt 1.000000 0.000000
vt 1.000000 1.000000
vt 0.000000 1.000000
vt 0.000000 1.000000
vt 1.000000 1.000000
vt 1.000000 0.000000
vt 0.000000 0.000000
vt 0.106694 0.000000
vt 1.000000 0.469192
vt 0.893306 1.000000
vt 0.000000 0.530808
vt 0.000000 1.000000
vt 1.000000 1.000000
vt 1.000000 0.000000
vt 0.000000 0.000000
vt 0.000000 0.000000
vt 1.000000 0.000000
vt 1.000000 1.000000
vt 0.000000 1.000000
vt 1.000000 0.045041
vt 0.691199 0.000000
vt 0.000000 0.954959
vt 0.308801 1.000000
vt 0.000000 0.954959
vt 0.308801 1.000000
vt 1.000000 0.045041
vt 0.691199 0.000000
vt 0.308801 1.000000
vt 0.000000 0.954959
vt 0.691199 0.000000
vt 1.000000 0.045041
vt 0.691199 0.000000
vt 1.000000 0.045041
vt 0.308801 1.000000
vt 0.000000 0.954959
vt 0.982958 1.000000
vt 1.000000 0.858941
vt 0.017042 0.000000
vt 0.000000 0.141059
vt 0.017042 0.000000
vt 0.000000 0.141059
vt 0.982958 1.000000
vt 1.000000 0.858941
vt 0.000000 0.141059
vt 0.017042 0.000000
vt 1.000000 0.858941
vt 0.982958 1.000000
vt 1.000000 0.858941
vt 0.982958 1.000000
vt 0.000000 0.141059
vt 0.017042 0.000000
vt 0.000000 0.000000
vt 0.000000 1.000000
vt 1.000000 1.000000
vt 1.000000 0.000000
vt 1.000000 0.000000
vt 1.000000 1.000000
vt 0.000000 1.000000
vt 0.000000 0.000000
vt 1.000000 1.000000
vt 1.000000 0.000000
vt 0.000000 0.000000
vt 0.000000 1.000000
vt 0.000000 1.000000
vt 0.000000 0.000000
vt 1.000000 0.000000
vt 1.000000 1.000000
vt 1.000000 1.000000
vt 1.000000 0.000000
vt 0.000000 0.754763
vt 0.000000 0.245237
vt 1.000000 0.000000
vt 1.000000 1.000000
vt 0.000000 0.754763
vt 1.000000 1.000000
vt 1.000000 0.000000
vt 1.000000 0.000000
vt 1.000000 1.000000
vt 0.000000 0.245237
vt 1.000000 0.754763
vt 0.000000 0.000000
vt 0.000000 1.000000
vt 0.000000 1.000000
vt 0.000000 0.000000
vt 1.000000 0.245237
vt 0.000000 0.000000
vt 0.000000 1.000000
vt 1.000000 0.754763
vt 1.000000 0.245237
vt 0.000000 1.000000
vt 0.000000 0.000000
f 932/1057 931/1058 930/1059 929/1060
f 933/1061 934/1062 935/1063 936/1064
f 940/1065 939/1066 938/1067 937/1068
f 941/1069 942/1070 943/1071 944/1072
f 948/1073 947/1074 946/1075 945/1076
f 949/1077 950/1078 951/1079 952/1080
f 953/1081 954/1082 955/1083 956/1084
f 960/1085 959/1086 958/1087 957/1088
f 964/1089 963/1090 962/1091 961/1092
f 965/1093 966/1094 967/1095 968/1096
f 972/1097 971/1098 970/1099 969/1100
f 973/1101 974/1102 975/1103 976/1104
f 977/1105 978/1106 979/1107 980/1108
f 984/1109 983/1110 982/1111 981/1112
f 985/1113 986/1114 987/1115 988/1116
f 992/1117 991/1118 990/1119 989/1120
f 996/1121 995/1122 994/1123 993/1124
f 997/1125 998/1126 999/1127 1000/1128
f 1003/1129 1002/1130 1001/1131
f 1004/1132 1005/1133 1006/1134
f 1007/1135 1008/1136 1009/1137
f 1012/1138 1011/1139 1010/1140
f 1013/1141 1014/1142 1015/1143
f 1018/1144 1017/1145 1016/1146
f 1021/1147 1020/1148 1019/1149
f 1022/1150 1023/1151 1024/1152
o BaseHazardMark4
usemtl SFP_R2_Accent
v 36.05000 4.35152 13.41713
v 36.05000 10.36695 15.37166
v 36.05000 9.64848 17.58287
v 36.05000 3.63305 15.62834
v 36.38750 4.03053 13.31284
v 37.21250 4.03053 13.31284
v 37.21250 3.31207 15.52404
v 36.38750 3.31207 15.52404
v 36.38750 4.45581 13.09615
v 37.21250 4.45581 13.09615
v 37.21250 10.47124 15.05068
v 36.38750 10.47124 15.05068
v 37.55000 4.35152 13.41713
v 37.55000 10.36695 15.37166
v 37.55000 9.64848 17.58287
v 37.55000 3.63305 15.62834
v 36.38750 10.68793 15.47596
v 37.21250 10.68793 15.47596
v 37.21250 9.96947 17.68716
v 36.38750 9.96947 17.68716
v 36.38750 3.52876 15.94932
v 37.21250 3.52876 15.94932
v 37.21250 9.54419 17.90385
v 36.38750 9.54419 17.90385
v 36.05000 4.35152 13.41713
v 36.38750 4.03053 13.31284
v 36.38750 3.31207 15.52404
v 36.05000 3.63305 15.62834
v 36.05000 10.36695 15.37166
v 36.38750 10.68793 15.47596
v 36.38750 9.96947 17.68716
v 36.05000 9.64848 17.58287
v 37.55000 4.35152 13.41713
v 37.21250 4.03053 13.31284
v 37.21250 3.31207 15.52404
v 37.55000 3.63305 15.62834
v 37.55000 10.36695 15.37166
v 37.21250 10.68793 15.47596
v 37.21250 9.96947 17.68716
v 37.55000 9.64848 17.58287
v 36.05000 4.35152 13.41713
v 36.38750 4.45581 13.09615
v 36.38750 10.47124 15.05068
v 36.05000 10.36695 15.37166
v 36.05000 3.63305 15.62834
v 36.38750 3.52876 15.94932
v 36.38750 9.54419 17.90385
v 36.05000 9.64848 17.58287
v 37.55000 4.35152 13.41713
v 37.21250 4.45581 13.09615
v 37.21250 10.47124 15.05068
v 37.55000 10.36695 15.37166
v 37.55000 3.63305 15.62834
v 37.21250 3.52876 15.94932
v 37.21250 9.54419 17.90385
v 37.55000 9.64848 17.58287
v 36.38750 4.03053 13.31284
v 36.38750 4.45581 13.09615
v 37.21250 4.45581 13.09615
v 37.21250 4.03053 13.31284
v 36.38750 3.31207 15.52404
v 36.38750 3.52876 15.94932
v 37.21250 3.52876 15.94932
v 37.21250 3.31207 15.52404
v 36.38750 10.68793 15.47596
v 36.38750 10.47124 15.05068
v 37.21250 10.47124 15.05068
v 37.21250 10.68793 15.47596
v 36.38750 9.96947 17.68716
v 36.38750 9.54419 17.90385
v 37.21250 9.54419 17.90385
v 37.21250 9.96947 17.68716
v 36.05000 4.35152 13.41713
v 36.38750 4.03053 13.31284
v 36.38750 4.45581 13.09615
v 36.05000 3.63305 15.62834
v 36.38750 3.31207 15.52404
v 36.38750 3.52876 15.94932
v 36.05000 10.36695 15.37166
v 36.38750 10.68793 15.47596
v 36.38750 10.47124 15.05068
v 36.05000 9.64848 17.58287
v 36.38750 9.96947 17.68716
v 36.38750 9.54419 17.90385
v 37.55000 4.35152 13.41713
v 37.21250 4.03053 13.31284
v 37.21250 4.45581 13.09615
v 37.55000 3.63305 15.62834
v 37.21250 3.31207 15.52404
v 37.21250 3.52876 15.94932
v 37.55000 10.36695 15.37166
v 37.21250 10.68793 15.47596
v 37.21250 10.47124 15.05068
v 37.55000 9.64848 17.58287
v 37.21250 9.96947 17.68716
v 37.21250 9.54419 17.90385
vt 0.000000 0.530808
vt 0.893306 1.000000
vt 1.000000 0.469192
vt 0.106694 0.000000
vt 0.000000 0.000000
vt 1.000000 0.000000
vt 1.000000 1.000000
vt 0.000000 1.000000
vt 0.000000 1.000000
vt 1.000000 1.000000
vt 1.000000 0.000000
vt 0.000000 0.000000
vt 0.106694 0.000000
vt 1.000000 0.469192
vt 0.893306 1.000000
vt 0.000000 0.530808
vt 0.000000 1.000000
vt 1.000000 1.000000
vt 1.000000 0.000000
vt 0.000000 0.000000
vt 0.000000 0.000000
vt 1.000000 0.000000
vt 1.000000 1.000000
vt 0.000000 1.000000
vt 1.000000 0.045041
vt 0.691199 0.000000
vt 0.000000 0.954959
vt 0.308801 1.000000
vt 0.000000 0.954959
vt 0.308801 1.000000
vt 1.000000 0.045041
vt 0.691199 0.000000
vt 0.308801 1.000000
vt 0.000000 0.954959
vt 0.691199 0.000000
vt 1.000000 0.045041
vt 0.691199 0.000000
vt 1.000000 0.045041
vt 0.308801 1.000000
vt 0.000000 0.954959
vt 0.982958 1.000000
vt 1.000000 0.858941
vt 0.017042 0.000000
vt 0.000000 0.141059
vt 0.017042 0.000000
vt 0.000000 0.141059
vt 0.982958 1.000000
vt 1.000000 0.858941
vt 0.000000 0.141059
vt 0.017042 0.000000
vt 1.000000 0.858941
vt 0.982958 1.000000
vt 1.000000 0.858941
vt 0.982958 1.000000
vt 0.000000 0.141059
vt 0.017042 0.000000
vt 0.000000 0.000000
vt 0.000000 1.000000
vt 1.000000 1.000000
vt 1.000000 0.000000
vt 1.000000 0.000000
vt 1.000000 1.000000
vt 0.000000 1.000000
vt 0.000000 0.000000
vt 1.000000 1.000000
vt 1.000000 0.000000
vt 0.000000 0.000000
vt 0.000000 1.000000
vt 0.000000 1.000000
vt 0.000000 0.000000
vt 1.000000 0.000000
vt 1.000000 1.000000
vt 1.000000 1.000000
vt 1.000000 0.000000
vt 0.000000 0.754763
vt 0.000000 0.245237
vt 1.000000 0.000000
vt 1.000000 1.000000
vt 0.000000 0.754763
vt 1.000000 1.000000
vt 1.000000 0.000000
vt 1.000000 0.000000
vt 1.000000 1.000000
vt 0.000000 0.245237
vt 1.000000 0.754763
vt 0.000000 0.000000
vt 0.000000 1.000000
vt 0.000000 1.000000
vt 0.000000 0.000000
vt 1.000000 0.245237
vt 0.000000 0.000000
vt 0.000000 1.000000
vt 1.000000 0.754763
vt 1.000000 0.245237
vt 0.000000 1.000000
vt 0.000000 0.000000
f 1028/1153 1027/1154 1026/1155 1025/1156
f 1029/1157 1030/1158 1031/1159 1032/1160
f 1036/1161 1035/1162 1034/1163 1033/1164
f 1037/1165 1038/1166 1039/1167 1040/1168
f 1044/1169 1043/1170 1042/1171 1041/1172
f 1045/1173 1046/1174 1047/1175 1048/1176
f 1049/1177 1050/1178 1051/1179 1052/1180
f 1056/1181 1055/1182 1054/1183 1053/1184
f 1060/1185 1059/1186 1058/1187 1057/1188
f 1061/1189 1062/1190 1063/1191 1064/1192
f 1068/1193 1067/1194 1066/1195 1065/1196
f 1069/1197 1070/1198 1071/1199 1072/1200
f 1073/1201 1074/1202 1075/1203 1076/1204
f 1080/1205 1079/1206 1078/1207 1077/1208
f 1081/1209 1082/1210 1083/1211 1084/1212
f 1088/1213 1087/1214 1086/1215 1085/1216
f 1092/1217 1091/1218 1090/1219 1089/1220
f 1093/1221 1094/1222 1095/1223 1096/1224
f 1099/1225 1098/1226 1097/1227
f 1100/1228 1101/1229 1102/1230
f 1103/1231 1104/1232 1105/1233
f 1108/1234 1107/1235 1106/1236
f 1109/1237 1110/1238 1111/1239
f 1114/1240 1113/1241 1112/1242
f 1117/1243 1116/1244 1115/1245
f 1118/1246 1119/1247 1120/1248
o BaseHazardMark5
usemtl SFP_R2_Accent
v 36.05000 15.35152 13.41713
v 36.05000 21.36695 15.37166
v 36.05000 20.64848 17.58287
v 36.05000 14.63305 15.62834
v 36.38750 15.03053 13.31284
v 37.21250 15.03053 13.31284
v 37.21250 14.31207 15.52404
v 36.38750 14.31207 15.52404
v 36.38750 15.45581 13.09615
v 37.21250 15.45581 13.09615
v 37.21250 21.47124 15.05068
v 36.38750 21.47124 15.05068
v 37.55000 15.35152 13.41713
v 37.55000 21.36695 15.37166
v 37.55000 20.64848 17.58287
v 37.55000 14.63305 15.62834
v 36.38750 21.68793 15.47596
v 37.21250 21.68793 15.47596
v 37.21250 20.96947 17.68716
v 36.38750 20.96947 17.68716
v 36.38750 14.52876 15.94932
v 37.21250 14.52876 15.94932
v 37.21250 20.54419 17.90385
v 36.38750 20.54419 17.90385
v 36.05000 15.35152 13.41713
v 36.38750 15.03053 13.31284
v 36.38750 14.31207 15.52404
v 36.05000 14.63305 15.62834
v 36.05000 21.36695 15.37166
v 36.38750 21.68793 15.47596
v 36.38750 20.96947 17.68716
v 36.05000 20.64848 17.58287
v 37.55000 15.35152 13.41713
v 37.21250 15.03053 13.31284
v 37.21250 14.31207 15.52404
v 37.55000 14.63305 15.62834
v 37.55000 21.36695 15.37166
v 37.21250 21.68793 15.47596
v 37.21250 20.96947 17.68716
v 37.55000 20.64848 17.58287
v 36.05000 15.35152 13.41713
v 36.38750 15.45581 13.09615
v 36.38750 21.47124 15.05068
v 36.05000 21.36695 15.37166
v 36.05000 14.63305 15.62834
v 36.38750 14.52876 15.94932
v 36.38750 20.54419 17.90385
v 36.05000 20.64848 17.58287
v 37.55000 15.35152 13.41713
v 37.21250 15.45581 13.09615
v 37.21250 21.47124 15.05068
v 37.55000 21.36695 15.37166
v 37.55000 14.63305 15.62834
v 37.21250 14.52876 15.94932
v 37.21250 20.54419 17.90385
v 37.55000 20.64848 17.58287
v 36.38750 15.03053 13.31284
v 36.38750 15.45581 13.09615
v 37.21250 15.45581 13.09615
v 37.21250 15.03053 13.31284
v 36.38750 14.31207 15.52404
v 36.38750 14.52876 15.94932
v 37.21250 14.52876 15.94932
v 37.21250 14.31207 15.52404
v 36.38750 21.68793 15.47596
v 36.38750 21.47124 15.05068
v 37.21250 21.47124 15.05068
v 37.21250 21.68793 15.47596
v 36.38750 20.96947 17.68716
v 36.38750 20.54419 17.90385
v 37.21250 20.54419 17.90385
v 37.21250 20.96947 17.68716
v 36.05000 15.35152 13.41713
v 36.38750 15.03053 13.31284
v 36.38750 15.45581 13.09615
v 36.05000 14.63305 15.62834
v 36.38750 14.31207 15.52404
v 36.38750 14.52876 15.94932
v 36.05000 21.36695 15.37166
v 36.38750 21.68793 15.47596
v 36.38750 21.47124 15.05068
v 36.05000 20.64848 17.58287
v 36.38750 20.96947 17.68716
v 36.38750 20.54419 17.90385
v 37.55000 15.35152 13.41713
v 37.21250 15.03053 13.31284
v 37.21250 15.45581 13.09615
v 37.55000 14.63305 15.62834
v 37.21250 14.31207 15.52404
v 37.21250 14.52876 15.94932
v 37.55000 21.36695 15.37166
v 37.21250 21.68793 15.47596
v 37.21250 21.47124 15.05068
v 37.55000 20.64848 17.58287
v 37.21250 20.96947 17.68716
v 37.21250 20.54419 17.90385
vt 0.000000 0.530808
vt 0.893306 1.000000
vt 1.000000 0.469192
vt 0.106694 0.000000
vt 0.000000 0.000000
vt 1.000000 0.000000
vt 1.000000 1.000000
vt 0.000000 1.000000
vt 0.000000 1.000000
vt 1.000000 1.000000
vt 1.000000 0.000000
vt 0.000000 0.000000
vt 0.106694 0.000000
vt 1.000000 0.469192
vt 0.893306 1.000000
vt 0.000000 0.530808
vt 0.000000 1.000000
vt 1.000000 1.000000
vt 1.000000 0.000000
vt 0.000000 0.000000
vt 0.000000 0.000000
vt 1.000000 0.000000
vt 1.000000 1.000000
vt 0.000000 1.000000
vt 1.000000 0.045041
vt 0.691199 0.000000
vt 0.000000 0.954959
vt 0.308801 1.000000
vt 0.000000 0.954959
vt 0.308801 1.000000
vt 1.000000 0.045041
vt 0.691199 0.000000
vt 0.308801 1.000000
vt 0.000000 0.954959
vt 0.691199 0.000000
vt 1.000000 0.045041
vt 0.691199 0.000000
vt 1.000000 0.045041
vt 0.308801 1.000000
vt 0.000000 0.954959
vt 0.982958 1.000000
vt 1.000000 0.858941
vt 0.017042 0.000000
vt 0.000000 0.141059
vt 0.017042 0.000000
vt 0.000000 0.141059
vt 0.982958 1.000000
vt 1.000000 0.858941
vt 0.000000 0.141059
vt 0.017042 0.000000
vt 1.000000 0.858941
vt 0.982958 1.000000
vt 1.000000 0.858941
vt 0.982958 1.000000
vt 0.000000 0.141059
vt 0.017042 0.000000
vt 0.000000 0.000000
vt 0.000000 1.000000
vt 1.000000 1.000000
vt 1.000000 0.000000
vt 1.000000 0.000000
vt 1.000000 1.000000
vt 0.000000 1.000000
vt 0.000000 0.000000
vt 1.000000 1.000000
vt 1.000000 0.000000
vt 0.000000 0.000000
vt 0.000000 1.000000
vt 0.000000 1.000000
vt 0.000000 0.000000
vt 1.000000 0.000000
vt 1.000000 1.000000
vt 1.000000 1.000000
vt 1.000000 0.000000
vt 0.000000 0.754763
vt 0.000000 0.245237
vt 1.000000 0.000000
vt 1.000000 1.000000
vt 0.000000 0.754763
vt 1.000000 1.000000
vt 1.000000 0.000000
vt 1.000000 0.000000
vt 1.000000 1.000000
vt 0.000000 0.245237
vt 1.000000 0.754763
vt 0.000000 0.000000
vt 0.000000 1.000000
vt 0.000000 1.000000
vt 0.000000 0.000000
vt 1.000000 0.245237
vt 0.000000 0.000000
vt 0.000000 1.000000
vt 1.000000 0.754763
vt 1.000000 0.245237
vt 0.000000 1.000000
vt 0.000000 0.000000
f 1124/1249 1123/1250 1122/1251 1121/1252
f 1125/1253 1126/1254 1127/1255 1128/1256
f 1132/1257 1131/1258 1130/1259 1129/1260
f 1133/1261 1134/1262 1135/1263 1136/1264
f 1140/1265 1139/1266 1138/1267 1137/1268
f 1141/1269 1142/1270 1143/1271 1144/1272
f 1145/1273 1146/1274 1147/1275 1148/1276
f 1152/1277 1151/1278 1150/1279 1149/1280
f 1156/1281 1155/1282 1154/1283 1153/1284
f 1157/1285 1158/1286 1159/1287 1160/1288
f 1164/1289 1163/1290 1162/1291 1161/1292
f 1165/1293 1166/1294 1167/1295 1168/1296
f 1169/1297 1170/1298 1171/1299 1172/1300
f 1176/1301 1175/1302 1174/1303 1173/1304
f 1177/1305 1178/1306 1179/1307 1180/1308
f 1184/1309 1183/1310 1182/1311 1181/1312
f 1188/1313 1187/1314 1186/1315 1185/1316
f 1189/1317 1190/1318 1191/1319 1192/1320
f 1195/1321 1194/1322 1193/1323
f 1196/1324 1197/1325 1198/1326
f 1199/1327 1200/1328 1201/1329
f 1204/1330 1203/1331 1202/1332
f 1205/1333 1206/1334 1207/1335
f 1210/1336 1209/1337 1208/1338
f 1213/1339 1212/1340 1211/1341
f 1214/1342 1215/1343 1216/1344
o BaseHazardMark6
usemtl SFP_R2_Accent
v 36.05000 26.35152 13.41713
v 36.05000 32.36695 15.37166
v 36.05000 31.64848 17.58287
v 36.05000 25.63305 15.62834
v 36.38750 26.03053 13.31284
v 37.21250 26.03053 13.31284
v 37.21250 25.31207 15.52404
v 36.38750 25.31207 15.52404
v 36.38750 26.45581 13.09615
v 37.21250 26.45581 13.09615
v 37.21250 32.47124 15.05068
v 36.38750 32.47124 15.05068
v 37.55000 26.35152 13.41713
v 37.55000 32.36695 15.37166
v 37.55000 31.64848 17.58287
v 37.55000 25.63305 15.62834
v 36.38750 32.68793 15.47596
v 37.21250 32.68793 15.47596
v 37.21250 31.96947 17.68716
v 36.38750 31.96947 17.68716
v 36.38750 25.52876 15.94932
v 37.21250 25.52876 15.94932
v 37.21250 31.54419 17.90385
v 36.38750 31.54419 17.90385
v 36.05000 26.35152 13.41713
v 36.38750 26.03053 13.31284
v 36.38750 25.31207 15.52404
v 36.05000 25.63305 15.62834
v 36.05000 32.36695 15.37166
v 36.38750 32.68793 15.47596
v 36.38750 31.96947 17.68716
v 36.05000 31.64848 17.58287
v 37.55000 26.35152 13.41713
v 37.21250 26.03053 13.31284
v 37.21250 25.31207 15.52404
v 37.55000 25.63305 15.62834
v 37.55000 32.36695 15.37166
v 37.21250 32.68793 15.47596
v 37.21250 31.96947 17.68716
v 37.55000 31.64848 17.58287
v 36.05000 26.35152 13.41713
v 36.38750 26.45581 13.09615
v 36.38750 32.47124 15.05068
v 36.05000 32.36695 15.37166
v 36.05000 25.63305 15.62834
v 36.38750 25.52876 15.94932
v 36.38750 31.54419 17.90385
v 36.05000 31.64848 17.58287
v 37.55000 26.35152 13.41713
v 37.21250 26.45581 13.09615
v 37.21250 32.47124 15.05068
v 37.55000 32.36695 15.37166
v 37.55000 25.63305 15.62834
v 37.21250 25.52876 15.94932
v 37.21250 31.54419 17.90385
v 37.55000 31.64848 17.58287
v 36.38750 26.03053 13.31284
v 36.38750 26.45581 13.09615
v 37.21250 26.45581 13.09615
v 37.21250 26.03053 13.31284
v 36.38750 25.31207 15.52404
v 36.38750 25.52876 15.94932
v 37.21250 25.52876 15.94932
v 37.21250 25.31207 15.52404
v 36.38750 32.68793 15.47596
v 36.38750 32.47124 15.05068
v 37.21250 32.47124 15.05068
v 37.21250 32.68793 15.47596
v 36.38750 31.96947 17.68716
v 36.38750 31.54419 17.90385
v 37.21250 31.54419 17.90385
v 37.21250 31.96947 17.68716
v 36.05000 26.35152 13.41713
v 36.38750 26.03053 13.31284
v 36.38750 26.45581 13.09615
v 36.05000 25.63305 15.62834
v 36.38750 25.31207 15.52404
v 36.38750 25.52876 15.94932
v 36.05000 32.36695 15.37166
v 36.38750 32.68793 15.47596
v 36.38750 32.47124 15.05068
v 36.05000 31.64848 17.58287
v 36.38750 31.96947 17.68716
v 36.38750 31.54419 17.90385
v 37.55000 26.35152 13.41713
v 37.21250 26.03053 13.31284
v 37.21250 26.45581 13.09615
v 37.55000 25.63305 15.62834
v 37.21250 25.31207 15.52404
v 37.21250 25.52876 15.94932
v 37.55000 32.36695 15.37166
v 37.21250 32.68793 15.47596
v 37.21250 32.47124 15.05068
v 37.55000 31.64848 17.58287
v 37.21250 31.96947 17.68716
v 37.21250 31.54419 17.90385
vt 0.000000 0.530808
vt 0.893306 1.000000
vt 1.000000 0.469192
vt 0.106694 0.000000
vt 0.000000 0.000000
vt 1.000000 0.000000
vt 1.000000 1.000000
vt 0.000000 1.000000
vt 0.000000 1.000000
vt 1.000000 1.000000
vt 1.000000 0.000000
vt 0.000000 0.000000
vt 0.106694 0.000000
vt 1.000000 0.469192
vt 0.893306 1.000000
vt 0.000000 0.530808
vt 0.000000 1.000000
vt 1.000000 1.000000
vt 1.000000 0.000000
vt 0.000000 0.000000
vt 0.000000 0.000000
vt 1.000000 0.000000
vt 1.000000 1.000000
vt 0.000000 1.000000
vt 1.000000 0.045041
vt 0.691199 0.000000
vt 0.000000 0.954959
vt 0.308801 1.000000
vt 0.000000 0.954959
vt 0.308801 1.000000
vt 1.000000 0.045041
vt 0.691199 0.000000
vt 0.308801 1.000000
vt 0.000000 0.954959
vt 0.691199 0.000000
vt 1.000000 0.045041
vt 0.691199 0.000000
vt 1.000000 0.045041
vt 0.308801 1.000000
vt 0.000000 0.954959
vt 0.982958 1.000000
vt 1.000000 0.858941
vt 0.017042 0.000000
vt 0.000000 0.141059
vt 0.017042 0.000000
vt 0.000000 0.141059
vt 0.982958 1.000000
vt 1.000000 0.858941
vt 0.000000 0.141059
vt 0.017042 0.000000
vt 1.000000 0.858941
vt 0.982958 1.000000
vt 1.000000 0.858941
vt 0.982958 1.000000
vt 0.000000 0.141059
vt 0.017042 0.000000
vt 0.000000 0.000000
vt 0.000000 1.000000
vt 1.000000 1.000000
vt 1.000000 0.000000
vt 1.000000 0.000000
vt 1.000000 1.000000
vt 0.000000 1.000000
vt 0.000000 0.000000
vt 1.000000 1.000000
vt 1.000000 0.000000
vt 0.000000 0.000000
vt 0.000000 1.000000
vt 0.000000 1.000000
vt 0.000000 0.000000
vt 1.000000 0.000000
vt 1.000000 1.000000
vt 1.000000 1.000000
vt 1.000000 0.000000
vt 0.000000 0.754763
vt 0.000000 0.245237
vt 1.000000 0.000000
vt 1.000000 1.000000
vt 0.000000 0.754763
vt 1.000000 1.000000
vt 1.000000 0.000000
vt 1.000000 0.000000
vt 1.000000 1.000000
vt 0.000000 0.245237
vt 1.000000 0.754763
vt 0.000000 0.000000
vt 0.000000 1.000000
vt 0.000000 1.000000
vt 0.000000 0.000000
vt 1.000000 0.245237
vt 0.000000 0.000000
vt 0.000000 1.000000
vt 1.000000 0.754763
vt 1.000000 0.245237
vt 0.000000 1.000000
vt 0.000000 0.000000
f 1220/1345 1219/1346 1218/1347 1217/1348
f 1221/1349 1222/1350 1223/1351 1224/1352
f 1228/1353 1227/1354 1226/1355 1225/1356
f 1229/1357 1230/1358 1231/1359 1232/1360
f 1236/1361 1235/1362 1234/1363 1233/1364
f 1237/1365 1238/1366 1239/1367 1240/1368
f 1241/1369 1242/1370 1243/1371 1244/1372
f 1248/1373 1247/1374 1246/1375 1245/1376
f 1252/1377 1251/1378 1250/1379 1249/1380
f 1253/1381 1254/1382 1255/1383 1256/1384
f 1260/1385 1259/1386 1258/1387 1257/1388
f 1261/1389 1262/1390 1263/1391 1264/1392
f 1265/1393 1266/1394 1267/1395 1268/1396
f 1272/1397 1271/1398 1270/1399 1269/1400
f 1273/1401 1274/1402 1275/1403 1276/1404
f 1280/1405 1279/1406 1278/1407 1277/1408
f 1284/1409 1283/1410 1282/1411 1281/1412
f 1285/1413 1286/1414 1287/1415 1288/1416
f 1291/1417 1290/1418 1289/1419
f 1292/1420 1293/1421 1294/1422
f 1295/1423 1296/1424 1297/1425
f 1300/1426 1299/1427 1298/1428
f 1301/1429 1302/1430 1303/1431
f 1306/1432 1305/1433 1304/1434
f 1309/1435 1308/1436 1307/1437
f 1310/1438 1311/1439 1312/1440
o BaseBolt-46
usemtl SFP_R2_Metal
v 37.00000 -47.65000 18.00000
v 37.00000 -47.42894 17.17500
v 37.00000 -46.82500 16.57106
v 37.00000 -46.00000 16.35000
v 37.00000 -45.17500 16.57106
v 37.00000 -44.57106 17.17500
v 37.00000 -44.35000 18.00000
v 37.00000 -44.57106 18.82500
v 37.00000 -45.17500 19.42894
v 37.00000 -46.00000 19.65000
v 37.00000 -46.82500 19.42894
v 37.00000 -47.42894 18.82500
v 39.00000 -47.65000 18.00000
v 39.00000 -47.42894 17.17500
v 39.00000 -46.82500 16.57106
v 39.00000 -46.00000 16.35000
v 39.00000 -45.17500 16.57106
v 39.00000 -44.57106 17.17500
v 39.00000 -44.35000 18.00000
v 39.00000 -44.57106 18.82500
v 39.00000 -45.17500 19.42894
v 39.00000 -46.00000 19.65000
v 39.00000 -46.82500 19.42894
v 39.00000 -47.42894 18.82500
vt 0.066987 0.750000
vt 0.250000 0.933013
vt 0.500000 1.000000
vt 0.750000 0.933013
vt 0.933013 0.750000
vt 1.000000 0.500000
vt 0.933013 0.250000
vt 0.750000 0.066987
vt 0.500000 0.000000
vt 0.250000 0.066987
vt 0.066987 0.250000
vt 0.000000 0.500000
vt 0.000000 0.500000
vt 0.066987 0.250000
vt 0.250000 0.066987
vt 0.500000 0.000000
vt 0.750000 0.066987
vt 0.933013 0.250000
vt 1.000000 0.500000
vt 0.933013 0.750000
vt 0.750000 0.933013
vt 0.500000 1.000000
vt 0.250000 0.933013
vt 0.066987 0.750000
vt 0.000000 1.000000
vt 1.000000 1.000000
vt 1.000000 0.000000
vt 0.000000 0.000000
vt 0.000000 1.000000
vt 1.000000 1.000000
vt 1.000000 0.000000
vt 0.000000 0.000000
vt 0.000000 0.000000
vt 1.000000 0.000000
vt 1.000000 1.000000
vt 0.000000 1.000000
vt 0.000000 0.000000
vt 1.000000 0.000000
vt 1.000000 1.000000
vt 0.000000 1.000000
vt 0.000000 0.000000
vt 1.000000 0.000000
vt 1.000000 1.000000
vt 0.000000 1.000000
vt 0.000000 0.000000
vt 1.000000 0.000000
vt 1.000000 1.000000
vt 0.000000 1.000000
vt 0.000000 0.000000
vt 1.000000 0.000000
vt 1.000000 1.000000
vt 0.000000 1.000000
vt 0.000000 0.000000
vt 1.000000 0.000000
vt 1.000000 1.000000
vt 0.000000 1.000000
vt 0.000000 1.000000
vt 1.000000 1.000000
vt 1.000000 0.000000
vt 0.000000 0.000000
vt 0.000000 1.000000
vt 1.000000 1.000000
vt 1.000000 0.000000
vt 0.000000 0.000000
vt 0.000000 1.000000
vt 1.000000 1.000000
vt 1.000000 0.000000
vt 0.000000 0.000000
vt 0.000000 1.000000
vt 1.000000 1.000000
vt 1.000000 0.000000
vt 0.000000 0.000000
f 1324/1441 1323/1442 1322/1443 1321/1444 1320/1445 1319/1446 1318/1447 1317/1448 1316/1449 1315/1450 1314/1451 1313/1452
f 1325/1453 1326/1454 1327/1455 1328/1456 1329/1457 1330/1458 1331/1459 1332/1460 1333/1461 1334/1462 1335/1463 1336/1464
f 1313/1465 1325/1466 1326/1467 1314/1468
f 1314/1469 1326/1470 1327/1471 1315/1472
f 1315/1473 1327/1474 1328/1475 1316/1476
f 1316/1477 1328/1478 1329/1479 1317/1480
f 1317/1481 1329/1482 1330/1483 1318/1484
f 1318/1485 1330/1486 1331/1487 1319/1488
f 1319/1489 1331/1490 1332/1491 1320/1492
f 1320/1493 1332/1494 1333/1495 1321/1496
f 1321/1497 1333/1498 1334/1499 1322/1500
f 1322/1501 1334/1502 1335/1503 1323/1504
f 1323/1505 1335/1506 1336/1507 1324/1508
f 1324/1509 1336/1510 1325/1511 1313/1512
o BaseBolt+46
usemtl SFP_R2_Metal
v 37.00000 44.35000 18.00000
v 37.00000 44.57106 17.17500
v 37.00000 45.17500 16.57106
v 37.00000 46.00000 16.35000
v 37.00000 46.82500 16.57106
v 37.00000 47.42894 17.17500
v 37.00000 47.65000 18.00000
v 37.00000 47.42894 18.82500
v 37.00000 46.82500 19.42894
v 37.00000 46.00000 19.65000
v 37.00000 45.17500 19.42894
v 37.00000 44.57106 18.82500
v 39.00000 44.35000 18.00000
v 39.00000 44.57106 17.17500
v 39.00000 45.17500 16.57106
v 39.00000 46.00000 16.35000
v 39.00000 46.82500 16.57106
v 39.00000 47.42894 17.17500
v 39.00000 47.65000 18.00000
v 39.00000 47.42894 18.82500
v 39.00000 46.82500 19.42894
v 39.00000 46.00000 19.65000
v 39.00000 45.17500 19.42894
v 39.00000 44.57106 18.82500
vt 0.066987 0.750000
vt 0.250000 0.933013
vt 0.500000 1.000000
vt 0.750000 0.933013
vt 0.933013 0.750000
vt 1.000000 0.500000
vt 0.933013 0.250000
vt 0.750000 0.066987
vt 0.500000 0.000000
vt 0.250000 0.066987
vt 0.066987 0.250000
vt 0.000000 0.500000
vt 0.000000 0.500000
vt 0.066987 0.250000
vt 0.250000 0.066987
vt 0.500000 0.000000
vt 0.750000 0.066987
vt 0.933013 0.250000
vt 1.000000 0.500000
vt 0.933013 0.750000
vt 0.750000 0.933013
vt 0.500000 1.000000
vt 0.250000 0.933013
vt 0.066987 0.750000
vt 0.000000 1.000000
vt 1.000000 1.000000
vt 1.000000 0.000000
vt 0.000000 0.000000
vt 0.000000 1.000000
vt 1.000000 1.000000
vt 1.000000 0.000000
vt 0.000000 0.000000
vt 0.000000 0.000000
vt 1.000000 0.000000
vt 1.000000 1.000000
vt 0.000000 1.000000
vt 0.000000 0.000000
vt 1.000000 0.000000
vt 1.000000 1.000000
vt 0.000000 1.000000
vt 0.000000 0.000000
vt 1.000000 0.000000
vt 1.000000 1.000000
vt 0.000000 1.000000
vt 0.000000 0.000000
vt 1.000000 0.000000
vt 1.000000 1.000000
vt 0.000000 1.000000
vt 0.000000 0.000000
vt 1.000000 0.000000
vt 1.000000 1.000000
vt 0.000000 1.000000
vt 0.000000 0.000000
vt 1.000000 0.000000
vt 1.000000 1.000000
vt 0.000000 1.000000
vt 0.000000 1.000000
vt 1.000000 1.000000
vt 1.000000 0.000000
vt 0.000000 0.000000
vt 0.000000 1.000000
vt 1.000000 1.000000
vt 1.000000 0.000000
vt 0.000000 0.000000
vt 0.000000 1.000000
vt 1.000000 1.000000
vt 1.000000 0.000000
vt 0.000000 0.000000
vt 0.000000 1.000000
vt 1.000000 1.000000
vt 1.000000 0.000000
vt 0.000000 0.000000
f 1348/1513 1347/1514 1346/1515 1345/1516 1344/1517 1343/1518 1342/1519 1341/1520 1340/1521 1339/1522 1338/1523 1337/1524
f 1349/1525 1350/1526 1351/1527 1352/1528 1353/1529 1354/1530 1355/1531 1356/1532 1357/1533 1358/1534 1359/1535 1360/1536
f 1337/1537 1349/1538 1350/1539 1338/1540
f 1338/1541 1350/1542 1351/1543 1339/1544
f 1339/1545 1351/1546 1352/1547 1340/1548
f 1340/1549 1352/1550 1353/1551 1341/1552
f 1341/1553 1353/1554 1354/1555 1342/1556
f 1342/1557 1354/1558 1355/1559 1343/1560
f 1343/1561 1355/1562 1356/1563 1344/1564
f 1344/1565 1356/1566 1357/1567 1345/1568
f 1345/1569 1357/1570 1358/1571 1346/1572
f 1346/1573 1358/1574 1359/1575 1347/1576
f 1347/1577 1359/1578 1360/1579 1348/1580
f 1348/1581 1360/1582 1349/1583 1337/1584
o CabinetShell
usemtl SFP_R2_Body
v -30.00000 -43.00000 27.00000
v 20.00000 -43.00000 27.00000
v 30.00000 -43.00000 35.00000
v 31.00000 -43.00000 70.00000
v 23.00000 -43.00000 87.00000
v -23.00000 -43.00000 87.00000
v -31.00000 -43.00000 72.00000
v -30.00000 43.00000 27.00000
v 20.00000 43.00000 27.00000
v 30.00000 43.00000 35.00000
v 31.00000 43.00000 70.00000
v 23.00000 43.00000 87.00000
v -23.00000 43.00000 87.00000
v -31.00000 43.00000 72.00000
vt 0.000000 0.750000
vt 0.129032 1.000000
vt 0.870968 1.000000
vt 1.000000 0.716667
vt 0.983871 0.133333
vt 0.822581 0.000000
vt 0.016129 0.000000
vt 0.016129 0.000000
vt 0.822581 0.000000
vt 0.983871 0.133333
vt 1.000000 0.716667
vt 0.870968 1.000000
vt 0.129032 1.000000
vt 0.000000 0.750000
vt 0.000000 0.000000
vt 1.000000 0.000000
vt 1.000000 1.000000
vt 0.000000 1.000000
vt 0.000000 0.000000
vt 1.000000 0.000000
vt 1.000000 1.000000
vt 0.000000 1.000000
vt 0.000000 0.000000
vt 0.000000 1.000000
vt 1.000000 1.000000
vt 1.000000 0.000000
vt 0.000000 0.000000
vt 0.000000 1.000000
vt 1.000000 1.000000
vt 1.000000 0.000000
vt 1.000000 0.000000
vt 0.000000 0.000000
vt 0.000000 1.000000
vt 1.000000 1.000000
vt 0.000000 1.000000
vt 0.000000 0.000000
vt 1.000000 0.000000
vt 1.000000 1.000000
vt 0.000000 1.000000
vt 0.000000 0.000000
vt 1.000000 0.000000
vt 1.000000 1.000000
f 1367/1585 1366/1586 1365/1587 1364/1588 1363/1589 1362/1590 1361/1591
f 1368/1592 1369/1593 1370/1594 1371/1595 1372/1596 1373/1597 1374/1598
f 1361/1599 1362/1600 1369/1601 1368/1602
f 1362/1603 1363/1604 1370/1605 1369/1606
f 1363/1607 1364/1608 1371/1609 1370/1610
f 1364/1611 1365/1612 1372/1613 1371/1614
f 1365/1615 1366/1616 1373/1617 1372/1618
f 1366/1619 1367/1620 1374/1621 1373/1622
f 1367/1623 1361/1624 1368/1625 1374/1626
o CabinetPostLeft
usemtl SFP_R2_Metal
v -8.97607 -46.20000 27.74210
v -8.97607 -41.80000 27.74210
v -12.98009 -41.80000 85.00228
v -12.98009 -46.20000 85.00228
v -7.18045 -48.00000 27.86767
v 7.18447 -48.00000 28.87216
v 3.18045 -48.00000 86.13233
v -11.18447 -48.00000 85.12784
v -7.05489 -46.20000 26.07205
v 7.31003 -46.20000 27.07654
v 7.31003 -41.80000 27.07654
v -7.05489 -41.80000 26.07205
v 8.98009 -46.20000 28.99772
v 8.98009 -41.80000 28.99772
v 4.97607 -41.80000 86.25790
v 4.97607 -46.20000 86.25790
v -7.18045 -40.00000 27.86767
v 7.18447 -40.00000 28.87216
v 3.18045 -40.00000 86.13233
v -11.18447 -40.00000 85.12784
v -11.31003 -46.20000 86.92346
v 3.05489 -46.20000 87.92795
v 3.05489 -41.80000 87.92795
v -11.31003 -41.80000 86.92346
v -8.97607 -46.20000 27.74210
v -7.18045 -48.00000 27.86767
v -11.18447 -48.00000 85.12784
v -12.98009 -46.20000 85.00228
v -8.97607 -41.80000 27.74210
v -7.18045 -40.00000 27.86767
v -11.18447 -40.00000 85.12784
v -12.98009 -41.80000 85.00228
v 8.98009 -46.20000 28.99772
v 7.18447 -48.00000 28.87216
v 3.18045 -48.00000 86.13233
v 4.97607 -46.20000 86.25790
v 8.98009 -41.80000 28.99772
v 7.18447 -40.00000 28.87216
v 3.18045 -40.00000 86.13233
v 4.97607 -41.80000 86.25790
v -8.97607 -46.20000 27.74210
v -7.05489 -46.20000 26.07205
v -7.05489 -41.80000 26.07205
v -8.97607 -41.80000 27.74210
v -12.98009 -46.20000 85.00228
v -11.31003 -46.20000 86.92346
v -11.31003 -41.80000 86.92346
v -12.98009 -41.80000 85.00228
v 8.98009 -46.20000 28.99772
v 7.31003 -46.20000 27.07654
v 7.31003 -41.80000 27.07654
v 8.98009 -41.80000 28.99772
v 4.97607 -46.20000 86.25790
v 3.05489 -46.20000 87.92795
v 3.05489 -41.80000 87.92795
v 4.97607 -41.80000 86.25790
v -7.18045 -48.00000 27.86767
v -7.05489 -46.20000 26.07205
v 7.31003 -46.20000 27.07654
v 7.18447 -48.00000 28.87216
v -11.18447 -48.00000 85.12784
v -11.31003 -46.20000 86.92346
v 3.05489 -46.20000 87.92795
v 3.18045 -48.00000 86.13233
v -7.18045 -40.00000 27.86767
v -7.05489 -41.80000 26.07205
v 7.31003 -41.80000 27.07654
v 7.18447 -40.00000 28.87216
v -11.18447 -40.00000 85.12784
v -11.31003 -41.80000 86.92346
v 3.05489 -41.80000 87.92795
v 3.18045 -40.00000 86.13233
v -8.97607 -46.20000 27.74210
v -7.18045 -48.00000 27.86767
v -7.05489 -46.20000 26.07205
v -12.98009 -46.20000 85.00228
v -11.18447 -48.00000 85.12784
v -11.31003 -46.20000 86.92346
v -8.97607 -41.80000 27.74210
v -7.18045 -40.00000 27.86767
v -7.05489 -41.80000 26.07205
v -12.98009 -41.80000 85.00228
v -11.18447 -40.00000 85.12784
v -11.31003 -41.80000 86.92346
v 8.98009 -46.20000 28.99772
v 7.18447 -48.00000 28.87216
v 7.31003 -46.20000 27.07654
v 4.97607 -46.20000 86.25790
v 3.18045 -48.00000 86.13233
v 3.05489 -46.20000 87.92795
v 8.98009 -41.80000 28.99772
v 7.18447 -40.00000 28.87216
v 7.31003 -41.80000 27.07654
v 4.97607 -41.80000 86.25790
v 3.18045 -40.00000 86.13233
v 3.05489 -41.80000 87.92795
vt 0.000000 1.000000
vt 1.000000 1.000000
vt 1.000000 0.000000
vt 0.000000 0.000000
vt 0.217978 0.000000
vt 1.000000 0.017240
vt 0.782022 1.000000
vt 0.000000 0.982760
vt 0.000000 1.000000
vt 1.000000 1.000000
vt 1.000000 0.000000
vt 0.000000 0.000000
vt 0.000000 0.000000
vt 1.000000 0.000000
vt 1.000000 1.000000
vt 0.000000 1.000000
vt 0.000000 0.982760
vt 0.782022 1.000000
vt 1.000000 0.017240
vt 0.217978 0.000000
vt 0.000000 0.000000
vt 1.000000 0.000000
vt 1.000000 1.000000
vt 0.000000 1.000000
vt 0.690392 0.000000
vt 1.000000 0.002188
vt 0.309608 1.000000
vt 0.000000 0.997812
vt 0.000000 0.997812
vt 0.309608 1.000000
vt 1.000000 0.002188
vt 0.690392 0.000000
vt 0.309608 1.000000
vt 0.000000 0.997812
vt 0.690392 0.000000
vt 1.000000 0.002188
vt 1.000000 0.002188
vt 0.690392 0.000000
vt 0.000000 0.997812
vt 0.309608 1.000000
vt 0.000000 1.000000
vt 1.000000 1.000000
vt 1.000000 0.000000
vt 0.000000 0.000000
vt 0.000000 0.000000
vt 0.000000 1.000000
vt 1.000000 1.000000
vt 1.000000 0.000000
vt 0.000000 1.000000
vt 0.000000 0.000000
vt 1.000000 0.000000
vt 1.000000 1.000000
vt 1.000000 1.000000
vt 0.000000 1.000000
vt 0.000000 0.000000
vt 1.000000 0.000000
vt 0.000000 0.641266
vt 0.008665 0.000000
vt 1.000000 0.358734
vt 0.991335 1.000000
vt 1.000000 0.358734
vt 0.991335 1.000000
vt 0.000000 0.641266
vt 0.008665 0.000000
vt 0.991335 1.000000
vt 1.000000 0.358734
vt 0.008665 0.000000
vt 0.000000 0.641266
vt 0.008665 0.000000
vt 0.000000 0.641266
vt 0.991335 1.000000
vt 1.000000 0.358734
vt 1.000000 1.000000
vt 0.934643 0.000000
vt 0.000000 1.000000
vt 1.000000 0.000000
vt 0.000000 0.065357
vt 1.000000 1.000000
vt 0.000000 0.000000
vt 0.934643 1.000000
vt 1.000000 0.000000
vt 0.000000 1.000000
vt 1.000000 0.065357
vt 0.000000 0.000000
vt 1.000000 1.000000
vt 0.000000 0.934643
vt 1.000000 0.000000
vt 0.000000 1.000000
vt 0.065357 0.000000
vt 1.000000 1.000000
vt 0.000000 0.000000
vt 1.000000 0.934643
vt 0.000000 1.000000
vt 1.000000 0.000000
vt 0.065357 1.000000
vt 0.000000 0.000000
f 1378/1627 1377/1628 1376/1629 1375/1630
f 1379/1631 1380/1632 1381/1633 1382/1634
f 1386/1635 1385/1636 1384/1637 1383/1638
f 1387/1639 1388/1640 1389/1641 1390/1642
f 1394/1643 1393/1644 1392/1645 1391/1646
f 1395/1647 1396/1648 1397/1649 1398/1650
f 1399/1651 1400/1652 1401/1653 1402/1654
f 1406/1655 1405/1656 1404/1657 1403/1658
f 1410/1659 1409/1660 1408/1661 1407/1662
f 1411/1663 1412/1664 1413/1665 1414/1666
f 1418/1667 1417/1668 1416/1669 1415/1670
f 1419/1671 1420/1672 1421/1673 1422/1674
f 1423/1675 1424/1676 1425/1677 1426/1678
f 1430/1679 1429/1680 1428/1681 1427/1682
f 1431/1683 1432/1684 1433/1685 1434/1686
f 1438/1687 1437/1688 1436/1689 1435/1690
f 1442/1691 1441/1692 1440/1693 1439/1694
f 1443/1695 1444/1696 1445/1697 1446/1698
f 1449/1699 1448/1700 1447/1701
f 1450/1702 1451/1703 1452/1704
f 1453/1705 1454/1706 1455/1707
f 1458/1708 1457/1709 1456/1710
f 1459/1711 1460/1712 1461/1713
f 1464/1714 1463/1715 1462/1716
f 1467/1717 1466/1718 1465/1719
f 1468/1720 1469/1721 1470/1722
o CabinetSidePanelLeft
usemtl SFP_R2_Inset
v -29.00000 -44.66000 35.54000
v -29.00000 -43.34000 35.54000
v -29.00000 -43.34000 76.46000
v -29.00000 -44.66000 76.46000
v -28.46000 -45.20000 35.54000
v 0.46000 -45.20000 35.54000
v 0.46000 -45.20000 76.46000
v -28.46000 -45.20000 76.46000
v -28.46000 -44.66000 35.00000
v 0.46000 -44.66000 35.00000
v 0.46000 -43.34000 35.00000
v -28.46000 -43.34000 35.00000
v 1.00000 -44.66000 35.54000
v 1.00000 -43.34000 35.54000
v 1.00000 -43.34000 76.46000
v 1.00000 -44.66000 76.46000
v -28.46000 -42.80000 35.54000
v 0.46000 -42.80000 35.54000
v 0.46000 -42.80000 76.46000
v -28.46000 -42.80000 76.46000
v -28.46000 -44.66000 77.00000
v 0.46000 -44.66000 77.00000
v 0.46000 -43.34000 77.00000
v -28.46000 -43.34000 77.00000
v -29.00000 -44.66000 35.54000
v -28.46000 -45.20000 35.54000
v -28.46000 -45.20000 76.46000
v -29.00000 -44.66000 76.46000
v -29.00000 -43.34000 35.54000
v -28.46000 -42.80000 35.54000
v -28.46000 -42.80000 76.46000
v -29.00000 -43.34000 76.46000
v 1.00000 -44.66000 35.54000
v 0.46000 -45.20000 35.54000
v 0.46000 -45.20000 76.46000
v 1.00000 -44.66000 76.46000
v 1.00000 -43.34000 35.54000
v 0.46000 -42.80000 35.54000
v 0.46000 -42.80000 76.46000
v 1.00000 -43.34000 76.46000
v -29.00000 -44.66000 35.54000
v -28.46000 -44.66000 35.00000
v -28.46000 -43.34000 35.00000
v -29.00000 -43.34000 35.54000
v -29.00000 -44.66000 76.46000
v -28.46000 -44.66000 77.00000
v -28.46000 -43.34000 77.00000
v -29.00000 -43.34000 76.46000
v 1.00000 -44.66000 35.54000
v 0.46000 -44.66000 35.00000
v 0.46000 -43.34000 35.00000
v 1.00000 -43.34000 35.54000
v 1.00000 -44.66000 76.46000
v 0.46000 -44.66000 77.00000
v 0.46000 -43.34000 77.00000
v 1.00000 -43.34000 76.46000
v -28.46000 -45.20000 35.54000
v -28.46000 -44.66000 35.00000
v 0.46000 -44.66000 35.00000
v 0.46000 -45.20000 35.54000
v -28.46000 -45.20000 76.46000
v -28.46000 -44.66000 77.00000
v 0.46000 -44.66000 77.00000
v 0.46000 -45.20000 76.46000
v -28.46000 -42.80000 35.54000
v -28.46000 -43.34000 35.00000
v 0.46000 -43.34000 35.00000
v 0.46000 -42.80000 35.54000
v -28.46000 -42.80000 76.46000
v -28.46000 -43.34000 77.00000
v 0.46000 -43.34000 77.00000
v 0.46000 -42.80000 76.46000
v -29.00000 -44.66000 35.54000
v -28.46000 -45.20000 35.54000
v -28.46000 -44.66000 35.00000
v -29.00000 -44.66000 76.46000
v -28.46000 -45.20000 76.46000
v -28.46000 -44.66000 77.00000
v -29.00000 -43.34000 35.54000
v -28.46000 -42.80000 35.54000
v -28.46000 -43.34000 35.00000
v -29.00000 -43.34000 76.46000
v -28.46000 -42.80000 76.46000
v -28.46000 -43.34000 77.00000
v 1.00000 -44.66000 35.54000
v 0.46000 -45.20000 35.54000
v 0.46000 -44.66000 35.00000
v 1.00000 -44.66000 76.46000
v 0.46000 -45.20000 76.46000
v 0.46000 -44.66000 77.00000
v 1.00000 -43.34000 35.54000
v 0.46000 -42.80000 35.54000
v 0.46000 -43.34000 35.00000
v 1.00000 -43.34000 76.46000
v 0.46000 -42.80000 76.46000
v 0.46000 -43.34000 77.00000
vt 0.000000 1.000000
vt 1.000000 1.000000
vt 1.000000 0.000000
vt 0.000000 0.000000
vt 0.000000 0.000000
vt 1.000000 0.000000
vt 1.000000 1.000000
vt 0.000000 1.000000
vt 0.000000 1.000000
vt 1.000000 1.000000
vt 1.000000 0.000000
vt 0.000000 0.000000
vt 0.000000 0.000000
vt 1.000000 0.000000
vt 1.000000 1.000000
vt 0.000000 1.000000
vt 0.000000 1.000000
vt 1.000000 1.000000
vt 1.000000 0.000000
vt 0.000000 0.000000
vt 0.000000 0.000000
vt 1.000000 0.000000
vt 1.000000 1.000000
vt 0.000000 1.000000
vt 1.000000 0.000000
vt 0.000000 0.000000
vt 0.000000 1.000000
vt 1.000000 1.000000
vt 0.000000 1.000000
vt 1.000000 1.000000
vt 1.000000 0.000000
vt 0.000000 0.000000
vt 1.000000 1.000000
vt 0.000000 1.000000
vt 0.000000 0.000000
vt 1.000000 0.000000
vt 0.000000 0.000000
vt 1.000000 0.000000
vt 1.000000 1.000000
vt 0.000000 1.000000
vt 1.000000 1.000000
vt 1.000000 0.000000
vt 0.000000 0.000000
vt 0.000000 1.000000
vt 0.000000 0.000000
vt 1.000000 0.000000
vt 1.000000 1.000000
vt 0.000000 1.000000
vt 0.000000 1.000000
vt 0.000000 0.000000
vt 1.000000 0.000000
vt 1.000000 1.000000
vt 1.000000 1.000000
vt 0.000000 1.000000
vt 0.000000 0.000000
vt 1.000000 0.000000
vt 0.000000 0.000000
vt 0.000000 1.000000
vt 1.000000 1.000000
vt 1.000000 0.000000
vt 1.000000 0.000000
vt 1.000000 1.000000
vt 0.000000 1.000000
vt 0.000000 0.000000
vt 1.000000 1.000000
vt 1.000000 0.000000
vt 0.000000 0.000000
vt 0.000000 1.000000
vt 0.000000 1.000000
vt 0.000000 0.000000
vt 1.000000 0.000000
vt 1.000000 1.000000
vt 1.000000 0.000000
vt 0.000000 1.000000
vt 1.000000 1.000000
vt 0.000000 1.000000
vt 1.000000 0.000000
vt 1.000000 1.000000
vt 0.000000 1.000000
vt 1.000000 1.000000
vt 0.000000 0.000000
vt 1.000000 0.000000
vt 1.000000 1.000000
vt 0.000000 0.000000
vt 1.000000 1.000000
vt 0.000000 1.000000
vt 1.000000 0.000000
vt 0.000000 1.000000
vt 0.000000 0.000000
vt 1.000000 1.000000
vt 0.000000 0.000000
vt 1.000000 1.000000
vt 0.000000 1.000000
vt 1.000000 0.000000
vt 0.000000 1.000000
vt 0.000000 0.000000
f 1474/1723 1473/1724 1472/1725 1471/1726
f 1475/1727 1476/1728 1477/1729 1478/1730
f 1482/1731 1481/1732 1480/1733 1479/1734
f 1483/1735 1484/1736 1485/1737 1486/1738
f 1490/1739 1489/1740 1488/1741 1487/1742
f 1491/1743 1492/1744 1493/1745 1494/1746
f 1495/1747 1496/1748 1497/1749 1498/1750
f 1502/1751 1501/1752 1500/1753 1499/1754
f 1506/1755 1505/1756 1504/1757 1503/1758
f 1507/1759 1508/1760 1509/1761 1510/1762
f 1514/1763 1513/1764 1512/1765 1511/1766
f 1515/1767 1516/1768 1517/1769 1518/1770
f 1519/1771 1520/1772 1521/1773 1522/1774
f 1526/1775 1525/1776 1524/1777 1523/1778
f 1527/1779 1528/1780 1529/1781 1530/1782
f 1534/1783 1533/1784 1532/1785 1531/1786
f 1538/1787 1537/1788 1536/1789 1535/1790
f 1539/1791 1540/1792 1541/1793 1542/1794
f 1545/1795 1544/1796 1543/1797
f 1546/1798 1547/1799 1548/1800
f 1549/1801 1550/1802 1551/1803
f 1554/1804 1553/1805 1552/1806
f 1555/1807 1556/1808 1557/1809
f 1560/1810 1559/1811 1558/1812
f 1563/1813 1562/1814 1561/1815
f 1564/1816 1565/1817 1566/1818
o SideVentLeft1
usemtl SFP_R2_Trim
v -22.06550 -46.00000 45.16326
v -4.24068 -46.00000 42.65815
v -4.24068 -44.80000 42.65815
v -22.06550 -44.80000 45.16326
v -21.75932 -46.00000 47.34185
v -3.93450 -46.00000 44.83674
v -3.93450 -44.80000 44.83674
v -21.75932 -44.80000 47.34185
vt 0.000000 0.000000
vt 0.000000 1.000000
vt 1.000000 1.000000
vt 1.000000 0.000000
vt 0.000000 0.000000
vt 1.000000 0.000000
vt 1.000000 1.000000
vt 0.000000 1.000000
vt 0.000000 0.534858
vt 0.983113 0.000000
vt 1.000000 0.465142
vt 0.016887 1.000000
vt 0.000000 0.000000
vt 1.000000 0.000000
vt 1.000000 1.000000
vt 0.000000 1.000000
vt 0.983113 0.000000
vt 0.000000 0.534858
vt 0.016887 1.000000
vt 1.000000 0.465142
vt 1.000000 0.000000
vt 0.000000 0.000000
vt 0.000000 1.000000
vt 1.000000 1.000000
f 1567/1819 1570/1820 1569/1821 1568/1822
f 1571/1823 1572/1824 1573/1825 1574/1826
f 1567/1827 1568/1828 1572/1829 1571/1830
f 1568/1831 1569/1832 1573/1833 1572/1834
f 1569/1835 1570/1836 1574/1837 1573/1838
f 1570/1839 1567/1840 1571/1841 1574/1842
o SideVentLeft2
usemtl SFP_R2_Trim
v -22.06550 -46.00000 51.16326
v -4.24068 -46.00000 48.65815
v -4.24068 -44.80000 48.65815
v -22.06550 -44.80000 51.16326
v -21.75932 -46.00000 53.34185
v -3.93450 -46.00000 50.83674
v -3.93450 -44.80000 50.83674
v -21.75932 -44.80000 53.34185
vt 0.000000 0.000000
vt 0.000000 1.000000
vt 1.000000 1.000000
vt 1.000000 0.000000
vt 0.000000 0.000000
vt 1.000000 0.000000
vt 1.000000 1.000000
vt 0.000000 1.000000
vt 0.000000 0.534858
vt 0.983113 0.000000
vt 1.000000 0.465142
vt 0.016887 1.000000
vt 0.000000 0.000000
vt 1.000000 0.000000
vt 1.000000 1.000000
vt 0.000000 1.000000
vt 0.983113 0.000000
vt 0.000000 0.534858
vt 0.016887 1.000000
vt 1.000000 0.465142
vt 1.000000 0.000000
vt 0.000000 0.000000
vt 0.000000 1.000000
vt 1.000000 1.000000
f 1575/1843 1578/1844 1577/1845 1576/1846
f 1579/1847 1580/1848 1581/1849 1582/1850
f 1575/1851 1576/1852 1580/1853 1579/1854
f 1576/1855 1577/1856 1581/1857 1580/1858
f 1577/1859 1578/1860 1582/1861 1581/1862
f 1578/1863 1575/1864 1579/1865 1582/1866
o SideVentLeft3
usemtl SFP_R2_Trim
v -22.06550 -46.00000 57.16326
v -4.24068 -46.00000 54.65815
v -4.24068 -44.80000 54.65815
v -22.06550 -44.80000 57.16326
v -21.75932 -46.00000 59.34185
v -3.93450 -46.00000 56.83674
v -3.93450 -44.80000 56.83674
v -21.75932 -44.80000 59.34185
vt 0.000000 0.000000
vt 0.000000 1.000000
vt 1.000000 1.000000
vt 1.000000 0.000000
vt 0.000000 0.000000
vt 1.000000 0.000000
vt 1.000000 1.000000
vt 0.000000 1.000000
vt 0.000000 0.534858
vt 0.983113 0.000000
vt 1.000000 0.465142
vt 0.016887 1.000000
vt 0.000000 0.000000
vt 1.000000 0.000000
vt 1.000000 1.000000
vt 0.000000 1.000000
vt 0.983113 0.000000
vt 0.000000 0.534858
vt 0.016887 1.000000
vt 1.000000 0.465142
vt 1.000000 0.000000
vt 0.000000 0.000000
vt 0.000000 1.000000
vt 1.000000 1.000000
f 1583/1867 1586/1868 1585/1869 1584/1870
f 1587/1871 1588/1872 1589/1873 1590/1874
f 1583/1875 1584/1876 1588/1877 1587/1878
f 1584/1879 1585/1880 1589/1881 1588/1882
f 1585/1883 1586/1884 1590/1885 1589/1886
f 1586/1887 1583/1888 1587/1889 1590/1890
o SideVentLeft4
usemtl SFP_R2_Trim
v -22.06550 -46.00000 63.16326
v -4.24068 -46.00000 60.65815
v -4.24068 -44.80000 60.65815
v -22.06550 -44.80000 63.16326
v -21.75932 -46.00000 65.34185
v -3.93450 -46.00000 62.83674
v -3.93450 -44.80000 62.83674
v -21.75932 -44.80000 65.34185
vt 0.000000 0.000000
vt 0.000000 1.000000
vt 1.000000 1.000000
vt 1.000000 0.000000
vt 0.000000 0.000000
vt 1.000000 0.000000
vt 1.000000 1.000000
vt 0.000000 1.000000
vt 0.000000 0.534858
vt 0.983113 0.000000
vt 1.000000 0.465142
vt 0.016887 1.000000
vt 0.000000 0.000000
vt 1.000000 0.000000
vt 1.000000 1.000000
vt 0.000000 1.000000
vt 0.983113 0.000000
vt 0.000000 0.534858
vt 0.016887 1.000000
vt 1.000000 0.465142
vt 1.000000 0.000000
vt 0.000000 0.000000
vt 0.000000 1.000000
vt 1.000000 1.000000
f 1591/1891 1594/1892 1593/1893 1592/1894
f 1595/1895 1596/1896 1597/1897 1598/1898
f 1591/1899 1592/1900 1596/1901 1595/1902
f 1592/1903 1593/1904 1597/1905 1596/1906
f 1593/1907 1594/1908 1598/1909 1597/1910
f 1594/1911 1591/1912 1595/1913 1598/1914
o SideVentLeft5
usemtl SFP_R2_Trim
v -22.06550 -46.00000 69.16326
v -4.24068 -46.00000 66.65815
v -4.24068 -44.80000 66.65815
v -22.06550 -44.80000 69.16326
v -21.75932 -46.00000 71.34185
v -3.93450 -46.00000 68.83674
v -3.93450 -44.80000 68.83674
v -21.75932 -44.80000 71.34185
vt 0.000000 0.000000
vt 0.000000 1.000000
vt 1.000000 1.000000
vt 1.000000 0.000000
vt 0.000000 0.000000
vt 1.000000 0.000000
vt 1.000000 1.000000
vt 0.000000 1.000000
vt 0.000000 0.534858
vt 0.983113 0.000000
vt 1.000000 0.465142
vt 0.016887 1.000000
vt 0.000000 0.000000
vt 1.000000 0.000000
vt 1.000000 1.000000
vt 0.000000 1.000000
vt 0.983113 0.000000
vt 0.000000 0.534858
vt 0.016887 1.000000
vt 1.000000 0.465142
vt 1.000000 0.000000
vt 0.000000 0.000000
vt 0.000000 1.000000
vt 1.000000 1.000000
f 1599/1915 1602/1916 1601/1917 1600/1918
f 1603/1919 1604/1920 1605/1921 1606/1922
f 1599/1923 1600/1924 1604/1925 1603/1926
f 1600/1927 1601/1928 1605/1929 1604/1930
f 1601/1931 1602/1932 1606/1933 1605/1934
f 1602/1935 1599/1936 1603/1937 1606/1938
o CabinetPostRight
usemtl SFP_R2_Metal
v -8.97607 41.80000 27.74210
v -8.97607 46.20000 27.74210
v -12.98009 46.20000 85.00228
v -12.98009 41.80000 85.00228
v -7.18045 40.00000 27.86767
v 7.18447 40.00000 28.87216
v 3.18045 40.00000 86.13233
v -11.18447 40.00000 85.12784
v -7.05489 41.80000 26.07205
v 7.31003 41.80000 27.07654
v 7.31003 46.20000 27.07654
v -7.05489 46.20000 26.07205
v 8.98009 41.80000 28.99772
v 8.98009 46.20000 28.99772
v 4.97607 46.20000 86.25790
v 4.97607 41.80000 86.25790
v -7.18045 48.00000 27.86767
v 7.18447 48.00000 28.87216
v 3.18045 48.00000 86.13233
v -11.18447 48.00000 85.12784
v -11.31003 41.80000 86.92346
v 3.05489 41.80000 87.92795
v 3.05489 46.20000 87.92795
v -11.31003 46.20000 86.92346
v -8.97607 41.80000 27.74210
v -7.18045 40.00000 27.86767
v -11.18447 40.00000 85.12784
v -12.98009 41.80000 85.00228
v -8.97607 46.20000 27.74210
v -7.18045 48.00000 27.86767
v -11.18447 48.00000 85.12784
v -12.98009 46.20000 85.00228
v 8.98009 41.80000 28.99772
v 7.18447 40.00000 28.87216
v 3.18045 40.00000 86.13233
v 4.97607 41.80000 86.25790
v 8.98009 46.20000 28.99772
v 7.18447 48.00000 28.87216
v 3.18045 48.00000 86.13233
v 4.97607 46.20000 86.25790
v -8.97607 41.80000 27.74210
v -7.05489 41.80000 26.07205
v -7.05489 46.20000 26.07205
v -8.97607 46.20000 27.74210
v -12.98009 41.80000 85.00228
v -11.31003 41.80000 86.92346
v -11.31003 46.20000 86.92346
v -12.98009 46.20000 85.00228
v 8.98009 41.80000 28.99772
v 7.31003 41.80000 27.07654
v 7.31003 46.20000 27.07654
v 8.98009 46.20000 28.99772
v 4.97607 41.80000 86.25790
v 3.05489 41.80000 87.92795
v 3.05489 46.20000 87.92795
v 4.97607 46.20000 86.25790
v -7.18045 40.00000 27.86767
v -7.05489 41.80000 26.07205
v 7.31003 41.80000 27.07654
v 7.18447 40.00000 28.87216
v -11.18447 40.00000 85.12784
v -11.31003 41.80000 86.92346
v 3.05489 41.80000 87.92795
v 3.18045 40.00000 86.13233
v -7.18045 48.00000 27.86767
v -7.05489 46.20000 26.07205
v 7.31003 46.20000 27.07654
v 7.18447 48.00000 28.87216
v -11.18447 48.00000 85.12784
v -11.31003 46.20000 86.92346
v 3.05489 46.20000 87.92795
v 3.18045 48.00000 86.13233
v -8.97607 41.80000 27.74210
v -7.18045 40.00000 27.86767
v -7.05489 41.80000 26.07205
v -12.98009 41.80000 85.00228
v -11.18447 40.00000 85.12784
v -11.31003 41.80000 86.92346
v -8.97607 46.20000 27.74210
v -7.18045 48.00000 27.86767
v -7.05489 46.20000 26.07205
v -12.98009 46.20000 85.00228
v -11.18447 48.00000 85.12784
v -11.31003 46.20000 86.92346
v 8.98009 41.80000 28.99772
v 7.18447 40.00000 28.87216
v 7.31003 41.80000 27.07654
v 4.97607 41.80000 86.25790
v 3.18045 40.00000 86.13233
v 3.05489 41.80000 87.92795
v 8.98009 46.20000 28.99772
v 7.18447 48.00000 28.87216
v 7.31003 46.20000 27.07654
v 4.97607 46.20000 86.25790
v 3.18045 48.00000 86.13233
v 3.05489 46.20000 87.92795
vt 0.000000 1.000000
vt 1.000000 1.000000
vt 1.000000 0.000000
vt 0.000000 0.000000
vt 0.217978 0.000000
vt 1.000000 0.017240
vt 0.782022 1.000000
vt 0.000000 0.982760
vt 0.000000 1.000000
vt 1.000000 1.000000
vt 1.000000 0.000000
vt 0.000000 0.000000
vt 0.000000 0.000000
vt 1.000000 0.000000
vt 1.000000 1.000000
vt 0.000000 1.000000
vt 0.000000 0.982760
vt 0.782022 1.000000
vt 1.000000 0.017240
vt 0.217978 0.000000
vt 0.000000 0.000000
vt 1.000000 0.000000
vt 1.000000 1.000000
vt 0.000000 1.000000
vt 0.690392 0.000000
vt 1.000000 0.002188
vt 0.309608 1.000000
vt 0.000000 0.997812
vt 0.000000 0.997812
vt 0.309608 1.000000
vt 1.000000 0.002188
vt 0.690392 0.000000
vt 0.309608 1.000000
vt 0.000000 0.997812
vt 0.690392 0.000000
vt 1.000000 0.002188
vt 1.000000 0.002188
vt 0.690392 0.000000
vt 0.000000 0.997812
vt 0.309608 1.000000
vt 0.000000 1.000000
vt 1.000000 1.000000
vt 1.000000 0.000000
vt 0.000000 0.000000
vt 0.000000 0.000000
vt 0.000000 1.000000
vt 1.000000 1.000000
vt 1.000000 0.000000
vt 0.000000 1.000000
vt 0.000000 0.000000
vt 1.000000 0.000000
vt 1.000000 1.000000
vt 1.000000 1.000000
vt 0.000000 1.000000
vt 0.000000 0.000000
vt 1.000000 0.000000
vt 0.000000 0.641266
vt 0.008665 0.000000
vt 1.000000 0.358734
vt 0.991335 1.000000
vt 1.000000 0.358734
vt 0.991335 1.000000
vt 0.000000 0.641266
vt 0.008665 0.000000
vt 0.991335 1.000000
vt 1.000000 0.358734
vt 0.008665 0.000000
vt 0.000000 0.641266
vt 0.008665 0.000000
vt 0.000000 0.641266
vt 0.991335 1.000000
vt 1.000000 0.358734
vt 1.000000 1.000000
vt 0.934643 0.000000
vt 0.000000 1.000000
vt 1.000000 0.000000
vt 0.000000 0.065357
vt 1.000000 1.000000
vt 0.000000 0.000000
vt 0.934643 1.000000
vt 1.000000 0.000000
vt 0.000000 1.000000
vt 1.000000 0.065357
vt 0.000000 0.000000
vt 1.000000 1.000000
vt 0.000000 0.934643
vt 1.000000 0.000000
vt 0.000000 1.000000
vt 0.065357 0.000000
vt 1.000000 1.000000
vt 0.000000 0.000000
vt 1.000000 0.934643
vt 0.000000 1.000000
vt 1.000000 0.000000
vt 0.065357 1.000000
vt 0.000000 0.000000
f 1610/1939 1609/1940 1608/1941 1607/1942
f 1611/1943 1612/1944 1613/1945 1614/1946
f 1618/1947 1617/1948 1616/1949 1615/1950
f 1619/1951 1620/1952 1621/1953 1622/1954
f 1626/1955 1625/1956 1624/1957 1623/1958
f 1627/1959 1628/1960 1629/1961 1630/1962
f 1631/1963 1632/1964 1633/1965 1634/1966
f 1638/1967 1637/1968 1636/1969 1635/1970
f 1642/1971 1641/1972 1640/1973 1639/1974
f 1643/1975 1644/1976 1645/1977 1646/1978
f 1650/1979 1649/1980 1648/1981 1647/1982
f 1651/1983 1652/1984 1653/1985 1654/1986
f 1655/1987 1656/1988 1657/1989 1658/1990
f 1662/1991 1661/1992 1660/1993 1659/1994
f 1663/1995 1664/1996 1665/1997 1666/1998
f 1670/1999 1669/2000 1668/2001 1667/2002
f 1674/2003 1673/2004 1672/2005 1671/2006
f 1675/2007 1676/2008 1677/2009 1678/2010
f 1681/2011 1680/2012 1679/2013
f 1682/2014 1683/2015 1684/2016
f 1685/2017 1686/2018 1687/2019
f 1690/2020 1689/2021 1688/2022
f 1691/2023 1692/2024 1693/2025
f 1696/2026 1695/2027 1694/2028
f 1699/2029 1698/2030 1697/2031
f 1700/2032 1701/2033 1702/2034
o CabinetSidePanelRight
usemtl SFP_R2_Inset
v -29.00000 43.34000 35.54000
v -29.00000 44.66000 35.54000
v -29.00000 44.66000 76.46000
v -29.00000 43.34000 76.46000
v -28.46000 42.80000 35.54000
v 0.46000 42.80000 35.54000
v 0.46000 42.80000 76.46000
v -28.46000 42.80000 76.46000
v -28.46000 43.34000 35.00000
v 0.46000 43.34000 35.00000
v 0.46000 44.66000 35.00000
v -28.46000 44.66000 35.00000
v 1.00000 43.34000 35.54000
v 1.00000 44.66000 35.54000
v 1.00000 44.66000 76.46000
v 1.00000 43.34000 76.46000
v -28.46000 45.20000 35.54000
v 0.46000 45.20000 35.54000
v 0.46000 45.20000 76.46000
v -28.46000 45.20000 76.46000
v -28.46000 43.34000 77.00000
v 0.46000 43.34000 77.00000
v 0.46000 44.66000 77.00000
v -28.46000 44.66000 77.00000
v -29.00000 43.34000 35.54000
v -28.46000 42.80000 35.54000
v -28.46000 42.80000 76.46000
v -29.00000 43.34000 76.46000
v -29.00000 44.66000 35.54000
v -28.46000 45.20000 35.54000
v -28.46000 45.20000 76.46000
v -29.00000 44.66000 76.46000
v 1.00000 43.34000 35.54000
v 0.46000 42.80000 35.54000
v 0.46000 42.80000 76.46000
v 1.00000 43.34000 76.46000
v 1.00000 44.66000 35.54000
v 0.46000 45.20000 35.54000
v 0.46000 45.20000 76.46000
v 1.00000 44.66000 76.46000
v -29.00000 43.34000 35.54000
v -28.46000 43.34000 35.00000
v -28.46000 44.66000 35.00000
v -29.00000 44.66000 35.54000
v -29.00000 43.34000 76.46000
v -28.46000 43.34000 77.00000
v -28.46000 44.66000 77.00000
v -29.00000 44.66000 76.46000
v 1.00000 43.34000 35.54000
v 0.46000 43.34000 35.00000
v 0.46000 44.66000 35.00000
v 1.00000 44.66000 35.54000
v 1.00000 43.34000 76.46000
v 0.46000 43.34000 77.00000
v 0.46000 44.66000 77.00000
v 1.00000 44.66000 76.46000
v -28.46000 42.80000 35.54000
v -28.46000 43.34000 35.00000
v 0.46000 43.34000 35.00000
v 0.46000 42.80000 35.54000
v -28.46000 42.80000 76.46000
v -28.46000 43.34000 77.00000
v 0.46000 43.34000 77.00000
v 0.46000 42.80000 76.46000
v -28.46000 45.20000 35.54000
v -28.46000 44.66000 35.00000
v 0.46000 44.66000 35.00000
v 0.46000 45.20000 35.54000
v -28.46000 45.20000 76.46000
v -28.46000 44.66000 77.00000
v 0.46000 44.66000 77.00000
v 0.46000 45.20000 76.46000
v -29.00000 43.34000 35.54000
v -28.46000 42.80000 35.54000
v -28.46000 43.34000 35.00000
v -29.00000 43.34000 76.46000
v -28.46000 42.80000 76.46000
v -28.46000 43.34000 77.00000
v -29.00000 44.66000 35.54000
v -28.46000 45.20000 35.54000
v -28.46000 44.66000 35.00000
v -29.00000 44.66000 76.46000
v -28.46000 45.20000 76.46000
v -28.46000 44.66000 77.00000
v 1.00000 43.34000 35.54000
v 0.46000 42.80000 35.54000
v 0.46000 43.34000 35.00000
v 1.00000 43.34000 76.46000
v 0.46000 42.80000 76.46000
v 0.46000 43.34000 77.00000
v 1.00000 44.66000 35.54000
v 0.46000 45.20000 35.54000
v 0.46000 44.66000 35.00000
v 1.00000 44.66000 76.46000
v 0.46000 45.20000 76.46000
v 0.46000 44.66000 77.00000
vt 0.000000 1.000000
vt 1.000000 1.000000
vt 1.000000 0.000000
vt 0.000000 0.000000
vt 0.000000 0.000000
vt 1.000000 0.000000
vt 1.000000 1.000000
vt 0.000000 1.000000
vt 0.000000 1.000000
vt 1.000000 1.000000
vt 1.000000 0.000000
vt 0.000000 0.000000
vt 0.000000 0.000000
vt 1.000000 0.000000
vt 1.000000 1.000000
vt 0.000000 1.000000
vt 0.000000 1.000000
vt 1.000000 1.000000
vt 1.000000 0.000000
vt 0.000000 0.000000
vt 0.000000 0.000000
vt 1.000000 0.000000
vt 1.000000 1.000000
vt 0.000000 1.000000
vt 1.000000 0.000000
vt 0.000000 0.000000
vt 0.000000 1.000000
vt 1.000000 1.000000
vt 0.000000 1.000000
vt 1.000000 1.000000
vt 1.000000 0.000000
vt 0.000000 0.000000
vt 1.000000 1.000000
vt 0.000000 1.000000
vt 0.000000 0.000000
vt 1.000000 0.000000
vt 0.000000 0.000000
vt 1.000000 0.000000
vt 1.000000 1.000000
vt 0.000000 1.000000
vt 1.000000 1.000000
vt 1.000000 0.000000
vt 0.000000 0.000000
vt 0.000000 1.000000
vt 0.000000 0.000000
vt 1.000000 0.000000
vt 1.000000 1.000000
vt 0.000000 1.000000
vt 0.000000 1.000000
vt 0.000000 0.000000
vt 1.000000 0.000000
vt 1.000000 1.000000
vt 1.000000 1.000000
vt 0.000000 1.000000
vt 0.000000 0.000000
vt 1.000000 0.000000
vt 0.000000 0.000000
vt 0.000000 1.000000
vt 1.000000 1.000000
vt 1.000000 0.000000
vt 1.000000 0.000000
vt 1.000000 1.000000
vt 0.000000 1.000000
vt 0.000000 0.000000
vt 1.000000 1.000000
vt 1.000000 0.000000
vt 0.000000 0.000000
vt 0.000000 1.000000
vt 0.000000 1.000000
vt 0.000000 0.000000
vt 1.000000 0.000000
vt 1.000000 1.000000
vt 1.000000 0.000000
vt 0.000000 1.000000
vt 1.000000 1.000000
vt 0.000000 1.000000
vt 1.000000 0.000000
vt 1.000000 1.000000
vt 0.000000 1.000000
vt 1.000000 1.000000
vt 0.000000 0.000000
vt 1.000000 0.000000
vt 1.000000 1.000000
vt 0.000000 0.000000
vt 1.000000 1.000000
vt 0.000000 1.000000
vt 1.000000 0.000000
vt 0.000000 1.000000
vt 0.000000 0.000000
vt 1.000000 1.000000
vt 0.000000 0.000000
vt 1.000000 1.000000
vt 0.000000 1.000000
vt 1.000000 0.000000
vt 0.000000 1.000000
vt 0.000000 0.000000
f 1706/2035 1705/2036 1704/2037 1703/2038
f 1707/2039 1708/2040 1709/2041 1710/2042
f 1714/2043 1713/2044 1712/2045 1711/2046
f 1715/2047 1716/2048 1717/2049 1718/2050
f 1722/2051 1721/2052 1720/2053 1719/2054
f 1723/2055 1724/2056 1725/2057 1726/2058
f 1727/2059 1728/2060 1729/2061 1730/2062
f 1734/2063 1733/2064 1732/2065 1731/2066
f 1738/2067 1737/2068 1736/2069 1735/2070
f 1739/2071 1740/2072 1741/2073 1742/2074
f 1746/2075 1745/2076 1744/2077 1743/2078
f 1747/2079 1748/2080 1749/2081 1750/2082
f 1751/2083 1752/2084 1753/2085 1754/2086
f 1758/2087 1757/2088 1756/2089 1755/2090
f 1759/2091 1760/2092 1761/2093 1762/2094
f 1766/2095 1765/2096 1764/2097 1763/2098
f 1770/2099 1769/2100 1768/2101 1767/2102
f 1771/2103 1772/2104 1773/2105 1774/2106
f 1777/2107 1776/2108 1775/2109
f 1778/2110 1779/2111 1780/2112
f 1781/2113 1782/2114 1783/2115
f 1786/2116 1785/2117 1784/2118
f 1787/2119 1788/2120 1789/2121
f 1792/2122 1791/2123 1790/2124
f 1795/2125 1794/2126 1793/2127
f 1796/2128 1797/2129 1798/2130
o SideVentRight1
usemtl SFP_R2_Trim
v -22.06550 44.80000 45.16326
v -4.24068 44.80000 42.65815
v -4.24068 46.00000 42.65815
v -22.06550 46.00000 45.16326
v -21.75932 44.80000 47.34185
v -3.93450 44.80000 44.83674
v -3.93450 46.00000 44.83674
v -21.75932 46.00000 47.34185
vt 0.000000 0.000000
vt 0.000000 1.000000
vt 1.000000 1.000000
vt 1.000000 0.000000
vt 0.000000 0.000000
vt 1.000000 0.000000
vt 1.000000 1.000000
vt 0.000000 1.000000
vt 0.000000 0.534858
vt 0.983113 0.000000
vt 1.000000 0.465142
vt 0.016887 1.000000
vt 0.000000 0.000000
vt 1.000000 0.000000
vt 1.000000 1.000000
vt 0.000000 1.000000
vt 0.983113 0.000000
vt 0.000000 0.534858
vt 0.016887 1.000000
vt 1.000000 0.465142
vt 1.000000 0.000000
vt 0.000000 0.000000
vt 0.000000 1.000000
vt 1.000000 1.000000
f 1799/2131 1802/2132 1801/2133 1800/2134
f 1803/2135 1804/2136 1805/2137 1806/2138
f 1799/2139 1800/2140 1804/2141 1803/2142
f 1800/2143 1801/2144 1805/2145 1804/2146
f 1801/2147 1802/2148 1806/2149 1805/2150
f 1802/2151 1799/2152 1803/2153 1806/2154
o SideVentRight2
usemtl SFP_R2_Trim
v -22.06550 44.80000 51.16326
v -4.24068 44.80000 48.65815
v -4.24068 46.00000 48.65815
v -22.06550 46.00000 51.16326
v -21.75932 44.80000 53.34185
v -3.93450 44.80000 50.83674
v -3.93450 46.00000 50.83674
v -21.75932 46.00000 53.34185
vt 0.000000 0.000000
vt 0.000000 1.000000
vt 1.000000 1.000000
vt 1.000000 0.000000
vt 0.000000 0.000000
vt 1.000000 0.000000
vt 1.000000 1.000000
vt 0.000000 1.000000
vt 0.000000 0.534858
vt 0.983113 0.000000
vt 1.000000 0.465142
vt 0.016887 1.000000
vt 0.000000 0.000000
vt 1.000000 0.000000
vt 1.000000 1.000000
vt 0.000000 1.000000
vt 0.983113 0.000000
vt 0.000000 0.534858
vt 0.016887 1.000000
vt 1.000000 0.465142
vt 1.000000 0.000000
vt 0.000000 0.000000
vt 0.000000 1.000000
vt 1.000000 1.000000
f 1807/2155 1810/2156 1809/2157 1808/2158
f 1811/2159 1812/2160 1813/2161 1814/2162
f 1807/2163 1808/2164 1812/2165 1811/2166
f 1808/2167 1809/2168 1813/2169 1812/2170
f 1809/2171 1810/2172 1814/2173 1813/2174
f 1810/2175 1807/2176 1811/2177 1814/2178
o SideVentRight3
usemtl SFP_R2_Trim
v -22.06550 44.80000 57.16326
v -4.24068 44.80000 54.65815
v -4.24068 46.00000 54.65815
v -22.06550 46.00000 57.16326
v -21.75932 44.80000 59.34185
v -3.93450 44.80000 56.83674
v -3.93450 46.00000 56.83674
v -21.75932 46.00000 59.34185
vt 0.000000 0.000000
vt 0.000000 1.000000
vt 1.000000 1.000000
vt 1.000000 0.000000
vt 0.000000 0.000000
vt 1.000000 0.000000
vt 1.000000 1.000000
vt 0.000000 1.000000
vt 0.000000 0.534858
vt 0.983113 0.000000
vt 1.000000 0.465142
vt 0.016887 1.000000
vt 0.000000 0.000000
vt 1.000000 0.000000
vt 1.000000 1.000000
vt 0.000000 1.000000
vt 0.983113 0.000000
vt 0.000000 0.534858
vt 0.016887 1.000000
vt 1.000000 0.465142
vt 1.000000 0.000000
vt 0.000000 0.000000
vt 0.000000 1.000000
vt 1.000000 1.000000
f 1815/2179 1818/2180 1817/2181 1816/2182
f 1819/2183 1820/2184 1821/2185 1822/2186
f 1815/2187 1816/2188 1820/2189 1819/2190
f 1816/2191 1817/2192 1821/2193 1820/2194
f 1817/2195 1818/2196 1822/2197 1821/2198
f 1818/2199 1815/2200 1819/2201 1822/2202
o SideVentRight4
usemtl SFP_R2_Trim
v -22.06550 44.80000 63.16326
v -4.24068 44.80000 60.65815
v -4.24068 46.00000 60.65815
v -22.06550 46.00000 63.16326
v -21.75932 44.80000 65.34185
v -3.93450 44.80000 62.83674
v -3.93450 46.00000 62.83674
v -21.75932 46.00000 65.34185
vt 0.000000 0.000000
vt 0.000000 1.000000
vt 1.000000 1.000000
vt 1.000000 0.000000
vt 0.000000 0.000000
vt 1.000000 0.000000
vt 1.000000 1.000000
vt 0.000000 1.000000
vt 0.000000 0.534858
vt 0.983113 0.000000
vt 1.000000 0.465142
vt 0.016887 1.000000
vt 0.000000 0.000000
vt 1.000000 0.000000
vt 1.000000 1.000000
vt 0.000000 1.000000
vt 0.983113 0.000000
vt 0.000000 0.534858
vt 0.016887 1.000000
vt 1.000000 0.465142
vt 1.000000 0.000000
vt 0.000000 0.000000
vt 0.000000 1.000000
vt 1.000000 1.000000
f 1823/2203 1826/2204 1825/2205 1824/2206
f 1827/2207 1828/2208 1829/2209 1830/2210
f 1823/2211 1824/2212 1828/2213 1827/2214
f 1824/2215 1825/2216 1829/2217 1828/2218
f 1825/2219 1826/2220 1830/2221 1829/2222
f 1826/2223 1823/2224 1827/2225 1830/2226
o SideVentRight5
usemtl SFP_R2_Trim
v -22.06550 44.80000 69.16326
v -4.24068 44.80000 66.65815
v -4.24068 46.00000 66.65815
v -22.06550 46.00000 69.16326
v -21.75932 44.80000 71.34185
v -3.93450 44.80000 68.83674
v -3.93450 46.00000 68.83674
v -21.75932 46.00000 71.34185
vt 0.000000 0.000000
vt 0.000000 1.000000
vt 1.000000 1.000000
vt 1.000000 0.000000
vt 0.000000 0.000000
vt 1.000000 0.000000
vt 1.000000 1.000000
vt 0.000000 1.000000
vt 0.000000 0.534858
vt 0.983113 0.000000
vt 1.000000 0.465142
vt 0.016887 1.000000
vt 0.000000 0.000000
vt 1.000000 0.000000
vt 1.000000 1.000000
vt 0.000000 1.000000
vt 0.983113 0.000000
vt 0.000000 0.534858
vt 0.016887 1.000000
vt 1.000000 0.465142
vt 1.000000 0.000000
vt 0.000000 0.000000
vt 0.000000 1.000000
vt 1.000000 1.000000
f 1831/2227 1834/2228 1833/2229 1832/2230
f 1835/2231 1836/2232 1837/2233 1838/2234
f 1831/2235 1832/2236 1836/2237 1835/2238
f 1832/2239 1833/2240 1837/2241 1836/2242
f 1833/2243 1834/2244 1838/2245 1837/2246
f 1834/2247 1831/2248 1835/2249 1838/2250
o ServiceDoor
usemtl SFP_R2_Inset
v 30.30000 -32.28000 34.72000
v 30.30000 32.28000 34.72000
v 30.30000 32.28000 75.28000
v 30.30000 -32.28000 75.28000
v 31.02000 -33.00000 34.72000
v 32.78000 -33.00000 34.72000
v 32.78000 -33.00000 75.28000
v 31.02000 -33.00000 75.28000
v 31.02000 -32.28000 34.00000
v 32.78000 -32.28000 34.00000
v 32.78000 32.28000 34.00000
v 31.02000 32.28000 34.00000
v 33.50000 -32.28000 34.72000
v 33.50000 32.28000 34.72000
v 33.50000 32.28000 75.28000
v 33.50000 -32.28000 75.28000
v 31.02000 33.00000 34.72000
v 32.78000 33.00000 34.72000
v 32.78000 33.00000 75.28000
v 31.02000 33.00000 75.28000
v 31.02000 -32.28000 76.00000
v 32.78000 -32.28000 76.00000
v 32.78000 32.28000 76.00000
v 31.02000 32.28000 76.00000
v 30.30000 -32.28000 34.72000
v 31.02000 -33.00000 34.72000
v 31.02000 -33.00000 75.28000
v 30.30000 -32.28000 75.28000
v 30.30000 32.28000 34.72000
v 31.02000 33.00000 34.72000
v 31.02000 33.00000 75.28000
v 30.30000 32.28000 75.28000
v 33.50000 -32.28000 34.72000
v 32.78000 -33.00000 34.72000
v 32.78000 -33.00000 75.28000
v 33.50000 -32.28000 75.28000
v 33.50000 32.28000 34.72000
v 32.78000 33.00000 34.72000
v 32.78000 33.00000 75.28000
v 33.50000 32.28000 75.28000
v 30.30000 -32.28000 34.72000
v 31.02000 -32.28000 34.00000
v 31.02000 32.28000 34.00000
v 30.30000 32.28000 34.72000
v 30.30000 -32.28000 75.28000
v 31.02000 -32.28000 76.00000
v 31.02000 32.28000 76.00000
v 30.30000 32.28000 75.28000
v 33.50000 -32.28000 34.72000
v 32.78000 -32.28000 34.00000
v 32.78000 32.28000 34.00000
v 33.50000 32.28000 34.72000
v 33.50000 -32.28000 75.28000
v 32.78000 -32.28000 76.00000
v 32.78000 32.28000 76.00000
v 33.50000 32.28000 75.28000
v 31.02000 -33.00000 34.72000
v 31.02000 -32.28000 34.00000
v 32.78000 -32.28000 34.00000
v 32.78000 -33.00000 34.72000
v 31.02000 -33.00000 75.28000
v 31.02000 -32.28000 76.00000
v 32.78000 -32.28000 76.00000
v 32.78000 -33.00000 75.28000
v 31.02000 33.00000 34.72000
v 31.02000 32.28000 34.00000
v 32.78000 32.28000 34.00000
v 32.78000 33.00000 34.72000
v 31.02000 33.00000 75.28000
v 31.02000 32.28000 76.00000
v 32.78000 32.28000 76.00000
v 32.78000 33.00000 75.28000
v 30.30000 -32.28000 34.72000
v 31.02000 -33.00000 34.72000
v 31.02000 -32.28000 34.00000
v 30.30000 -32.28000 75.28000
v 31.02000 -33.00000 75.28000
v 31.02000 -32.28000 76.00000
v 30.30000 32.28000 34.72000
v 31.02000 33.00000 34.72000
v 31.02000 32.28000 34.00000
v 30.30000 32.28000 75.28000
v 31.02000 33.00000 75.28000
v 31.02000 32.28000 76.00000
v 33.50000 -32.28000 34.72000
v 32.78000 -33.00000 34.72000
v 32.78000 -32.28000 34.00000
v 33.50000 -32.28000 75.28000
v 32.78000 -33.00000 75.28000
v 32.78000 -32.28000 76.00000
v 33.50000 32.28000 34.72000
v 32.78000 33.00000 34.72000
v 32.78000 32.28000 34.00000
v 33.50000 32.28000 75.28000
v 32.78000 33.00000 75.28000
v 32.78000 32.28000 76.00000
vt 0.000000 1.000000
vt 1.000000 1.000000
vt 1.000000 0.000000
vt 0.000000 0.000000
vt 0.000000 0.000000
vt 1.000000 0.000000
vt 1.000000 1.000000
vt 0.000000 1.000000
vt 0.000000 1.000000
vt 1.000000 1.000000
vt 1.000000 0.000000
vt 0.000000 0.000000
vt 0.000000 0.000000
vt 1.000000 0.000000
vt 1.000000 1.000000
vt 0.000000 1.000000
vt 0.000000 1.000000
vt 1.000000 1.000000
vt 1.000000 0.000000
vt 0.000000 0.000000
vt 0.000000 0.000000
vt 1.000000 0.000000
vt 1.000000 1.000000
vt 0.000000 1.000000
vt 0.000000 0.000000
vt 1.000000 0.000000
vt 1.000000 1.000000
vt 0.000000 1.000000
vt 0.000000 1.000000
vt 1.000000 1.000000
vt 1.000000 0.000000
vt 0.000000 0.000000
vt 1.000000 1.000000
vt 0.000000 1.000000
vt 0.000000 0.000000
vt 1.000000 0.000000
vt 0.000000 0.000000
vt 1.000000 0.000000
vt 1.000000 1.000000
vt 0.000000 1.000000
vt 0.000000 1.000000
vt 1.000000 1.000000
vt 1.000000 0.000000
vt 0.000000 0.000000
vt 0.000000 0.000000
vt 1.000000 0.000000
vt 1.000000 1.000000
vt 0.000000 1.000000
vt 0.000000 1.000000
vt 0.000000 0.000000
vt 1.000000 0.000000
vt 1.000000 1.000000
vt 1.000000 0.000000
vt 1.000000 1.000000
vt 0.000000 1.000000
vt 0.000000 0.000000
vt 0.000000 1.000000
vt 0.000000 0.000000
vt 1.000000 0.000000
vt 1.000000 1.000000
vt 1.000000 0.000000
vt 1.000000 1.000000
vt 0.000000 1.000000
vt 0.000000 0.000000
vt 1.000000 1.000000
vt 1.000000 0.000000
vt 0.000000 0.000000
vt 0.000000 1.000000
vt 0.000000 0.000000
vt 0.000000 1.000000
vt 1.000000 1.000000
vt 1.000000 0.000000
vt 1.000000 0.000000
vt 1.000000 1.000000
vt 0.000000 1.000000
vt 0.000000 0.000000
vt 1.000000 0.000000
vt 1.000000 1.000000
vt 0.000000 1.000000
vt 1.000000 1.000000
vt 1.000000 0.000000
vt 1.000000 1.000000
vt 1.000000 0.000000
vt 0.000000 0.000000
vt 1.000000 1.000000
vt 0.000000 1.000000
vt 1.000000 0.000000
vt 1.000000 1.000000
vt 0.000000 0.000000
vt 1.000000 0.000000
vt 0.000000 0.000000
vt 1.000000 1.000000
vt 0.000000 1.000000
vt 0.000000 0.000000
vt 1.000000 0.000000
vt 0.000000 1.000000
f 1842/2251 1841/2252 1840/2253 1839/2254
f 1843/2255 1844/2256 1845/2257 1846/2258
f 1850/2259 1849/2260 1848/2261 1847/2262
f 1851/2263 1852/2264 1853/2265 1854/2266
f 1858/2267 1857/2268 1856/2269 1855/2270
f 1859/2271 1860/2272 1861/2273 1862/2274
f 1863/2275 1864/2276 1865/2277 1866/2278
f 1870/2279 1869/2280 1868/2281 1867/2282
f 1874/2283 1873/2284 1872/2285 1871/2286
f 1875/2287 1876/2288 1877/2289 1878/2290
f 1882/2291 1881/2292 1880/2293 1879/2294
f 1883/2295 1884/2296 1885/2297 1886/2298
f 1887/2299 1888/2300 1889/2301 1890/2302
f 1894/2303 1893/2304 1892/2305 1891/2306
f 1895/2307 1896/2308 1897/2309 1898/2310
f 1902/2311 1901/2312 1900/2313 1899/2314
f 1906/2315 1905/2316 1904/2317 1903/2318
f 1907/2319 1908/2320 1909/2321 1910/2322
f 1913/2323 1912/2324 1911/2325
f 1914/2326 1915/2327 1916/2328
f 1917/2329 1918/2330 1919/2331
f 1922/2332 1921/2333 1920/2334
f 1923/2335 1924/2336 1925/2337
f 1928/2338 1927/2339 1926/2340
f 1931/2341 1930/2342 1929/2343
f 1932/2344 1933/2345 1934/2346
o ServiceDoorInner
usemtl SFP_R2_Body
v 32.95000 -28.16250 38.33750
v 32.95000 28.16250 38.33750
v 32.95000 28.16250 71.66250
v 32.95000 -28.16250 71.66250
v 33.28750 -28.50000 38.33750
v 34.11250 -28.50000 38.33750
v 34.11250 -28.50000 71.66250
v 33.28750 -28.50000 71.66250
v 33.28750 -28.16250 38.00000
v 34.11250 -28.16250 38.00000
v 34.11250 28.16250 38.00000
v 33.28750 28.16250 38.00000
v 34.45000 -28.16250 38.33750
v 34.45000 28.16250 38.33750
v 34.45000 28.16250 71.66250
v 34.45000 -28.16250 71.66250
v 33.28750 28.50000 38.33750
v 34.11250 28.50000 38.33750
v 34.11250 28.50000 71.66250
v 33.28750 28.50000 71.66250
v 33.28750 -28.16250 72.00000
v 34.11250 -28.16250 72.00000
v 34.11250 28.16250 72.00000
v 33.28750 28.16250 72.00000
v 32.95000 -28.16250 38.33750
v 33.28750 -28.50000 38.33750
v 33.28750 -28.50000 71.66250
v 32.95000 -28.16250 71.66250
v 32.95000 28.16250 38.33750
v 33.28750 28.50000 38.33750
v 33.28750 28.50000 71.66250
v 32.95000 28.16250 71.66250
v 34.45000 -28.16250 38.33750
v 34.11250 -28.50000 38.33750
v 34.11250 -28.50000 71.66250
v 34.45000 -28.16250 71.66250
v 34.45000 28.16250 38.33750
v 34.11250 28.50000 38.33750
v 34.11250 28.50000 71.66250
v 34.45000 28.16250 71.66250
v 32.95000 -28.16250 38.33750
v 33.28750 -28.16250 38.00000
v 33.28750 28.16250 38.00000
v 32.95000 28.16250 38.33750
v 32.95000 -28.16250 71.66250
v 33.28750 -28.16250 72.00000
v 33.28750 28.16250 72.00000
v 32.95000 28.16250 71.66250
v 34.45000 -28.16250 38.33750
v 34.11250 -28.16250 38.00000
v 34.11250 28.16250 38.00000
v 34.45000 28.16250 38.33750
v 34.45000 -28.16250 71.66250
v 34.11250 -28.16250 72.00000
v 34.11250 28.16250 72.00000
v 34.45000 28.16250 71.66250
v 33.28750 -28.50000 38.33750
v 33.28750 -28.16250 38.00000
v 34.11250 -28.16250 38.00000
v 34.11250 -28.50000 38.33750
v 33.28750 -28.50000 71.66250
v 33.28750 -28.16250 72.00000
v 34.11250 -28.16250 72.00000
v 34.11250 -28.50000 71.66250
v 33.28750 28.50000 38.33750
v 33.28750 28.16250 38.00000
v 34.11250 28.16250 38.00000
v 34.11250 28.50000 38.33750
v 33.28750 28.50000 71.66250
v 33.28750 28.16250 72.00000
v 34.11250 28.16250 72.00000
v 34.11250 28.50000 71.66250
v 32.95000 -28.16250 38.33750
v 33.28750 -28.50000 38.33750
v 33.28750 -28.16250 38.00000
v 32.95000 -28.16250 71.66250
v 33.28750 -28.50000 71.66250
v 33.28750 -28.16250 72.00000
v 32.95000 28.16250 38.33750
v 33.28750 28.50000 38.33750
v 33.28750 28.16250 38.00000
v 32.95000 28.16250 71.66250
v 33.28750 28.50000 71.66250
v 33.28750 28.16250 72.00000
v 34.45000 -28.16250 38.33750
v 34.11250 -28.50000 38.33750
v 34.11250 -28.16250 38.00000
v 34.45000 -28.16250 71.66250
v 34.11250 -28.50000 71.66250
v 34.11250 -28.16250 72.00000
v 34.45000 28.16250 38.33750
v 34.11250 28.50000 38.33750
v 34.11250 28.16250 38.00000
v 34.45000 28.16250 71.66250
v 34.11250 28.50000 71.66250
v 34.11250 28.16250 72.00000
vt 0.000000 1.000000
vt 1.000000 1.000000
vt 1.000000 0.000000
vt 0.000000 0.000000
vt 0.000000 0.000000
vt 1.000000 0.000000
vt 1.000000 1.000000
vt 0.000000 1.000000
vt 0.000000 1.000000
vt 1.000000 1.000000
vt 1.000000 0.000000
vt 0.000000 0.000000
vt 0.000000 0.000000
vt 1.000000 0.000000
vt 1.000000 1.000000
vt 0.000000 1.000000
vt 0.000000 1.000000
vt 1.000000 1.000000
vt 1.000000 0.000000
vt 0.000000 0.000000
vt 0.000000 0.000000
vt 1.000000 0.000000
vt 1.000000 1.000000
vt 0.000000 1.000000
vt 1.000000 0.000000
vt 0.000000 0.000000
vt 0.000000 1.000000
vt 1.000000 1.000000
vt 0.000000 1.000000
vt 1.000000 1.000000
vt 1.000000 0.000000
vt 0.000000 0.000000
vt 1.000000 1.000000
vt 0.000000 1.000000
vt 0.000000 0.000000
vt 1.000000 0.000000
vt 0.000000 0.000000
vt 1.000000 0.000000
vt 1.000000 1.000000
vt 0.000000 1.000000
vt 1.000000 1.000000
vt 1.000000 0.000000
vt 0.000000 0.000000
vt 0.000000 1.000000
vt 0.000000 0.000000
vt 0.000000 1.000000
vt 1.000000 1.000000
vt 1.000000 0.000000
vt 0.000000 1.000000
vt 0.000000 0.000000
vt 1.000000 0.000000
vt 1.000000 1.000000
vt 1.000000 0.000000
vt 1.000000 1.000000
vt 0.000000 1.000000
vt 0.000000 0.000000
vt 0.000000 1.000000
vt 0.000000 0.000000
vt 1.000000 0.000000
vt 1.000000 1.000000
vt 1.000000 0.000000
vt 1.000000 1.000000
vt 0.000000 1.000000
vt 0.000000 0.000000
vt 1.000000 1.000000
vt 1.000000 0.000000
vt 0.000000 0.000000
vt 0.000000 1.000000
vt 0.000000 0.000000
vt 0.000000 1.000000
vt 1.000000 1.000000
vt 1.000000 0.000000
vt 1.000000 0.000000
vt 0.000000 1.000000
vt 1.000000 1.000000
vt 1.000000 0.000000
vt 0.000000 0.000000
vt 1.000000 1.000000
vt 0.000000 1.000000
vt 1.000000 1.000000
vt 0.000000 0.000000
vt 0.000000 1.000000
vt 1.000000 0.000000
vt 0.000000 0.000000
vt 1.000000 1.000000
vt 0.000000 1.000000
vt 1.000000 0.000000
vt 1.000000 1.000000
vt 0.000000 0.000000
vt 1.000000 0.000000
vt 0.000000 0.000000
vt 1.000000 1.000000
vt 0.000000 1.000000
vt 0.000000 0.000000
vt 1.000000 0.000000
vt 0.000000 1.000000
f 1938/2347 1937/2348 1936/2349 1935/2350
f 1939/2351 1940/2352 1941/2353 1942/2354
f 1946/2355 1945/2356 1944/2357 1943/2358
f 1947/2359 1948/2360 1949/2361 1950/2362
f 1954/2363 1953/2364 1952/2365 1951/2366
f 1955/2367 1956/2368 1957/2369 1958/2370
f 1959/2371 1960/2372 1961/2373 1962/2374
f 1966/2375 1965/2376 1964/2377 1963/2378
f 1970/2379 1969/2380 1968/2381 1967/2382
f 1971/2383 1972/2384 1973/2385 1974/2386
f 1978/2387 1977/2388 1976/2389 1975/2390
f 1979/2391 1980/2392 1981/2393 1982/2394
f 1983/2395 1984/2396 1985/2397 1986/2398
f 1990/2399 1989/2400 1988/2401 1987/2402
f 1991/2403 1992/2404 1993/2405 1994/2406
f 1998/2407 1997/2408 1996/2409 1995/2410
f 2002/2411 2001/2412 2000/2413 1999/2414
f 2003/2415 2004/2416 2005/2417 2006/2418
f 2009/2419 2008/2420 2007/2421
f 2010/2422 2011/2423 2012/2424
f 2013/2425 2014/2426 2015/2427
f 2018/2428 2017/2429 2016/2430
f 2019/2431 2020/2432 2021/2433
f 2024/2434 2023/2435 2022/2436
f 2027/2437 2026/2438 2025/2439
f 2028/2440 2029/2441 2030/2442
o ServiceFrameTop
usemtl SFP_R2_Metal
v 33.80000 -34.05000 74.85000
v 33.80000 34.05000 74.85000
v 33.80000 34.05000 77.15000
v 33.80000 -34.05000 77.15000
v 34.25000 -34.50000 74.85000
v 35.35000 -34.50000 74.85000
v 35.35000 -34.50000 77.15000
v 34.25000 -34.50000 77.15000
v 34.25000 -34.05000 74.40000
v 35.35000 -34.05000 74.40000
v 35.35000 34.05000 74.40000
v 34.25000 34.05000 74.40000
v 35.80000 -34.05000 74.85000
v 35.80000 34.05000 74.85000
v 35.80000 34.05000 77.15000
v 35.80000 -34.05000 77.15000
v 34.25000 34.50000 74.85000
v 35.35000 34.50000 74.85000
v 35.35000 34.50000 77.15000
v 34.25000 34.50000 77.15000
v 34.25000 -34.05000 77.60000
v 35.35000 -34.05000 77.60000
v 35.35000 34.05000 77.60000
v 34.25000 34.05000 77.60000
v 33.80000 -34.05000 74.85000
v 34.25000 -34.50000 74.85000
v 34.25000 -34.50000 77.15000
v 33.80000 -34.05000 77.15000
v 33.80000 34.05000 74.85000
v 34.25000 34.50000 74.85000
v 34.25000 34.50000 77.15000
v 33.80000 34.05000 77.15000
v 35.80000 -34.05000 74.85000
v 35.35000 -34.50000 74.85000
v 35.35000 -34.50000 77.15000
v 35.80000 -34.05000 77.15000
v 35.80000 34.05000 74.85000
v 35.35000 34.50000 74.85000
v 35.35000 34.50000 77.15000
v 35.80000 34.05000 77.15000
v 33.80000 -34.05000 74.85000
v 34.25000 -34.05000 74.40000
v 34.25000 34.05000 74.40000
v 33.80000 34.05000 74.85000
v 33.80000 -34.05000 77.15000
v 34.25000 -34.05000 77.60000
v 34.25000 34.05000 77.60000
v 33.80000 34.05000 77.15000
v 35.80000 -34.05000 74.85000
v 35.35000 -34.05000 74.40000
v 35.35000 34.05000 74.40000
v 35.80000 34.05000 74.85000
v 35.80000 -34.05000 77.15000
v 35.35000 -34.05000 77.60000
v 35.35000 34.05000 77.60000
v 35.80000 34.05000 77.15000
v 34.25000 -34.50000 74.85000
v 34.25000 -34.05000 74.40000
v 35.35000 -34.05000 74.40000
v 35.35000 -34.50000 74.85000
v 34.25000 -34.50000 77.15000
v 34.25000 -34.05000 77.60000
v 35.35000 -34.05000 77.60000
v 35.35000 -34.50000 77.15000
v 34.25000 34.50000 74.85000
v 34.25000 34.05000 74.40000
v 35.35000 34.05000 74.40000
v 35.35000 34.50000 74.85000
v 34.25000 34.50000 77.15000
v 34.25000 34.05000 77.60000
v 35.35000 34.05000 77.60000
v 35.35000 34.50000 77.15000
v 33.80000 -34.05000 74.85000
v 34.25000 -34.50000 74.85000
v 34.25000 -34.05000 74.40000
v 33.80000 -34.05000 77.15000
v 34.25000 -34.50000 77.15000
v 34.25000 -34.05000 77.60000
v 33.80000 34.05000 74.85000
v 34.25000 34.50000 74.85000
v 34.25000 34.05000 74.40000
v 33.80000 34.05000 77.15000
v 34.25000 34.50000 77.15000
v 34.25000 34.05000 77.60000
v 35.80000 -34.05000 74.85000
v 35.35000 -34.50000 74.85000
v 35.35000 -34.05000 74.40000
v 35.80000 -34.05000 77.15000
v 35.35000 -34.50000 77.15000
v 35.35000 -34.05000 77.60000
v 35.80000 34.05000 74.85000
v 35.35000 34.50000 74.85000
v 35.35000 34.05000 74.40000
v 35.80000 34.05000 77.15000
v 35.35000 34.50000 77.15000
v 35.35000 34.05000 77.60000
vt 0.000000 1.000000
vt 1.000000 1.000000
vt 1.000000 0.000000
vt 0.000000 0.000000
vt 0.000000 0.000000
vt 1.000000 0.000000
vt 1.000000 1.000000
vt 0.000000 1.000000
vt 0.000000 1.000000
vt 1.000000 1.000000
vt 1.000000 0.000000
vt 0.000000 0.000000
vt 0.000000 0.000000
vt 1.000000 0.000000
vt 1.000000 1.000000
vt 0.000000 1.000000
vt 0.000000 1.000000
vt 1.000000 1.000000
vt 1.000000 0.000000
vt 0.000000 0.000000
vt 0.000000 0.000000
vt 1.000000 0.000000
vt 1.000000 1.000000
vt 0.000000 1.000000
vt 1.000000 0.000000
vt 0.000000 0.000000
vt 0.000000 1.000000
vt 1.000000 1.000000
vt 0.000000 1.000000
vt 1.000000 1.000000
vt 1.000000 0.000000
vt 0.000000 0.000000
vt 1.000000 1.000000
vt 0.000000 1.000000
vt 0.000000 0.000000
vt 1.000000 0.000000
vt 0.000000 0.000000
vt 1.000000 0.000000
vt 1.000000 1.000000
vt 0.000000 1.000000
vt 0.000000 1.000000
vt 1.000000 1.000000
vt 1.000000 0.000000
vt 0.000000 0.000000
vt 0.000000 0.000000
vt 1.000000 0.000000
vt 1.000000 1.000000
vt 0.000000 1.000000
vt 1.000000 0.000000
vt 0.000000 0.000000
vt 0.000000 1.000000
vt 1.000000 1.000000
vt 1.000000 1.000000
vt 0.000000 1.000000
vt 0.000000 0.000000
vt 1.000000 0.000000
vt 0.000000 0.000000
vt 0.000000 1.000000
vt 1.000000 1.000000
vt 1.000000 0.000000
vt 1.000000 0.000000
vt 1.000000 1.000000
vt 0.000000 1.000000
vt 0.000000 0.000000
vt 1.000000 1.000000
vt 1.000000 0.000000
vt 0.000000 0.000000
vt 0.000000 1.000000
vt 0.000000 1.000000
vt 0.000000 0.000000
vt 1.000000 0.000000
vt 1.000000 1.000000
vt 1.000000 1.000000
vt 1.000000 0.000000
vt 0.000000 1.000000
vt 0.000000 1.000000
vt 1.000000 0.000000
vt 1.000000 1.000000
vt 0.000000 0.000000
vt 1.000000 1.000000
vt 1.000000 0.000000
vt 1.000000 0.000000
vt 1.000000 1.000000
vt 0.000000 0.000000
vt 1.000000 1.000000
vt 0.000000 0.000000
vt 0.000000 1.000000
vt 0.000000 1.000000
vt 0.000000 0.000000
vt 1.000000 1.000000
vt 0.000000 0.000000
vt 0.000000 1.000000
vt 1.000000 0.000000
vt 1.000000 0.000000
vt 0.000000 1.000000
vt 0.000000 0.000000
f 2034/2443 2033/2444 2032/2445 2031/2446
f 2035/2447 2036/2448 2037/2449 2038/2450
f 2042/2451 2041/2452 2040/2453 2039/2454
f 2043/2455 2044/2456 2045/2457 2046/2458
f 2050/2459 2049/2460 2048/2461 2047/2462
f 2051/2463 2052/2464 2053/2465 2054/2466
f 2055/2467 2056/2468 2057/2469 2058/2470
f 2062/2471 2061/2472 2060/2473 2059/2474
f 2066/2475 2065/2476 2064/2477 2063/2478
f 2067/2479 2068/2480 2069/2481 2070/2482
f 2074/2483 2073/2484 2072/2485 2071/2486
f 2075/2487 2076/2488 2077/2489 2078/2490
f 2079/2491 2080/2492 2081/2493 2082/2494
f 2086/2495 2085/2496 2084/2497 2083/2498
f 2087/2499 2088/2500 2089/2501 2090/2502
f 2094/2503 2093/2504 2092/2505 2091/2506
f 2098/2507 2097/2508 2096/2509 2095/2510
f 2099/2511 2100/2512 2101/2513 2102/2514
f 2105/2515 2104/2516 2103/2517
f 2106/2518 2107/2519 2108/2520
f 2109/2521 2110/2522 2111/2523
f 2114/2524 2113/2525 2112/2526
f 2115/2527 2116/2528 2117/2529
f 2120/2530 2119/2531 2118/2532
f 2123/2533 2122/2534 2121/2535
f 2124/2536 2125/2537 2126/2538
o ServiceFrameBottom
usemtl SFP_R2_Metal
v 33.80000 -34.05000 32.85000
v 33.80000 34.05000 32.85000
v 33.80000 34.05000 35.15000
v 33.80000 -34.05000 35.15000
v 34.25000 -34.50000 32.85000
v 35.35000 -34.50000 32.85000
v 35.35000 -34.50000 35.15000
v 34.25000 -34.50000 35.15000
v 34.25000 -34.05000 32.40000
v 35.35000 -34.05000 32.40000
v 35.35000 34.05000 32.40000
v 34.25000 34.05000 32.40000
v 35.80000 -34.05000 32.85000
v 35.80000 34.05000 32.85000
v 35.80000 34.05000 35.15000
v 35.80000 -34.05000 35.15000
v 34.25000 34.50000 32.85000
v 35.35000 34.50000 32.85000
v 35.35000 34.50000 35.15000
v 34.25000 34.50000 35.15000
v 34.25000 -34.05000 35.60000
v 35.35000 -34.05000 35.60000
v 35.35000 34.05000 35.60000
v 34.25000 34.05000 35.60000
v 33.80000 -34.05000 32.85000
v 34.25000 -34.50000 32.85000
v 34.25000 -34.50000 35.15000
v 33.80000 -34.05000 35.15000
v 33.80000 34.05000 32.85000
v 34.25000 34.50000 32.85000
v 34.25000 34.50000 35.15000
v 33.80000 34.05000 35.15000
v 35.80000 -34.05000 32.85000
v 35.35000 -34.50000 32.85000
v 35.35000 -34.50000 35.15000
v 35.80000 -34.05000 35.15000
v 35.80000 34.05000 32.85000
v 35.35000 34.50000 32.85000
v 35.35000 34.50000 35.15000
v 35.80000 34.05000 35.15000
v 33.80000 -34.05000 32.85000
v 34.25000 -34.05000 32.40000
v 34.25000 34.05000 32.40000
v 33.80000 34.05000 32.85000
v 33.80000 -34.05000 35.15000
v 34.25000 -34.05000 35.60000
v 34.25000 34.05000 35.60000
v 33.80000 34.05000 35.15000
v 35.80000 -34.05000 32.85000
v 35.35000 -34.05000 32.40000
v 35.35000 34.05000 32.40000
v 35.80000 34.05000 32.85000
v 35.80000 -34.05000 35.15000
v 35.35000 -34.05000 35.60000
v 35.35000 34.05000 35.60000
v 35.80000 34.05000 35.15000
v 34.25000 -34.50000 32.85000
v 34.25000 -34.05000 32.40000
v 35.35000 -34.05000 32.40000
v 35.35000 -34.50000 32.85000
v 34.25000 -34.50000 35.15000
v 34.25000 -34.05000 35.60000
v 35.35000 -34.05000 35.60000
v 35.35000 -34.50000 35.15000
v 34.25000 34.50000 32.85000
v 34.25000 34.05000 32.40000
v 35.35000 34.05000 32.40000
v 35.35000 34.50000 32.85000
v 34.25000 34.50000 35.15000
v 34.25000 34.05000 35.60000
v 35.35000 34.05000 35.60000
v 35.35000 34.50000 35.15000
v 33.80000 -34.05000 32.85000
v 34.25000 -34.50000 32.85000
v 34.25000 -34.05000 32.40000
v 33.80000 -34.05000 35.15000
v 34.25000 -34.50000 35.15000
v 34.25000 -34.05000 35.60000
v 33.80000 34.05000 32.85000
v 34.25000 34.50000 32.85000
v 34.25000 34.05000 32.40000
v 33.80000 34.05000 35.15000
v 34.25000 34.50000 35.15000
v 34.25000 34.05000 35.60000
v 35.80000 -34.05000 32.85000
v 35.35000 -34.50000 32.85000
v 35.35000 -34.05000 32.40000
v 35.80000 -34.05000 35.15000
v 35.35000 -34.50000 35.15000
v 35.35000 -34.05000 35.60000
v 35.80000 34.05000 32.85000
v 35.35000 34.50000 32.85000
v 35.35000 34.05000 32.40000
v 35.80000 34.05000 35.15000
v 35.35000 34.50000 35.15000
v 35.35000 34.05000 35.60000
vt 0.000000 1.000000
vt 1.000000 1.000000
vt 1.000000 0.000000
vt 0.000000 0.000000
vt 0.000000 0.000000
vt 1.000000 0.000000
vt 1.000000 1.000000
vt 0.000000 1.000000
vt 0.000000 1.000000
vt 1.000000 1.000000
vt 1.000000 0.000000
vt 0.000000 0.000000
vt 0.000000 0.000000
vt 1.000000 0.000000
vt 1.000000 1.000000
vt 0.000000 1.000000
vt 0.000000 1.000000
vt 1.000000 1.000000
vt 1.000000 0.000000
vt 0.000000 0.000000
vt 0.000000 0.000000
vt 1.000000 0.000000
vt 1.000000 1.000000
vt 0.000000 1.000000
vt 1.000000 0.000000
vt 0.000000 0.000000
vt 0.000000 1.000000
vt 1.000000 1.000000
vt 0.000000 1.000000
vt 1.000000 1.000000
vt 1.000000 0.000000
vt 0.000000 0.000000
vt 1.000000 1.000000
vt 0.000000 1.000000
vt 0.000000 0.000000
vt 1.000000 0.000000
vt 0.000000 0.000000
vt 1.000000 0.000000
vt 1.000000 1.000000
vt 0.000000 1.000000
vt 1.000000 1.000000
vt 1.000000 0.000000
vt 0.000000 0.000000
vt 0.000000 1.000000
vt 0.000000 0.000000
vt 0.000000 1.000000
vt 1.000000 1.000000
vt 1.000000 0.000000
vt 0.000000 1.000000
vt 0.000000 0.000000
vt 1.000000 0.000000
vt 1.000000 1.000000
vt 1.000000 0.000000
vt 1.000000 1.000000
vt 0.000000 1.000000
vt 0.000000 0.000000
vt 0.000000 1.000000
vt 0.000000 0.000000
vt 1.000000 0.000000
vt 1.000000 1.000000
vt 1.000000 0.000000
vt 1.000000 1.000000
vt 0.000000 1.000000
vt 0.000000 0.000000
vt 1.000000 1.000000
vt 1.000000 0.000000
vt 0.000000 0.000000
vt 0.000000 1.000000
vt 0.000000 0.000000
vt 0.000000 1.000000
vt 1.000000 1.000000
vt 1.000000 0.000000
vt 1.000000 0.000000
vt 0.000000 1.000000
vt 1.000000 1.000000
vt 1.000000 0.000000
vt 0.000000 0.000000
vt 1.000000 1.000000
vt 0.000000 1.000000
vt 1.000000 1.000000
vt 0.000000 0.000000
vt 0.000000 1.000000
vt 1.000000 0.000000
vt 0.000000 0.000000
vt 1.000000 1.000000
vt 0.000000 1.000000
vt 1.000000 0.000000
vt 1.000000 1.000000
vt 0.000000 0.000000
vt 1.000000 0.000000
vt 0.000000 0.000000
vt 1.000000 1.000000
vt 0.000000 1.000000
vt 0.000000 0.000000
vt 1.000000 0.000000
vt 0.000000 1.000000
f 2130/2539 2129/2540 2128/2541 2127/2542
f 2131/2543 2132/2544 2133/2545 2134/2546
f 2138/2547 2137/2548 2136/2549 2135/2550
f 2139/2551 2140/2552 2141/2553 2142/2554
f 2146/2555 2145/2556 2144/2557 2143/2558
f 2147/2559 2148/2560 2149/2561 2150/2562
f 2151/2563 2152/2564 2153/2565 2154/2566
f 2158/2567 2157/2568 2156/2569 2155/2570
f 2162/2571 2161/2572 2160/2573 2159/2574
f 2163/2575 2164/2576 2165/2577 2166/2578
f 2170/2579 2169/2580 2168/2581 2167/2582
f 2171/2583 2172/2584 2173/2585 2174/2586
f 2175/2587 2176/2588 2177/2589 2178/2590
f 2182/2591 2181/2592 2180/2593 2179/2594
f 2183/2595 2184/2596 2185/2597 2186/2598
f 2190/2599 2189/2600 2188/2601 2187/2602
f 2194/2603 2193/2604 2192/2605 2191/2606
f 2195/2607 2196/2608 2197/2609 2198/2610
f 2201/2611 2200/2612 2199/2613
f 2202/2614 2203/2615 2204/2616
f 2205/2617 2206/2618 2207/2619
f 2210/2620 2209/2621 2208/2622
f 2211/2623 2212/2624 2213/2625
f 2216/2626 2215/2627 2214/2628
f 2219/2629 2218/2630 2217/2631
f 2220/2632 2221/2633 2222/2634
o ServiceFrameLeft
usemtl SFP_R2_Metal
v 33.80000 -34.15000 33.95000
v 33.80000 -31.85000 33.95000
v 33.80000 -31.85000 76.05000
v 33.80000 -34.15000 76.05000
v 34.25000 -34.60000 33.95000
v 35.35000 -34.60000 33.95000
v 35.35000 -34.60000 76.05000
v 34.25000 -34.60000 76.05000
v 34.25000 -34.15000 33.50000
v 35.35000 -34.15000 33.50000
v 35.35000 -31.85000 33.50000
v 34.25000 -31.85000 33.50000
v 35.80000 -34.15000 33.95000
v 35.80000 -31.85000 33.95000
v 35.80000 -31.85000 76.05000
v 35.80000 -34.15000 76.05000
v 34.25000 -31.40000 33.95000
v 35.35000 -31.40000 33.95000
v 35.35000 -31.40000 76.05000
v 34.25000 -31.40000 76.05000
v 34.25000 -34.15000 76.50000
v 35.35000 -34.15000 76.50000
v 35.35000 -31.85000 76.50000
v 34.25000 -31.85000 76.50000
v 33.80000 -34.15000 33.95000
v 34.25000 -34.60000 33.95000
v 34.25000 -34.60000 76.05000
v 33.80000 -34.15000 76.05000
v 33.80000 -31.85000 33.95000
v 34.25000 -31.40000 33.95000
v 34.25000 -31.40000 76.05000
v 33.80000 -31.85000 76.05000
v 35.80000 -34.15000 33.95000
v 35.35000 -34.60000 33.95000
v 35.35000 -34.60000 76.05000
v 35.80000 -34.15000 76.05000
v 35.80000 -31.85000 33.95000
v 35.35000 -31.40000 33.95000
v 35.35000 -31.40000 76.05000
v 35.80000 -31.85000 76.05000
v 33.80000 -34.15000 33.95000
v 34.25000 -34.15000 33.50000
v 34.25000 -31.85000 33.50000
v 33.80000 -31.85000 33.95000
v 33.80000 -34.15000 76.05000
v 34.25000 -34.15000 76.50000
v 34.25000 -31.85000 76.50000
v 33.80000 -31.85000 76.05000
v 35.80000 -34.15000 33.95000
v 35.35000 -34.15000 33.50000
v 35.35000 -31.85000 33.50000
v 35.80000 -31.85000 33.95000
v 35.80000 -34.15000 76.05000
v 35.35000 -34.15000 76.50000
v 35.35000 -31.85000 76.50000
v 35.80000 -31.85000 76.05000
v 34.25000 -34.60000 33.95000
v 34.25000 -34.15000 33.50000
v 35.35000 -34.15000 33.50000
v 35.35000 -34.60000 33.95000
v 34.25000 -34.60000 76.05000
v 34.25000 -34.15000 76.50000
v 35.35000 -34.15000 76.50000
v 35.35000 -34.60000 76.05000
v 34.25000 -31.40000 33.95000
v 34.25000 -31.85000 33.50000
v 35.35000 -31.85000 33.50000
v 35.35000 -31.40000 33.95000
v 34.25000 -31.40000 76.05000
v 34.25000 -31.85000 76.50000
v 35.35000 -31.85000 76.50000
v 35.35000 -31.40000 76.05000
v 33.80000 -34.15000 33.95000
v 34.25000 -34.60000 33.95000
v 34.25000 -34.15000 33.50000
v 33.80000 -34.15000 76.05000
v 34.25000 -34.60000 76.05000
v 34.25000 -34.15000 76.50000
v 33.80000 -31.85000 33.95000
v 34.25000 -31.40000 33.95000
v 34.25000 -31.85000 33.50000
v 33.80000 -31.85000 76.05000
v 34.25000 -31.40000 76.05000
v 34.25000 -31.85000 76.50000
v 35.80000 -34.15000 33.95000
v 35.35000 -34.60000 33.95000
v 35.35000 -34.15000 33.50000
v 35.80000 -34.15000 76.05000
v 35.35000 -34.60000 76.05000
v 35.35000 -34.15000 76.50000
v 35.80000 -31.85000 33.95000
v 35.35000 -31.40000 33.95000
v 35.35000 -31.85000 33.50000
v 35.80000 -31.85000 76.05000
v 35.35000 -31.40000 76.05000
v 35.35000 -31.85000 76.50000
vt 0.000000 1.000000
vt 1.000000 1.000000
vt 1.000000 0.000000
vt 0.000000 0.000000
vt 0.000000 0.000000
vt 1.000000 0.000000
vt 1.000000 1.000000
vt 0.000000 1.000000
vt 0.000000 1.000000
vt 1.000000 1.000000
vt 1.000000 0.000000
vt 0.000000 0.000000
vt 0.000000 0.000000
vt 1.000000 0.000000
vt 1.000000 1.000000
vt 0.000000 1.000000
vt 0.000000 1.000000
vt 1.000000 1.000000
vt 1.000000 0.000000
vt 0.000000 0.000000
vt 0.000000 0.000000
vt 1.000000 0.000000
vt 1.000000 1.000000
vt 0.000000 1.000000
vt 1.000000 0.000000
vt 0.000000 0.000000
vt 0.000000 1.000000
vt 1.000000 1.000000
vt 0.000000 1.000000
vt 1.000000 1.000000
vt 1.000000 0.000000
vt 0.000000 0.000000
vt 1.000000 1.000000
vt 0.000000 1.000000
vt 0.000000 0.000000
vt 1.000000 0.000000
vt 0.000000 0.000000
vt 1.000000 0.000000
vt 1.000000 1.000000
vt 0.000000 1.000000
vt 1.000000 1.000000
vt 1.000000 0.000000
vt 0.000000 0.000000
vt 0.000000 1.000000
vt 0.000000 0.000000
vt 0.000000 1.000000
vt 1.000000 1.000000
vt 1.000000 0.000000
vt 0.000000 1.000000
vt 0.000000 0.000000
vt 1.000000 0.000000
vt 1.000000 1.000000
vt 1.000000 0.000000
vt 1.000000 1.000000
vt 0.000000 1.000000
vt 0.000000 0.000000
vt 0.000000 1.000000
vt 0.000000 0.000000
vt 1.000000 0.000000
vt 1.000000 1.000000
vt 1.000000 0.000000
vt 1.000000 1.000000
vt 0.000000 1.000000
vt 0.000000 0.000000
vt 1.000000 1.000000
vt 1.000000 0.000000
vt 0.000000 0.000000
vt 0.000000 1.000000
vt 0.000000 0.000000
vt 0.000000 1.000000
vt 1.000000 1.000000
vt 1.000000 0.000000
vt 1.000000 0.000000
vt 0.000000 1.000000
vt 1.000000 1.000000
vt 1.000000 0.000000
vt 0.000000 0.000000
vt 1.000000 1.000000
vt 0.000000 1.000000
vt 1.000000 1.000000
vt 0.000000 0.000000
vt 0.000000 1.000000
vt 1.000000 0.000000
vt 0.000000 0.000000
vt 1.000000 1.000000
vt 0.000000 1.000000
vt 1.000000 0.000000
vt 1.000000 1.000000
vt 0.000000 0.000000
vt 1.000000 0.000000
vt 0.000000 0.000000
vt 1.000000 1.000000
vt 0.000000 1.000000
vt 0.000000 0.000000
vt 1.000000 0.000000
vt 0.000000 1.000000
f 2226/2635 2225/2636 2224/2637 2223/2638
f 2227/2639 2228/2640 2229/2641 2230/2642
f 2234/2643 2233/2644 2232/2645 2231/2646
f 2235/2647 2236/2648 2237/2649 2238/2650
f 2242/2651 2241/2652 2240/2653 2239/2654
f 2243/2655 2244/2656 2245/2657 2246/2658
f 2247/2659 2248/2660 2249/2661 2250/2662
f 2254/2663 2253/2664 2252/2665 2251/2666
f 2258/2667 2257/2668 2256/2669 2255/2670
f 2259/2671 2260/2672 2261/2673 2262/2674
f 2266/2675 2265/2676 2264/2677 2263/2678
f 2267/2679 2268/2680 2269/2681 2270/2682
f 2271/2683 2272/2684 2273/2685 2274/2686
f 2278/2687 2277/2688 2276/2689 2275/2690
f 2279/2691 2280/2692 2281/2693 2282/2694
f 2286/2695 2285/2696 2284/2697 2283/2698
f 2290/2699 2289/2700 2288/2701 2287/2702
f 2291/2703 2292/2704 2293/2705 2294/2706
f 2297/2707 2296/2708 2295/2709
f 2298/2710 2299/2711 2300/2712
f 2301/2713 2302/2714 2303/2715
f 2306/2716 2305/2717 2304/2718
f 2307/2719 2308/2720 2309/2721
f 2312/2722 2311/2723 2310/2724
f 2315/2725 2314/2726 2313/2727
f 2316/2728 2317/2729 2318/2730
o ServiceFrameRight
usemtl SFP_R2_Metal
v 33.80000 31.85000 33.95000
v 33.80000 34.15000 33.95000
v 33.80000 34.15000 76.05000
v 33.80000 31.85000 76.05000
v 34.25000 31.40000 33.95000
v 35.35000 31.40000 33.95000
v 35.35000 31.40000 76.05000
v 34.25000 31.40000 76.05000
v 34.25000 31.85000 33.50000
v 35.35000 31.85000 33.50000
v 35.35000 34.15000 33.50000
v 34.25000 34.15000 33.50000
v 35.80000 31.85000 33.95000
v 35.80000 34.15000 33.95000
v 35.80000 34.15000 76.05000
v 35.80000 31.85000 76.05000
v 34.25000 34.60000 33.95000
v 35.35000 34.60000 33.95000
v 35.35000 34.60000 76.05000
v 34.25000 34.60000 76.05000
v 34.25000 31.85000 76.50000
v 35.35000 31.85000 76.50000
v 35.35000 34.15000 76.50000
v 34.25000 34.15000 76.50000
v 33.80000 31.85000 33.95000
v 34.25000 31.40000 33.95000
v 34.25000 31.40000 76.05000
v 33.80000 31.85000 76.05000
v 33.80000 34.15000 33.95000
v 34.25000 34.60000 33.95000
v 34.25000 34.60000 76.05000
v 33.80000 34.15000 76.05000
v 35.80000 31.85000 33.95000
v 35.35000 31.40000 33.95000
v 35.35000 31.40000 76.05000
v 35.80000 31.85000 76.05000
v 35.80000 34.15000 33.95000
v 35.35000 34.60000 33.95000
v 35.35000 34.60000 76.05000
v 35.80000 34.15000 76.05000
v 33.80000 31.85000 33.95000
v 34.25000 31.85000 33.50000
v 34.25000 34.15000 33.50000
v 33.80000 34.15000 33.95000
v 33.80000 31.85000 76.05000
v 34.25000 31.85000 76.50000
v 34.25000 34.15000 76.50000
v 33.80000 34.15000 76.05000
v 35.80000 31.85000 33.95000
v 35.35000 31.85000 33.50000
v 35.35000 34.15000 33.50000
v 35.80000 34.15000 33.95000
v 35.80000 31.85000 76.05000
v 35.35000 31.85000 76.50000
v 35.35000 34.15000 76.50000
v 35.80000 34.15000 76.05000
v 34.25000 31.40000 33.95000
v 34.25000 31.85000 33.50000
v 35.35000 31.85000 33.50000
v 35.35000 31.40000 33.95000
v 34.25000 31.40000 76.05000
v 34.25000 31.85000 76.50000
v 35.35000 31.85000 76.50000
v 35.35000 31.40000 76.05000
v 34.25000 34.60000 33.95000
v 34.25000 34.15000 33.50000
v 35.35000 34.15000 33.50000
v 35.35000 34.60000 33.95000
v 34.25000 34.60000 76.05000
v 34.25000 34.15000 76.50000
v 35.35000 34.15000 76.50000
v 35.35000 34.60000 76.05000
v 33.80000 31.85000 33.95000
v 34.25000 31.40000 33.95000
v 34.25000 31.85000 33.50000
v 33.80000 31.85000 76.05000
v 34.25000 31.40000 76.05000
v 34.25000 31.85000 76.50000
v 33.80000 34.15000 33.95000
v 34.25000 34.60000 33.95000
v 34.25000 34.15000 33.50000
v 33.80000 34.15000 76.05000
v 34.25000 34.60000 76.05000
v 34.25000 34.15000 76.50000
v 35.80000 31.85000 33.95000
v 35.35000 31.40000 33.95000
v 35.35000 31.85000 33.50000
v 35.80000 31.85000 76.05000
v 35.35000 31.40000 76.05000
v 35.35000 31.85000 76.50000
v 35.80000 34.15000 33.95000
v 35.35000 34.60000 33.95000
v 35.35000 34.15000 33.50000
v 35.80000 34.15000 76.05000
v 35.35000 34.60000 76.05000
v 35.35000 34.15000 76.50000
vt 0.000000 1.000000
vt 1.000000 1.000000
vt 1.000000 0.000000
vt 0.000000 0.000000
vt 0.000000 0.000000
vt 1.000000 0.000000
vt 1.000000 1.000000
vt 0.000000 1.000000
vt 0.000000 1.000000
vt 1.000000 1.000000
vt 1.000000 0.000000
vt 0.000000 0.000000
vt 0.000000 0.000000
vt 1.000000 0.000000
vt 1.000000 1.000000
vt 0.000000 1.000000
vt 0.000000 1.000000
vt 1.000000 1.000000
vt 1.000000 0.000000
vt 0.000000 0.000000
vt 0.000000 0.000000
vt 1.000000 0.000000
vt 1.000000 1.000000
vt 0.000000 1.000000
vt 1.000000 0.000000
vt 0.000000 0.000000
vt 0.000000 1.000000
vt 1.000000 1.000000
vt 0.000000 1.000000
vt 1.000000 1.000000
vt 1.000000 0.000000
vt 0.000000 0.000000
vt 1.000000 1.000000
vt 0.000000 1.000000
vt 0.000000 0.000000
vt 1.000000 0.000000
vt 0.000000 0.000000
vt 1.000000 0.000000
vt 1.000000 1.000000
vt 0.000000 1.000000
vt 1.000000 1.000000
vt 1.000000 0.000000
vt 0.000000 0.000000
vt 0.000000 1.000000
vt 0.000000 0.000000
vt 0.000000 1.000000
vt 1.000000 1.000000
vt 1.000000 0.000000
vt 0.000000 1.000000
vt 0.000000 0.000000
vt 1.000000 0.000000
vt 1.000000 1.000000
vt 1.000000 0.000000
vt 1.000000 1.000000
vt 0.000000 1.000000
vt 0.000000 0.000000
vt 0.000000 1.000000
vt 0.000000 0.000000
vt 1.000000 0.000000
vt 1.000000 1.000000
vt 1.000000 0.000000
vt 1.000000 1.000000
vt 0.000000 1.000000
vt 0.000000 0.000000
vt 1.000000 1.000000
vt 1.000000 0.000000
vt 0.000000 0.000000
vt 0.000000 1.000000
vt 0.000000 0.000000
vt 0.000000 1.000000
vt 1.000000 1.000000
vt 1.000000 0.000000
vt 1.000000 0.000000
vt 0.000000 1.000000
vt 1.000000 1.000000
vt 1.000000 0.000000
vt 0.000000 0.000000
vt 1.000000 1.000000
vt 0.000000 1.000000
vt 1.000000 1.000000
vt 0.000000 0.000000
vt 0.000000 1.000000
vt 1.000000 0.000000
vt 0.000000 0.000000
vt 1.000000 1.000000
vt 0.000000 1.000000
vt 1.000000 0.000000
vt 1.000000 1.000000
vt 0.000000 0.000000
vt 1.000000 0.000000
vt 0.000000 0.000000
vt 1.000000 1.000000
vt 0.000000 1.000000
vt 0.000000 0.000000
vt 1.000000 0.000000
vt 0.000000 1.000000
f 2322/2731 2321/2732 2320/2733 2319/2734
f 2323/2735 2324/2736 2325/2737 2326/2738
f 2330/2739 2329/2740 2328/2741 2327/2742
f 2331/2743 2332/2744 2333/2745 2334/2746
f 2338/2747 2337/2748 2336/2749 2335/2750
f 2339/2751 2340/2752 2341/2753 2342/2754
f 2343/2755 2344/2756 2345/2757 2346/2758
f 2350/2759 2349/2760 2348/2761 2347/2762
f 2354/2763 2353/2764 2352/2765 2351/2766
f 2355/2767 2356/2768 2357/2769 2358/2770
f 2362/2771 2361/2772 2360/2773 2359/2774
f 2363/2775 2364/2776 2365/2777 2366/2778
f 2367/2779 2368/2780 2369/2781 2370/2782
f 2374/2783 2373/2784 2372/2785 2371/2786
f 2375/2787 2376/2788 2377/2789 2378/2790
f 2382/2791 2381/2792 2380/2793 2379/2794
f 2386/2795 2385/2796 2384/2797 2383/2798
f 2387/2799 2388/2800 2389/2801 2390/2802
f 2393/2803 2392/2804 2391/2805
f 2394/2806 2395/2807 2396/2808
f 2397/2809 2398/2810 2399/2811
f 2402/2812 2401/2813 2400/2814
f 2403/2815 2404/2816 2405/2817
f 2408/2818 2407/2819 2406/2820
f 2411/2821 2410/2822 2409/2823
f 2412/2824 2413/2825 2414/2826
o IntakeVane1
usemtl SFP_R2_Trim
v 34.45000 -27.24175 44.39315
v 34.45000 -23.99389 43.33786
v 34.45000 -16.75825 65.60685
v 34.45000 -20.00611 66.66214
v 34.74250 -27.51993 44.48354
v 35.45750 -27.51993 44.48354
v 35.45750 -20.28430 66.75253
v 34.74250 -20.28430 66.75253
v 34.74250 -27.33213 44.11497
v 35.45750 -27.33213 44.11497
v 35.45750 -24.08427 43.05968
v 34.74250 -24.08427 43.05968
v 35.75000 -27.24175 44.39315
v 35.75000 -23.99389 43.33786
v 35.75000 -16.75825 65.60685
v 35.75000 -20.00611 66.66214
v 34.74250 -23.71570 43.24747
v 35.45750 -23.71570 43.24747
v 35.45750 -16.48007 65.51646
v 34.74250 -16.48007 65.51646
v 34.74250 -19.91573 66.94032
v 35.45750 -19.91573 66.94032
v 35.45750 -16.66787 65.88503
v 34.74250 -16.66787 65.88503
v 34.45000 -27.24175 44.39315
v 34.74250 -27.51993 44.48354
v 34.74250 -20.28430 66.75253
v 34.45000 -20.00611 66.66214
v 34.45000 -23.99389 43.33786
v 34.74250 -23.71570 43.24747
v 34.74250 -16.48007 65.51646
v 34.45000 -16.75825 65.60685
v 35.75000 -27.24175 44.39315
v 35.45750 -27.51993 44.48354
v 35.45750 -20.28430 66.75253
v 35.75000 -20.00611 66.66214
v 35.75000 -23.99389 43.33786
v 35.45750 -23.71570 43.24747
v 35.45750 -16.48007 65.51646
v 35.75000 -16.75825 65.60685
v 34.45000 -27.24175 44.39315
v 34.74250 -27.33213 44.11497
v 34.74250 -24.08427 43.05968
v 34.45000 -23.99389 43.33786
v 34.45000 -20.00611 66.66214
v 34.74250 -19.91573 66.94032
v 34.74250 -16.66787 65.88503
v 34.45000 -16.75825 65.60685
v 35.75000 -27.24175 44.39315
v 35.45750 -27.33213 44.11497
v 35.45750 -24.08427 43.05968
v 35.75000 -23.99389 43.33786
v 35.75000 -20.00611 66.66214
v 35.45750 -19.91573 66.94032
v 35.45750 -16.66787 65.88503
v 35.75000 -16.75825 65.60685
v 34.74250 -27.51993 44.48354
v 34.74250 -27.33213 44.11497
v 35.45750 -27.33213 44.11497
v 35.45750 -27.51993 44.48354
v 34.74250 -20.28430 66.75253
v 34.74250 -19.91573 66.94032
v 35.45750 -19.91573 66.94032
v 35.45750 -20.28430 66.75253
v 34.74250 -23.71570 43.24747
v 34.74250 -24.08427 43.05968
v 35.45750 -24.08427 43.05968
v 35.45750 -23.71570 43.24747
v 34.74250 -16.48007 65.51646
v 34.74250 -16.66787 65.88503
v 35.45750 -16.66787 65.88503
v 35.45750 -16.48007 65.51646
v 34.45000 -27.24175 44.39315
v 34.74250 -27.51993 44.48354
v 34.74250 -27.33213 44.11497
v 34.45000 -20.00611 66.66214
v 34.74250 -20.28430 66.75253
v 34.74250 -19.91573 66.94032
v 34.45000 -23.99389 43.33786
v 34.74250 -23.71570 43.24747
v 34.74250 -24.08427 43.05968
v 34.45000 -16.75825 65.60685
v 34.74250 -16.48007 65.51646
v 34.74250 -16.66787 65.88503
v 35.75000 -27.24175 44.39315
v 35.45750 -27.51993 44.48354
v 35.45750 -27.33213 44.11497
v 35.75000 -20.00611 66.66214
v 35.45750 -20.28430 66.75253
v 35.45750 -19.91573 66.94032
v 35.75000 -23.99389 43.33786
v 35.45750 -23.71570 43.24747
v 35.45750 -24.08427 43.05968
v 35.75000 -16.75825 65.60685
v 35.45750 -16.48007 65.51646
v 35.45750 -16.66787 65.88503
vt 0.690193 1.000000
vt 1.000000 0.954756
vt 0.309807 0.000000
vt 0.000000 0.045244
vt 0.000000 0.000000
vt 1.000000 0.000000
vt 1.000000 1.000000
vt 0.000000 1.000000
vt 0.000000 1.000000
vt 1.000000 1.000000
vt 1.000000 0.000000
vt 0.000000 0.000000
vt 0.000000 0.045244
vt 0.309807 0.000000
vt 1.000000 0.954756
vt 0.690193 1.000000
vt 0.000000 1.000000
vt 1.000000 1.000000
vt 1.000000 0.000000
vt 0.000000 0.000000
vt 0.000000 0.000000
vt 1.000000 0.000000
vt 1.000000 1.000000
vt 0.000000 1.000000
vt 0.037023 0.000000
vt 0.000000 0.004042
vt 0.962977 1.000000
vt 1.000000 0.995958
vt 0.962977 1.000000
vt 1.000000 0.995958
vt 0.037023 0.000000
vt 0.000000 0.004042
vt 1.000000 0.995958
vt 0.962977 1.000000
vt 0.000000 0.004042
vt 0.037023 0.000000
vt 0.000000 0.004042
vt 0.037023 0.000000
vt 1.000000 0.995958
vt 0.962977 1.000000
vt 1.000000 0.208616
vt 0.972924 0.000000
vt 0.000000 0.791384
vt 0.027076 1.000000
vt 0.000000 0.791384
vt 0.027076 1.000000
vt 1.000000 0.208616
vt 0.972924 0.000000
vt 0.027076 1.000000
vt 0.000000 0.791384
vt 0.972924 0.000000
vt 1.000000 0.208616
vt 0.972924 0.000000
vt 1.000000 0.208616
vt 0.027076 1.000000
vt 0.000000 0.791384
vt 0.000000 1.000000
vt 0.000000 0.000000
vt 1.000000 0.000000
vt 1.000000 1.000000
vt 1.000000 0.000000
vt 1.000000 1.000000
vt 0.000000 1.000000
vt 0.000000 0.000000
vt 1.000000 1.000000
vt 1.000000 0.000000
vt 0.000000 0.000000
vt 0.000000 1.000000
vt 0.000000 0.000000
vt 0.000000 1.000000
vt 1.000000 1.000000
vt 1.000000 0.000000
vt 1.000000 0.000000
vt 1.000000 1.000000
vt 0.000000 0.754763
vt 0.000000 0.754763
vt 1.000000 0.000000
vt 1.000000 1.000000
vt 0.000000 0.245237
vt 1.000000 1.000000
vt 1.000000 0.000000
vt 1.000000 1.000000
vt 1.000000 0.000000
vt 0.000000 0.245237
vt 1.000000 0.754763
vt 0.000000 1.000000
vt 0.000000 0.000000
vt 0.000000 1.000000
vt 0.000000 0.000000
vt 1.000000 0.754763
vt 0.000000 0.000000
vt 0.000000 1.000000
vt 1.000000 0.245237
vt 1.000000 0.245237
vt 0.000000 0.000000
vt 0.000000 1.000000
f 2418/2827 2417/2828 2416/2829 2415/2830
f 2419/2831 2420/2832 2421/2833 2422/2834
f 2426/2835 2425/2836 2424/2837 2423/2838
f 2427/2839 2428/2840 2429/2841 2430/2842
f 2434/2843 2433/2844 2432/2845 2431/2846
f 2435/2847 2436/2848 2437/2849 2438/2850
f 2439/2851 2440/2852 2441/2853 2442/2854
f 2446/2855 2445/2856 2444/2857 2443/2858
f 2450/2859 2449/2860 2448/2861 2447/2862
f 2451/2863 2452/2864 2453/2865 2454/2866
f 2458/2867 2457/2868 2456/2869 2455/2870
f 2459/2871 2460/2872 2461/2873 2462/2874
f 2463/2875 2464/2876 2465/2877 2466/2878
f 2470/2879 2469/2880 2468/2881 2467/2882
f 2471/2883 2472/2884 2473/2885 2474/2886
f 2478/2887 2477/2888 2476/2889 2475/2890
f 2482/2891 2481/2892 2480/2893 2479/2894
f 2483/2895 2484/2896 2485/2897 2486/2898
f 2489/2899 2488/2900 2487/2901
f 2490/2902 2491/2903 2492/2904
f 2493/2905 2494/2906 2495/2907
f 2498/2908 2497/2909 2496/2910
f 2499/2911 2500/2912 2501/2913
f 2504/2914 2503/2915 2502/2916
f 2507/2917 2506/2918 2505/2919
f 2508/2920 2509/2921 2510/2922
o IntakeVane2
usemtl SFP_R2_Trim
v 34.45000 -18.44175 44.39315
v 34.45000 -15.19389 43.33786
v 34.45000 -7.95825 65.60685
v 34.45000 -11.20611 66.66214
v 34.74250 -18.71993 44.48354
v 35.45750 -18.71993 44.48354
v 35.45750 -11.48430 66.75253
v 34.74250 -11.48430 66.75253
v 34.74250 -18.53213 44.11497
v 35.45750 -18.53213 44.11497
v 35.45750 -15.28427 43.05968
v 34.74250 -15.28427 43.05968
v 35.75000 -18.44175 44.39315
v 35.75000 -15.19389 43.33786
v 35.75000 -7.95825 65.60685
v 35.75000 -11.20611 66.66214
v 34.74250 -14.91570 43.24747
v 35.45750 -14.91570 43.24747
v 35.45750 -7.68007 65.51646
v 34.74250 -7.68007 65.51646
v 34.74250 -11.11573 66.94032
v 35.45750 -11.11573 66.94032
v 35.45750 -7.86787 65.88503
v 34.74250 -7.86787 65.88503
v 34.45000 -18.44175 44.39315
v 34.74250 -18.71993 44.48354
v 34.74250 -11.48430 66.75253
v 34.45000 -11.20611 66.66214
v 34.45000 -15.19389 43.33786
v 34.74250 -14.91570 43.24747
v 34.74250 -7.68007 65.51646
v 34.45000 -7.95825 65.60685
v 35.75000 -18.44175 44.39315
v 35.45750 -18.71993 44.48354
v 35.45750 -11.48430 66.75253
v 35.75000 -11.20611 66.66214
v 35.75000 -15.19389 43.33786
v 35.45750 -14.91570 43.24747
v 35.45750 -7.68007 65.51646
v 35.75000 -7.95825 65.60685
v 34.45000 -18.44175 44.39315
v 34.74250 -18.53213 44.11497
v 34.74250 -15.28427 43.05968
v 34.45000 -15.19389 43.33786
v 34.45000 -11.20611 66.66214
v 34.74250 -11.11573 66.94032
v 34.74250 -7.86787 65.88503
v 34.45000 -7.95825 65.60685
v 35.75000 -18.44175 44.39315
v 35.45750 -18.53213 44.11497
v 35.45750 -15.28427 43.05968
v 35.75000 -15.19389 43.33786
v 35.75000 -11.20611 66.66214
v 35.45750 -11.11573 66.94032
v 35.45750 -7.86787 65.88503
v 35.75000 -7.95825 65.60685
v 34.74250 -18.71993 44.48354
v 34.74250 -18.53213 44.11497
v 35.45750 -18.53213 44.11497
v 35.45750 -18.71993 44.48354
v 34.74250 -11.48430 66.75253
v 34.74250 -11.11573 66.94032
v 35.45750 -11.11573 66.94032
v 35.45750 -11.48430 66.75253
v 34.74250 -14.91570 43.24747
v 34.74250 -15.28427 43.05968
v 35.45750 -15.28427 43.05968
v 35.45750 -14.91570 43.24747
v 34.74250 -7.68007 65.51646
v 34.74250 -7.86787 65.88503
v 35.45750 -7.86787 65.88503
v 35.45750 -7.68007 65.51646
v 34.45000 -18.44175 44.39315
v 34.74250 -18.71993 44.48354
v 34.74250 -18.53213 44.11497
v 34.45000 -11.20611 66.66214
v 34.74250 -11.48430 66.75253
v 34.74250 -11.11573 66.94032
v 34.45000 -15.19389 43.33786
v 34.74250 -14.91570 43.24747
v 34.74250 -15.28427 43.05968
v 34.45000 -7.95825 65.60685
v 34.74250 -7.68007 65.51646
v 34.74250 -7.86787 65.88503
v 35.75000 -18.44175 44.39315
v 35.45750 -18.71993 44.48354
v 35.45750 -18.53213 44.11497
v 35.75000 -11.20611 66.66214
v 35.45750 -11.48430 66.75253
v 35.45750 -11.11573 66.94032
v 35.75000 -15.19389 43.33786
v 35.45750 -14.91570 43.24747
v 35.45750 -15.28427 43.05968
v 35.75000 -7.95825 65.60685
v 35.45750 -7.68007 65.51646
v 35.45750 -7.86787 65.88503
vt 0.690193 1.000000
vt 1.000000 0.954756
vt 0.309807 0.000000
vt 0.000000 0.045244
vt 0.000000 0.000000
vt 1.000000 0.000000
vt 1.000000 1.000000
vt 0.000000 1.000000
vt 0.000000 1.000000
vt 1.000000 1.000000
vt 1.000000 0.000000
vt 0.000000 0.000000
vt 0.000000 0.045244
vt 0.309807 0.000000
vt 1.000000 0.954756
vt 0.690193 1.000000
vt 0.000000 1.000000
vt 1.000000 1.000000
vt 1.000000 0.000000
vt 0.000000 0.000000
vt 0.000000 0.000000
vt 1.000000 0.000000
vt 1.000000 1.000000
vt 0.000000 1.000000
vt 0.037023 0.000000
vt 0.000000 0.004042
vt 0.962977 1.000000
vt 1.000000 0.995958
vt 0.962977 1.000000
vt 1.000000 0.995958
vt 0.037023 0.000000
vt 0.000000 0.004042
vt 1.000000 0.995958
vt 0.962977 1.000000
vt 0.000000 0.004042
vt 0.037023 0.000000
vt 0.000000 0.004042
vt 0.037023 0.000000
vt 1.000000 0.995958
vt 0.962977 1.000000
vt 1.000000 0.208616
vt 0.972924 0.000000
vt 0.000000 0.791384
vt 0.027076 1.000000
vt 0.000000 0.791384
vt 0.027076 1.000000
vt 1.000000 0.208616
vt 0.972924 0.000000
vt 0.027076 1.000000
vt 0.000000 0.791384
vt 0.972924 0.000000
vt 1.000000 0.208616
vt 0.972924 0.000000
vt 1.000000 0.208616
vt 0.027076 1.000000
vt 0.000000 0.791384
vt 0.000000 1.000000
vt 0.000000 0.000000
vt 1.000000 0.000000
vt 1.000000 1.000000
vt 1.000000 0.000000
vt 1.000000 1.000000
vt 0.000000 1.000000
vt 0.000000 0.000000
vt 1.000000 1.000000
vt 1.000000 0.000000
vt 0.000000 0.000000
vt 0.000000 1.000000
vt 0.000000 0.000000
vt 0.000000 1.000000
vt 1.000000 1.000000
vt 1.000000 0.000000
vt 1.000000 0.000000
vt 1.000000 1.000000
vt 0.000000 0.754763
vt 0.000000 0.754763
vt 1.000000 0.000000
vt 1.000000 1.000000
vt 0.000000 0.245237
vt 1.000000 1.000000
vt 1.000000 0.000000
vt 1.000000 1.000000
vt 1.000000 0.000000
vt 0.000000 0.245237
vt 1.000000 0.754763
vt 0.000000 1.000000
vt 0.000000 0.000000
vt 0.000000 1.000000
vt 0.000000 0.000000
vt 1.000000 0.754763
vt 0.000000 0.000000
vt 0.000000 1.000000
vt 1.000000 0.245237
vt 1.000000 0.245237
vt 0.000000 0.000000
vt 0.000000 1.000000
f 2514/2923 2513/2924 2512/2925 2511/2926
f 2515/2927 2516/2928 2517/2929 2518/2930
f 2522/2931 2521/2932 2520/2933 2519/2934
f 2523/2935 2524/2936 2525/2937 2526/2938
f 2530/2939 2529/2940 2528/2941 2527/2942
f 2531/2943 2532/2944 2533/2945 2534/2946
f 2535/2947 2536/2948 2537/2949 2538/2950
f 2542/2951 2541/2952 2540/2953 2539/2954
f 2546/2955 2545/2956 2544/2957 2543/2958
f 2547/2959 2548/2960 2549/2961 2550/2962
f 2554/2963 2553/2964 2552/2965 2551/2966
f 2555/2967 2556/2968 2557/2969 2558/2970
f 2559/2971 2560/2972 2561/2973 2562/2974
f 2566/2975 2565/2976 2564/2977 2563/2978
f 2567/2979 2568/2980 2569/2981 2570/2982
f 2574/2983 2573/2984 2572/2985 2571/2986
f 2578/2987 2577/2988 2576/2989 2575/2990
f 2579/2991 2580/2992 2581/2993 2582/2994
f 2585/2995 2584/2996 2583/2997
f 2586/2998 2587/2999 2588/3000
f 2589/3001 2590/3002 2591/3003
f 2594/3004 2593/3005 2592/3006
f 2595/3007 2596/3008 2597/3009
f 2600/3010 2599/3011 2598/3012
f 2603/3013 2602/3014 2601/3015
f 2604/3016 2605/3017 2606/3018
o IntakeVane3
usemtl SFP_R2_Trim
v 34.45000 -9.64175 44.39315
v 34.45000 -6.39389 43.33786
v 34.45000 0.84175 65.60685
v 34.45000 -2.40611 66.66214
v 34.74250 -9.91993 44.48354
v 35.45750 -9.91993 44.48354
v 35.45750 -2.68430 66.75253
v 34.74250 -2.68430 66.75253
v 34.74250 -9.73213 44.11497
v 35.45750 -9.73213 44.11497
v 35.45750 -6.48427 43.05968
v 34.74250 -6.48427 43.05968
v 35.75000 -9.64175 44.39315
v 35.75000 -6.39389 43.33786
v 35.75000 0.84175 65.60685
v 35.75000 -2.40611 66.66214
v 34.74250 -6.11570 43.24747
v 35.45750 -6.11570 43.24747
v 35.45750 1.11993 65.51646
v 34.74250 1.11993 65.51646
v 34.74250 -2.31573 66.94032
v 35.45750 -2.31573 66.94032
v 35.45750 0.93213 65.88503
v 34.74250 0.93213 65.88503
v 34.45000 -9.64175 44.39315
v 34.74250 -9.91993 44.48354
v 34.74250 -2.68430 66.75253
v 34.45000 -2.40611 66.66214
v 34.45000 -6.39389 43.33786
v 34.74250 -6.11570 43.24747
v 34.74250 1.11993 65.51646
v 34.45000 0.84175 65.60685
v 35.75000 -9.64175 44.39315
v 35.45750 -9.91993 44.48354
v 35.45750 -2.68430 66.75253
v 35.75000 -2.40611 66.66214
v 35.75000 -6.39389 43.33786
v 35.45750 -6.11570 43.24747
v 35.45750 1.11993 65.51646
v 35.75000 0.84175 65.60685
v 34.45000 -9.64175 44.39315
v 34.74250 -9.73213 44.11497
v 34.74250 -6.48427 43.05968
v 34.45000 -6.39389 43.33786
v 34.45000 -2.40611 66.66214
v 34.74250 -2.31573 66.94032
v 34.74250 0.93213 65.88503
v 34.45000 0.84175 65.60685
v 35.75000 -9.64175 44.39315
v 35.45750 -9.73213 44.11497
v 35.45750 -6.48427 43.05968
v 35.75000 -6.39389 43.33786
v 35.75000 -2.40611 66.66214
v 35.45750 -2.31573 66.94032
v 35.45750 0.93213 65.88503
v 35.75000 0.84175 65.60685
v 34.74250 -9.91993 44.48354
v 34.74250 -9.73213 44.11497
v 35.45750 -9.73213 44.11497
v 35.45750 -9.91993 44.48354
v 34.74250 -2.68430 66.75253
v 34.74250 -2.31573 66.94032
v 35.45750 -2.31573 66.94032
v 35.45750 -2.68430 66.75253
v 34.74250 -6.11570 43.24747
v 34.74250 -6.48427 43.05968
v 35.45750 -6.48427 43.05968
v 35.45750 -6.11570 43.24747
v 34.74250 1.11993 65.51646
v 34.74250 0.93213 65.88503
v 35.45750 0.93213 65.88503
v 35.45750 1.11993 65.51646
v 34.45000 -9.64175 44.39315
v 34.74250 -9.91993 44.48354
v 34.74250 -9.73213 44.11497
v 34.45000 -2.40611 66.66214
v 34.74250 -2.68430 66.75253
v 34.74250 -2.31573 66.94032
v 34.45000 -6.39389 43.33786
v 34.74250 -6.11570 43.24747
v 34.74250 -6.48427 43.05968
v 34.45000 0.84175 65.60685
v 34.74250 1.11993 65.51646
v 34.74250 0.93213 65.88503
v 35.75000 -9.64175 44.39315
v 35.45750 -9.91993 44.48354
v 35.45750 -9.73213 44.11497
v 35.75000 -2.40611 66.66214
v 35.45750 -2.68430 66.75253
v 35.45750 -2.31573 66.94032
v 35.75000 -6.39389 43.33786
v 35.45750 -6.11570 43.24747
v 35.45750 -6.48427 43.05968
v 35.75000 0.84175 65.60685
v 35.45750 1.11993 65.51646
v 35.45750 0.93213 65.88503
vt 0.690193 1.000000
vt 1.000000 0.954756
vt 0.309807 0.000000
vt 0.000000 0.045244
vt 0.000000 0.000000
vt 1.000000 0.000000
vt 1.000000 1.000000
vt 0.000000 1.000000
vt 0.000000 1.000000
vt 1.000000 1.000000
vt 1.000000 0.000000
vt 0.000000 0.000000
vt 0.000000 0.045244
vt 0.309807 0.000000
vt 1.000000 0.954756
vt 0.690193 1.000000
vt 0.000000 1.000000
vt 1.000000 1.000000
vt 1.000000 0.000000
vt 0.000000 0.000000
vt 0.000000 0.000000
vt 1.000000 0.000000
vt 1.000000 1.000000
vt 0.000000 1.000000
vt 0.037023 0.000000
vt 0.000000 0.004042
vt 0.962977 1.000000
vt 1.000000 0.995958
vt 0.962977 1.000000
vt 1.000000 0.995958
vt 0.037023 0.000000
vt 0.000000 0.004042
vt 1.000000 0.995958
vt 0.962977 1.000000
vt 0.000000 0.004042
vt 0.037023 0.000000
vt 0.000000 0.004042
vt 0.037023 0.000000
vt 1.000000 0.995958
vt 0.962977 1.000000
vt 1.000000 0.208616
vt 0.972924 0.000000
vt 0.000000 0.791384
vt 0.027076 1.000000
vt 0.000000 0.791384
vt 0.027076 1.000000
vt 1.000000 0.208616
vt 0.972924 0.000000
vt 0.027076 1.000000
vt 0.000000 0.791384
vt 0.972924 0.000000
vt 1.000000 0.208616
vt 0.972924 0.000000
vt 1.000000 0.208616
vt 0.027076 1.000000
vt 0.000000 0.791384
vt 0.000000 1.000000
vt 0.000000 0.000000
vt 1.000000 0.000000
vt 1.000000 1.000000
vt 1.000000 0.000000
vt 1.000000 1.000000
vt 0.000000 1.000000
vt 0.000000 0.000000
vt 1.000000 1.000000
vt 1.000000 0.000000
vt 0.000000 0.000000
vt 0.000000 1.000000
vt 0.000000 0.000000
vt 0.000000 1.000000
vt 1.000000 1.000000
vt 1.000000 0.000000
vt 1.000000 0.000000
vt 1.000000 1.000000
vt 0.000000 0.754763
vt 0.000000 0.754763
vt 1.000000 0.000000
vt 1.000000 1.000000
vt 0.000000 0.245237
vt 1.000000 1.000000
vt 1.000000 0.000000
vt 1.000000 1.000000
vt 1.000000 0.000000
vt 0.000000 0.245237
vt 1.000000 0.754763
vt 0.000000 1.000000
vt 0.000000 0.000000
vt 0.000000 1.000000
vt 0.000000 0.000000
vt 1.000000 0.754763
vt 0.000000 0.000000
vt 0.000000 1.000000
vt 1.000000 0.245237
vt 1.000000 0.245237
vt 0.000000 0.000000
vt 0.000000 1.000000
f 2610/3019 2609/3020 2608/3021 2607/3022
f 2611/3023 2612/3024 2613/3025 2614/3026
f 2618/3027 2617/3028 2616/3029 2615/3030
f 2619/3031 2620/3032 2621/3033 2622/3034
f 2626/3035 2625/3036 2624/3037 2623/3038
f 2627/3039 2628/3040 2629/3041 2630/3042
f 2631/3043 2632/3044 2633/3045 2634/3046
f 2638/3047 2637/3048 2636/3049 2635/3050
f 2642/3051 2641/3052 2640/3053 2639/3054
f 2643/3055 2644/3056 2645/3057 2646/3058
f 2650/3059 2649/3060 2648/3061 2647/3062
f 2651/3063 2652/3064 2653/3065 2654/3066
f 2655/3067 2656/3068 2657/3069 2658/3070
f 2662/3071 2661/3072 2660/3073 2659/3074
f 2663/3075 2664/3076 2665/3077 2666/3078
f 2670/3079 2669/3080 2668/3081 2667/3082
f 2674/3083 2673/3084 2672/3085 2671/3086
f 2675/3087 2676/3088 2677/3089 2678/3090
f 2681/3091 2680/3092 2679/3093
f 2682/3094 2683/3095 2684/3096
f 2685/3097 2686/3098 2687/3099
f 2690/3100 2689/3101 2688/3102
f 2691/3103 2692/3104 2693/3105
f 2696/3106 2695/3107 2694/3108
f 2699/3109 2698/3110 2697/3111
f 2700/3112 2701/3113 2702/3114
o IntakeVane4
usemtl SFP_R2_Trim
v 34.45000 -0.84175 44.39315
v 34.45000 2.40611 43.33786
v 34.45000 9.64175 65.60685
v 34.45000 6.39389 66.66214
v 34.74250 -1.11993 44.48354
v 35.45750 -1.11993 44.48354
v 35.45750 6.11570 66.75253
v 34.74250 6.11570 66.75253
v 34.74250 -0.93213 44.11497
v 35.45750 -0.93213 44.11497
v 35.45750 2.31573 43.05968
v 34.74250 2.31573 43.05968
v 35.75000 -0.84175 44.39315
v 35.75000 2.40611 43.33786
v 35.75000 9.64175 65.60685
v 35.75000 6.39389 66.66214
v 34.74250 2.68430 43.24747
v 35.45750 2.68430 43.24747
v 35.45750 9.91993 65.51646
v 34.74250 9.91993 65.51646
v 34.74250 6.48427 66.94032
v 35.45750 6.48427 66.94032
v 35.45750 9.73213 65.88503
v 34.74250 9.73213 65.88503
v 34.45000 -0.84175 44.39315
v 34.74250 -1.11993 44.48354
v 34.74250 6.11570 66.75253
v 34.45000 6.39389 66.66214
v 34.45000 2.40611 43.33786
v 34.74250 2.68430 43.24747
v 34.74250 9.91993 65.51646
v 34.45000 9.64175 65.60685
v 35.75000 -0.84175 44.39315
v 35.45750 -1.11993 44.48354
v 35.45750 6.11570 66.75253
v 35.75000 6.39389 66.66214
v 35.75000 2.40611 43.33786
v 35.45750 2.68430 43.24747
v 35.45750 9.91993 65.51646
v 35.75000 9.64175 65.60685
v 34.45000 -0.84175 44.39315
v 34.74250 -0.93213 44.11497
v 34.74250 2.31573 43.05968
v 34.45000 2.40611 43.33786
v 34.45000 6.39389 66.66214
v 34.74250 6.48427 66.94032
v 34.74250 9.73213 65.88503
v 34.45000 9.64175 65.60685
v 35.75000 -0.84175 44.39315
v 35.45750 -0.93213 44.11497
v 35.45750 2.31573 43.05968
v 35.75000 2.40611 43.33786
v 35.75000 6.39389 66.66214
v 35.45750 6.48427 66.94032
v 35.45750 9.73213 65.88503
v 35.75000 9.64175 65.60685
v 34.74250 -1.11993 44.48354
v 34.74250 -0.93213 44.11497
v 35.45750 -0.93213 44.11497
v 35.45750 -1.11993 44.48354
v 34.74250 6.11570 66.75253
v 34.74250 6.48427 66.94032
v 35.45750 6.48427 66.94032
v 35.45750 6.11570 66.75253
v 34.74250 2.68430 43.24747
v 34.74250 2.31573 43.05968
v 35.45750 2.31573 43.05968
v 35.45750 2.68430 43.24747
v 34.74250 9.91993 65.51646
v 34.74250 9.73213 65.88503
v 35.45750 9.73213 65.88503
v 35.45750 9.91993 65.51646
v 34.45000 -0.84175 44.39315
v 34.74250 -1.11993 44.48354
v 34.74250 -0.93213 44.11497
v 34.45000 6.39389 66.66214
v 34.74250 6.11570 66.75253
v 34.74250 6.48427 66.94032
v 34.45000 2.40611 43.33786
v 34.74250 2.68430 43.24747
v 34.74250 2.31573 43.05968
v 34.45000 9.64175 65.60685
v 34.74250 9.91993 65.51646
v 34.74250 9.73213 65.88503
v 35.75000 -0.84175 44.39315
v 35.45750 -1.11993 44.48354
v 35.45750 -0.93213 44.11497
v 35.75000 6.39389 66.66214
v 35.45750 6.11570 66.75253
v 35.45750 6.48427 66.94032
v 35.75000 2.40611 43.33786
v 35.45750 2.68430 43.24747
v 35.45750 2.31573 43.05968
v 35.75000 9.64175 65.60685
v 35.45750 9.91993 65.51646
v 35.45750 9.73213 65.88503
vt 0.690193 1.000000
vt 1.000000 0.954756
vt 0.309807 0.000000
vt 0.000000 0.045244
vt 0.000000 0.000000
vt 1.000000 0.000000
vt 1.000000 1.000000
vt 0.000000 1.000000
vt 0.000000 1.000000
vt 1.000000 1.000000
vt 1.000000 0.000000
vt 0.000000 0.000000
vt 0.000000 0.045244
vt 0.309807 0.000000
vt 1.000000 0.954756
vt 0.690193 1.000000
vt 0.000000 1.000000
vt 1.000000 1.000000
vt 1.000000 0.000000
vt 0.000000 0.000000
vt 0.000000 0.000000
vt 1.000000 0.000000
vt 1.000000 1.000000
vt 0.000000 1.000000
vt 0.037023 0.000000
vt 0.000000 0.004042
vt 0.962977 1.000000
vt 1.000000 0.995958
vt 0.962977 1.000000
vt 1.000000 0.995958
vt 0.037023 0.000000
vt 0.000000 0.004042
vt 1.000000 0.995958
vt 0.962977 1.000000
vt 0.000000 0.004042
vt 0.037023 0.000000
vt 0.000000 0.004042
vt 0.037023 0.000000
vt 1.000000 0.995958
vt 0.962977 1.000000
vt 1.000000 0.208616
vt 0.972924 0.000000
vt 0.000000 0.791384
vt 0.027076 1.000000
vt 0.000000 0.791384
vt 0.027076 1.000000
vt 1.000000 0.208616
vt 0.972924 0.000000
vt 0.027076 1.000000
vt 0.000000 0.791384
vt 0.972924 0.000000
vt 1.000000 0.208616
vt 0.972924 0.000000
vt 1.000000 0.208616
vt 0.027076 1.000000
vt 0.000000 0.791384
vt 0.000000 1.000000
vt 0.000000 0.000000
vt 1.000000 0.000000
vt 1.000000 1.000000
vt 1.000000 0.000000
vt 1.000000 1.000000
vt 0.000000 1.000000
vt 0.000000 0.000000
vt 1.000000 1.000000
vt 1.000000 0.000000
vt 0.000000 0.000000
vt 0.000000 1.000000
vt 0.000000 0.000000
vt 0.000000 1.000000
vt 1.000000 1.000000
vt 1.000000 0.000000
vt 1.000000 0.000000
vt 1.000000 1.000000
vt 0.000000 0.754763
vt 0.000000 0.754763
vt 1.000000 0.000000
vt 1.000000 1.000000
vt 0.000000 0.245237
vt 1.000000 1.000000
vt 1.000000 0.000000
vt 1.000000 1.000000
vt 1.000000 0.000000
vt 0.000000 0.245237
vt 1.000000 0.754763
vt 0.000000 1.000000
vt 0.000000 0.000000
vt 0.000000 1.000000
vt 0.000000 0.000000
vt 1.000000 0.754763
vt 0.000000 0.000000
vt 0.000000 1.000000
vt 1.000000 0.245237
vt 1.000000 0.245237
vt 0.000000 0.000000
vt 0.000000 1.000000
f 2706/3115 2705/3116 2704/3117 2703/3118
f 2707/3119 2708/3120 2709/3121 2710/3122
f 2714/3123 2713/3124 2712/3125 2711/3126
f 2715/3127 2716/3128 2717/3129 2718/3130
f 2722/3131 2721/3132 2720/3133 2719/3134
f 2723/3135 2724/3136 2725/3137 2726/3138
f 2727/3139 2728/3140 2729/3141 2730/3142
f 2734/3143 2733/3144 2732/3145 2731/3146
f 2738/3147 2737/3148 2736/3149 2735/3150
f 2739/3151 2740/3152 2741/3153 2742/3154
f 2746/3155 2745/3156 2744/3157 2743/3158
f 2747/3159 2748/3160 2749/3161 2750/3162
f 2751/3163 2752/3164 2753/3165 2754/3166
f 2758/3167 2757/3168 2756/3169 2755/3170
f 2759/3171 2760/3172 2761/3173 2762/3174
f 2766/3175 2765/3176 2764/3177 2763/3178
f 2770/3179 2769/3180 2768/3181 2767/3182
f 2771/3183 2772/3184 2773/3185 2774/3186
f 2777/3187 2776/3188 2775/3189
f 2778/3190 2779/3191 2780/3192
f 2781/3193 2782/3194 2783/3195
f 2786/3196 2785/3197 2784/3198
f 2787/3199 2788/3200 2789/3201
f 2792/3202 2791/3203 2790/3204
f 2795/3205 2794/3206 2793/3207
f 2796/3208 2797/3209 2798/3210
o IntakeVane5
usemtl SFP_R2_Trim
v 34.45000 7.95825 44.39315
v 34.45000 11.20611 43.33786
v 34.45000 18.44175 65.60685
v 34.45000 15.19389 66.66214
v 34.74250 7.68007 44.48354
v 35.45750 7.68007 44.48354
v 35.45750 14.91570 66.75253
v 34.74250 14.91570 66.75253
v 34.74250 7.86787 44.11497
v 35.45750 7.86787 44.11497
v 35.45750 11.11573 43.05968
v 34.74250 11.11573 43.05968
v 35.75000 7.95825 44.39315
v 35.75000 11.20611 43.33786
v 35.75000 18.44175 65.60685
v 35.75000 15.19389 66.66214
v 34.74250 11.48430 43.24747
v 35.45750 11.48430 43.24747
v 35.45750 18.71993 65.51646
v 34.74250 18.71993 65.51646
v 34.74250 15.28427 66.94032
v 35.45750 15.28427 66.94032
v 35.45750 18.53213 65.88503
v 34.74250 18.53213 65.88503
v 34.45000 7.95825 44.39315
v 34.74250 7.68007 44.48354
v 34.74250 14.91570 66.75253
v 34.45000 15.19389 66.66214
v 34.45000 11.20611 43.33786
v 34.74250 11.48430 43.24747
v 34.74250 18.71993 65.51646
v 34.45000 18.44175 65.60685
v 35.75000 7.95825 44.39315
v 35.45750 7.68007 44.48354
v 35.45750 14.91570 66.75253
v 35.75000 15.19389 66.66214
v 35.75000 11.20611 43.33786
v 35.45750 11.48430 43.24747
v 35.45750 18.71993 65.51646
v 35.75000 18.44175 65.60685
v 34.45000 7.95825 44.39315
v 34.74250 7.86787 44.11497
v 34.74250 11.11573 43.05968
v 34.45000 11.20611 43.33786
v 34.45000 15.19389 66.66214
v 34.74250 15.28427 66.94032
v 34.74250 18.53213 65.88503
v 34.45000 18.44175 65.60685
v 35.75000 7.95825 44.39315
v 35.45750 7.86787 44.11497
v 35.45750 11.11573 43.05968
v 35.75000 11.20611 43.33786
v 35.75000 15.19389 66.66214
v 35.45750 15.28427 66.94032
v 35.45750 18.53213 65.88503
v 35.75000 18.44175 65.60685
v 34.74250 7.68007 44.48354
v 34.74250 7.86787 44.11497
v 35.45750 7.86787 44.11497
v 35.45750 7.68007 44.48354
v 34.74250 14.91570 66.75253
v 34.74250 15.28427 66.94032
v 35.45750 15.28427 66.94032
v 35.45750 14.91570 66.75253
v 34.74250 11.48430 43.24747
v 34.74250 11.11573 43.05968
v 35.45750 11.11573 43.05968
v 35.45750 11.48430 43.24747
v 34.74250 18.71993 65.51646
v 34.74250 18.53213 65.88503
v 35.45750 18.53213 65.88503
v 35.45750 18.71993 65.51646
v 34.45000 7.95825 44.39315
v 34.74250 7.68007 44.48354
v 34.74250 7.86787 44.11497
v 34.45000 15.19389 66.66214
v 34.74250 14.91570 66.75253
v 34.74250 15.28427 66.94032
v 34.45000 11.20611 43.33786
v 34.74250 11.48430 43.24747
v 34.74250 11.11573 43.05968
v 34.45000 18.44175 65.60685
v 34.74250 18.71993 65.51646
v 34.74250 18.53213 65.88503
v 35.75000 7.95825 44.39315
v 35.45750 7.68007 44.48354
v 35.45750 7.86787 44.11497
v 35.75000 15.19389 66.66214
v 35.45750 14.91570 66.75253
v 35.45750 15.28427 66.94032
v 35.75000 11.20611 43.33786
v 35.45750 11.48430 43.24747
v 35.45750 11.11573 43.05968
v 35.75000 18.44175 65.60685
v 35.45750 18.71993 65.51646
v 35.45750 18.53213 65.88503
vt 0.690193 1.000000
vt 1.000000 0.954756
vt 0.309807 0.000000
vt 0.000000 0.045244
vt 0.000000 0.000000
vt 1.000000 0.000000
vt 1.000000 1.000000
vt 0.000000 1.000000
vt 0.000000 1.000000
vt 1.000000 1.000000
vt 1.000000 0.000000
vt 0.000000 0.000000
vt 0.000000 0.045244
vt 0.309807 0.000000
vt 1.000000 0.954756
vt 0.690193 1.000000
vt 0.000000 1.000000
vt 1.000000 1.000000
vt 1.000000 0.000000
vt 0.000000 0.000000
vt 0.000000 0.000000
vt 1.000000 0.000000
vt 1.000000 1.000000
vt 0.000000 1.000000
vt 0.037023 0.000000
vt 0.000000 0.004042
vt 0.962977 1.000000
vt 1.000000 0.995958
vt 0.962977 1.000000
vt 1.000000 0.995958
vt 0.037023 0.000000
vt 0.000000 0.004042
vt 1.000000 0.995958
vt 0.962977 1.000000
vt 0.000000 0.004042
vt 0.037023 0.000000
vt 0.000000 0.004042
vt 0.037023 0.000000
vt 1.000000 0.995958
vt 0.962977 1.000000
vt 1.000000 0.208616
vt 0.972924 0.000000
vt 0.000000 0.791384
vt 0.027076 1.000000
vt 0.000000 0.791384
vt 0.027076 1.000000
vt 1.000000 0.208616
vt 0.972924 0.000000
vt 0.027076 1.000000
vt 0.000000 0.791384
vt 0.972924 0.000000
vt 1.000000 0.208616
vt 0.972924 0.000000
vt 1.000000 0.208616
vt 0.027076 1.000000
vt 0.000000 0.791384
vt 0.000000 1.000000
vt 0.000000 0.000000
vt 1.000000 0.000000
vt 1.000000 1.000000
vt 1.000000 0.000000
vt 1.000000 1.000000
vt 0.000000 1.000000
vt 0.000000 0.000000
vt 1.000000 1.000000
vt 1.000000 0.000000
vt 0.000000 0.000000
vt 0.000000 1.000000
vt 0.000000 0.000000
vt 0.000000 1.000000
vt 1.000000 1.000000
vt 1.000000 0.000000
vt 1.000000 0.000000
vt 1.000000 1.000000
vt 0.000000 0.754763
vt 0.000000 0.754763
vt 1.000000 0.000000
vt 1.000000 1.000000
vt 0.000000 0.245237
vt 1.000000 1.000000
vt 1.000000 0.000000
vt 1.000000 1.000000
vt 1.000000 0.000000
vt 0.000000 0.245237
vt 1.000000 0.754763
vt 0.000000 1.000000
vt 0.000000 0.000000
vt 0.000000 1.000000
vt 0.000000 0.000000
vt 1.000000 0.754763
vt 0.000000 0.000000
vt 0.000000 1.000000
vt 1.000000 0.245237
vt 1.000000 0.245237
vt 0.000000 0.000000
vt 0.000000 1.000000
f 2802/3211 2801/3212 2800/3213 2799/3214
f 2803/3215 2804/3216 2805/3217 2806/3218
f 2810/3219 2809/3220 2808/3221 2807/3222
f 2811/3223 2812/3224 2813/3225 2814/3226
f 2818/3227 2817/3228 2816/3229 2815/3230
f 2819/3231 2820/3232 2821/3233 2822/3234
f 2823/3235 2824/3236 2825/3237 2826/3238
f 2830/3239 2829/3240 2828/3241 2827/3242
f 2834/3243 2833/3244 2832/3245 2831/3246
f 2835/3247 2836/3248 2837/3249 2838/3250
f 2842/3251 2841/3252 2840/3253 2839/3254
f 2843/3255 2844/3256 2845/3257 2846/3258
f 2847/3259 2848/3260 2849/3261 2850/3262
f 2854/3263 2853/3264 2852/3265 2851/3266
f 2855/3267 2856/3268 2857/3269 2858/3270
f 2862/3271 2861/3272 2860/3273 2859/3274
f 2866/3275 2865/3276 2864/3277 2863/3278
f 2867/3279 2868/3280 2869/3281 2870/3282
f 2873/3283 2872/3284 2871/3285
f 2874/3286 2875/3287 2876/3288
f 2877/3289 2878/3290 2879/3291
f 2882/3292 2881/3293 2880/3294
f 2883/3295 2884/3296 2885/3297
f 2888/3298 2887/3299 2886/3300
f 2891/3301 2890/3302 2889/3303
f 2892/3304 2893/3305 2894/3306
o IntakeVane6
usemtl SFP_R2_Trim
v 34.45000 16.75825 44.39315
v 34.45000 20.00611 43.33786
v 34.45000 27.24175 65.60685
v 34.45000 23.99389 66.66214
v 34.74250 16.48007 44.48354
v 35.45750 16.48007 44.48354
v 35.45750 23.71570 66.75253
v 34.74250 23.71570 66.75253
v 34.74250 16.66787 44.11497
v 35.45750 16.66787 44.11497
v 35.45750 19.91573 43.05968
v 34.74250 19.91573 43.05968
v 35.75000 16.75825 44.39315
v 35.75000 20.00611 43.33786
v 35.75000 27.24175 65.60685
v 35.75000 23.99389 66.66214
v 34.74250 20.28430 43.24747
v 35.45750 20.28430 43.24747
v 35.45750 27.51993 65.51646
v 34.74250 27.51993 65.51646
v 34.74250 24.08427 66.94032
v 35.45750 24.08427 66.94032
v 35.45750 27.33213 65.88503
v 34.74250 27.33213 65.88503
v 34.45000 16.75825 44.39315
v 34.74250 16.48007 44.48354
v 34.74250 23.71570 66.75253
v 34.45000 23.99389 66.66214
v 34.45000 20.00611 43.33786
v 34.74250 20.28430 43.24747
v 34.74250 27.51993 65.51646
v 34.45000 27.24175 65.60685
v 35.75000 16.75825 44.39315
v 35.45750 16.48007 44.48354
v 35.45750 23.71570 66.75253
v 35.75000 23.99389 66.66214
v 35.75000 20.00611 43.33786
v 35.45750 20.28430 43.24747
v 35.45750 27.51993 65.51646
v 35.75000 27.24175 65.60685
v 34.45000 16.75825 44.39315
v 34.74250 16.66787 44.11497
v 34.74250 19.91573 43.05968
v 34.45000 20.00611 43.33786
v 34.45000 23.99389 66.66214
v 34.74250 24.08427 66.94032
v 34.74250 27.33213 65.88503
v 34.45000 27.24175 65.60685
v 35.75000 16.75825 44.39315
v 35.45750 16.66787 44.11497
v 35.45750 19.91573 43.05968
v 35.75000 20.00611 43.33786
v 35.75000 23.99389 66.66214
v 35.45750 24.08427 66.94032
v 35.45750 27.33213 65.88503
v 35.75000 27.24175 65.60685
v 34.74250 16.48007 44.48354
v 34.74250 16.66787 44.11497
v 35.45750 16.66787 44.11497
v 35.45750 16.48007 44.48354
v 34.74250 23.71570 66.75253
v 34.74250 24.08427 66.94032
v 35.45750 24.08427 66.94032
v 35.45750 23.71570 66.75253
v 34.74250 20.28430 43.24747
v 34.74250 19.91573 43.05968
v 35.45750 19.91573 43.05968
v 35.45750 20.28430 43.24747
v 34.74250 27.51993 65.51646
v 34.74250 27.33213 65.88503
v 35.45750 27.33213 65.88503
v 35.45750 27.51993 65.51646
v 34.45000 16.75825 44.39315
v 34.74250 16.48007 44.48354
v 34.74250 16.66787 44.11497
v 34.45000 23.99389 66.66214
v 34.74250 23.71570 66.75253
v 34.74250 24.08427 66.94032
v 34.45000 20.00611 43.33786
v 34.74250 20.28430 43.24747
v 34.74250 19.91573 43.05968
v 34.45000 27.24175 65.60685
v 34.74250 27.51993 65.51646
v 34.74250 27.33213 65.88503
v 35.75000 16.75825 44.39315
v 35.45750 16.48007 44.48354
v 35.45750 16.66787 44.11497
v 35.75000 23.99389 66.66214
v 35.45750 23.71570 66.75253
v 35.45750 24.08427 66.94032
v 35.75000 20.00611 43.33786
v 35.45750 20.28430 43.24747
v 35.45750 19.91573 43.05968
v 35.75000 27.24175 65.60685
v 35.45750 27.51993 65.51646
v 35.45750 27.33213 65.88503
vt 0.690193 1.000000
vt 1.000000 0.954756
vt 0.309807 0.000000
vt 0.000000 0.045244
vt 0.000000 0.000000
vt 1.000000 0.000000
vt 1.000000 1.000000
vt 0.000000 1.000000
vt 0.000000 1.000000
vt 1.000000 1.000000
vt 1.000000 0.000000
vt 0.000000 0.000000
vt 0.000000 0.045244
vt 0.309807 0.000000
vt 1.000000 0.954756
vt 0.690193 1.000000
vt 0.000000 1.000000
vt 1.000000 1.000000
vt 1.000000 0.000000
vt 0.000000 0.000000
vt 0.000000 0.000000
vt 1.000000 0.000000
vt 1.000000 1.000000
vt 0.000000 1.000000
vt 0.037023 0.000000
vt 0.000000 0.004042
vt 0.962977 1.000000
vt 1.000000 0.995958
vt 0.962977 1.000000
vt 1.000000 0.995958
vt 0.037023 0.000000
vt 0.000000 0.004042
vt 1.000000 0.995958
vt 0.962977 1.000000
vt 0.000000 0.004042
vt 0.037023 0.000000
vt 0.000000 0.004042
vt 0.037023 0.000000
vt 1.000000 0.995958
vt 0.962977 1.000000
vt 1.000000 0.208616
vt 0.972924 0.000000
vt 0.000000 0.791384
vt 0.027076 1.000000
vt 0.000000 0.791384
vt 0.027076 1.000000
vt 1.000000 0.208616
vt 0.972924 0.000000
vt 0.027076 1.000000
vt 0.000000 0.791384
vt 0.972924 0.000000
vt 1.000000 0.208616
vt 0.972924 0.000000
vt 1.000000 0.208616
vt 0.027076 1.000000
vt 0.000000 0.791384
vt 0.000000 1.000000
vt 0.000000 0.000000
vt 1.000000 0.000000
vt 1.000000 1.000000
vt 1.000000 0.000000
vt 1.000000 1.000000
vt 0.000000 1.000000
vt 0.000000 0.000000
vt 1.000000 1.000000
vt 1.000000 0.000000
vt 0.000000 0.000000
vt 0.000000 1.000000
vt 0.000000 0.000000
vt 0.000000 1.000000
vt 1.000000 1.000000
vt 1.000000 0.000000
vt 1.000000 0.000000
vt 1.000000 1.000000
vt 0.000000 0.754763
vt 0.000000 0.754763
vt 1.000000 0.000000
vt 1.000000 1.000000
vt 0.000000 0.245237
vt 1.000000 1.000000
vt 1.000000 0.000000
vt 1.000000 1.000000
vt 1.000000 0.000000
vt 0.000000 0.245237
vt 1.000000 0.754763
vt 0.000000 1.000000
vt 0.000000 0.000000
vt 0.000000 1.000000
vt 0.000000 0.000000
vt 1.000000 0.754763
vt 0.000000 0.000000
vt 0.000000 1.000000
vt 1.000000 0.245237
vt 1.000000 0.245237
vt 0.000000 0.000000
vt 0.000000 1.000000
f 2898/3307 2897/3308 2896/3309 2895/3310
f 2899/3311 2900/3312 2901/3313 2902/3314
f 2906/3315 2905/3316 2904/3317 2903/3318
f 2907/3319 2908/3320 2909/3321 2910/3322
f 2914/3323 2913/3324 2912/3325 2911/3326
f 2915/3327 2916/3328 2917/3329 2918/3330
f 2919/3331 2920/3332 2921/3333 2922/3334
f 2926/3335 2925/3336 2924/3337 2923/3338
f 2930/3339 2929/3340 2928/3341 2927/3342
f 2931/3343 2932/3344 2933/3345 2934/3346
f 2938/3347 2937/3348 2936/3349 2935/3350
f 2939/3351 2940/3352 2941/3353 2942/3354
f 2943/3355 2944/3356 2945/3357 2946/3358
f 2950/3359 2949/3360 2948/3361 2947/3362
f 2951/3363 2952/3364 2953/3365 2954/3366
f 2958/3367 2957/3368 2956/3369 2955/3370
f 2962/3371 2961/3372 2960/3373 2959/3374
f 2963/3375 2964/3376 2965/3377 2966/3378
f 2969/3379 2968/3380 2967/3381
f 2970/3382 2971/3383 2972/3384
f 2973/3385 2974/3386 2975/3387
f 2978/3388 2977/3389 2976/3390
f 2979/3391 2980/3392 2981/3393
f 2984/3394 2983/3395 2982/3396
f 2987/3397 2986/3398 2985/3399
f 2988/3400 2989/3401 2990/3402
o ServiceBolt-28_38
usemtl SFP_R2_Metal
v 35.60000 -29.85000 38.50000
v 35.60000 -29.66913 37.82500
v 35.60000 -29.17500 37.33087
v 35.60000 -28.50000 37.15000
v 35.60000 -27.82500 37.33087
v 35.60000 -27.33087 37.82500
v 35.60000 -27.15000 38.50000
v 35.60000 -27.33087 39.17500
v 35.60000 -27.82500 39.66913
v 35.60000 -28.50000 39.85000
v 35.60000 -29.17500 39.66913
v 35.60000 -29.66913 39.17500
v 38.00000 -29.85000 38.50000
v 38.00000 -29.66913 37.82500
v 38.00000 -29.17500 37.33087
v 38.00000 -28.50000 37.15000
v 38.00000 -27.82500 37.33087
v 38.00000 -27.33087 37.82500
v 38.00000 -27.15000 38.50000
v 38.00000 -27.33087 39.17500
v 38.00000 -27.82500 39.66913
v 38.00000 -28.50000 39.85000
v 38.00000 -29.17500 39.66913
v 38.00000 -29.66913 39.17500
vt 0.066987 0.750000
vt 0.250000 0.933013
vt 0.500000 1.000000
vt 0.750000 0.933013
vt 0.933013 0.750000
vt 1.000000 0.500000
vt 0.933013 0.250000
vt 0.750000 0.066987
vt 0.500000 0.000000
vt 0.250000 0.066987
vt 0.066987 0.250000
vt 0.000000 0.500000
vt 0.000000 0.500000
vt 0.066987 0.250000
vt 0.250000 0.066987
vt 0.500000 0.000000
vt 0.750000 0.066987
vt 0.933013 0.250000
vt 1.000000 0.500000
vt 0.933013 0.750000
vt 0.750000 0.933013
vt 0.500000 1.000000
vt 0.250000 0.933013
vt 0.066987 0.750000
vt 0.000000 1.000000
vt 1.000000 1.000000
vt 1.000000 0.000000
vt 0.000000 0.000000
vt 0.000000 1.000000
vt 1.000000 1.000000
vt 1.000000 0.000000
vt 0.000000 0.000000
vt 0.000000 0.000000
vt 1.000000 0.000000
vt 1.000000 1.000000
vt 0.000000 1.000000
vt 0.000000 0.000000
vt 1.000000 0.000000
vt 1.000000 1.000000
vt 0.000000 1.000000
vt 0.000000 0.000000
vt 1.000000 0.000000
vt 1.000000 1.000000
vt 0.000000 1.000000
vt 0.000000 0.000000
vt 1.000000 0.000000
vt 1.000000 1.000000
vt 0.000000 1.000000
vt 0.000000 0.000000
vt 1.000000 0.000000
vt 1.000000 1.000000
vt 0.000000 1.000000
vt 0.000000 0.000000
vt 1.000000 0.000000
vt 1.000000 1.000000
vt 0.000000 1.000000
vt 0.000000 1.000000
vt 1.000000 1.000000
vt 1.000000 0.000000
vt 0.000000 0.000000
vt 0.000000 1.000000
vt 1.000000 1.000000
vt 1.000000 0.000000
vt 0.000000 0.000000
vt 0.000000 1.000000
vt 1.000000 1.000000
vt 1.000000 0.000000
vt 0.000000 0.000000
vt 0.000000 1.000000
vt 1.000000 1.000000
vt 1.000000 0.000000
vt 0.000000 0.000000
f 3002/3403 3001/3404 3000/3405 2999/3406 2998/3407 2997/3408 2996/3409 2995/3410 2994/3411 2993/3412 2992/3413 2991/3414
f 3003/3415 3004/3416 3005/3417 3006/3418 3007/3419 3008/3420 3009/3421 3010/3422 3011/3423 3012/3424 3013/3425 3014/3426
f 2991/3427 3003/3428 3004/3429 2992/3430
f 2992/3431 3004/3432 3005/3433 2993/3434
f 2993/3435 3005/3436 3006/3437 2994/3438
f 2994/3439 3006/3440 3007/3441 2995/3442
f 2995/3443 3007/3444 3008/3445 2996/3446
f 2996/3447 3008/3448 3009/3449 2997/3450
f 2997/3451 3009/3452 3010/3453 2998/3454
f 2998/3455 3010/3456 3011/3457 2999/3458
f 2999/3459 3011/3460 3012/3461 3000/3462
f 3000/3463 3012/3464 3013/3465 3001/3466
f 3001/3467 3013/3468 3014/3469 3002/3470
f 3002/3471 3014/3472 3003/3473 2991/3474
o ServiceBolt-28_72
usemtl SFP_R2_Metal
v 35.60000 -29.85000 71.50000
v 35.60000 -29.66913 70.82500
v 35.60000 -29.17500 70.33087
v 35.60000 -28.50000 70.15000
v 35.60000 -27.82500 70.33087
v 35.60000 -27.33087 70.82500
v 35.60000 -27.15000 71.50000
v 35.60000 -27.33087 72.17500
v 35.60000 -27.82500 72.66913
v 35.60000 -28.50000 72.85000
v 35.60000 -29.17500 72.66913
v 35.60000 -29.66913 72.17500
v 38.00000 -29.85000 71.50000
v 38.00000 -29.66913 70.82500
v 38.00000 -29.17500 70.33087
v 38.00000 -28.50000 70.15000
v 38.00000 -27.82500 70.33087
v 38.00000 -27.33087 70.82500
v 38.00000 -27.15000 71.50000
v 38.00000 -27.33087 72.17500
v 38.00000 -27.82500 72.66913
v 38.00000 -28.50000 72.85000
v 38.00000 -29.17500 72.66913
v 38.00000 -29.66913 72.17500
vt 0.066987 0.750000
vt 0.250000 0.933013
vt 0.500000 1.000000
vt 0.750000 0.933013
vt 0.933013 0.750000
vt 1.000000 0.500000
vt 0.933013 0.250000
vt 0.750000 0.066987
vt 0.500000 0.000000
vt 0.250000 0.066987
vt 0.066987 0.250000
vt 0.000000 0.500000
vt 0.000000 0.500000
vt 0.066987 0.250000
vt 0.250000 0.066987
vt 0.500000 0.000000
vt 0.750000 0.066987
vt 0.933013 0.250000
vt 1.000000 0.500000
vt 0.933013 0.750000
vt 0.750000 0.933013
vt 0.500000 1.000000
vt 0.250000 0.933013
vt 0.066987 0.750000
vt 0.000000 1.000000
vt 1.000000 1.000000
vt 1.000000 0.000000
vt 0.000000 0.000000
vt 0.000000 1.000000
vt 1.000000 1.000000
vt 1.000000 0.000000
vt 0.000000 0.000000
vt 0.000000 0.000000
vt 1.000000 0.000000
vt 1.000000 1.000000
vt 0.000000 1.000000
vt 0.000000 0.000000
vt 1.000000 0.000000
vt 1.000000 1.000000
vt 0.000000 1.000000
vt 0.000000 0.000000
vt 1.000000 0.000000
vt 1.000000 1.000000
vt 0.000000 1.000000
vt 0.000000 0.000000
vt 1.000000 0.000000
vt 1.000000 1.000000
vt 0.000000 1.000000
vt 0.000000 0.000000
vt 1.000000 0.000000
vt 1.000000 1.000000
vt 0.000000 1.000000
vt 0.000000 0.000000
vt 1.000000 0.000000
vt 1.000000 1.000000
vt 0.000000 1.000000
vt 0.000000 1.000000
vt 1.000000 1.000000
vt 1.000000 0.000000
vt 0.000000 0.000000
vt 0.000000 1.000000
vt 1.000000 1.000000
vt 1.000000 0.000000
vt 0.000000 0.000000
vt 0.000000 1.000000
vt 1.000000 1.000000
vt 1.000000 0.000000
vt 0.000000 0.000000
vt 0.000000 1.000000
vt 1.000000 1.000000
vt 1.000000 0.000000
vt 0.000000 0.000000
f 3026/3475 3025/3476 3024/3477 3023/3478 3022/3479 3021/3480 3020/3481 3019/3482 3018/3483 3017/3484 3016/3485 3015/3486
f 3027/3487 3028/3488 3029/3489 3030/3490 3031/3491 3032/3492 3033/3493 3034/3494 3035/3495 3036/3496 3037/3497 3038/3498
f 3015/3499 3027/3500 3028/3501 3016/3502
f 3016/3503 3028/3504 3029/3505 3017/3506
f 3017/3507 3029/3508 3030/3509 3018/3510
f 3018/3511 3030/3512 3031/3513 3019/3514
f 3019/3515 3031/3516 3032/3517 3020/3518
f 3020/3519 3032/3520 3033/3521 3021/3522
f 3021/3523 3033/3524 3034/3525 3022/3526
f 3022/3527 3034/3528 3035/3529 3023/3530
f 3023/3531 3035/3532 3036/3533 3024/3534
f 3024/3535 3036/3536 3037/3537 3025/3538
f 3025/3539 3037/3540 3038/3541 3026/3542
f 3026/3543 3038/3544 3027/3545 3015/3546
o ServiceBolt+28_38
usemtl SFP_R2_Metal
v 35.60000 27.15000 38.50000
v 35.60000 27.33087 37.82500
v 35.60000 27.82500 37.33087
v 35.60000 28.50000 37.15000
v 35.60000 29.17500 37.33087
v 35.60000 29.66913 37.82500
v 35.60000 29.85000 38.50000
v 35.60000 29.66913 39.17500
v 35.60000 29.17500 39.66913
v 35.60000 28.50000 39.85000
v 35.60000 27.82500 39.66913
v 35.60000 27.33087 39.17500
v 38.00000 27.15000 38.50000
v 38.00000 27.33087 37.82500
v 38.00000 27.82500 37.33087
v 38.00000 28.50000 37.15000
v 38.00000 29.17500 37.33087
v 38.00000 29.66913 37.82500
v 38.00000 29.85000 38.50000
v 38.00000 29.66913 39.17500
v 38.00000 29.17500 39.66913
v 38.00000 28.50000 39.85000
v 38.00000 27.82500 39.66913
v 38.00000 27.33087 39.17500
vt 0.066987 0.750000
vt 0.250000 0.933013
vt 0.500000 1.000000
vt 0.750000 0.933013
vt 0.933013 0.750000
vt 1.000000 0.500000
vt 0.933013 0.250000
vt 0.750000 0.066987
vt 0.500000 0.000000
vt 0.250000 0.066987
vt 0.066987 0.250000
vt 0.000000 0.500000
vt 0.000000 0.500000
vt 0.066987 0.250000
vt 0.250000 0.066987
vt 0.500000 0.000000
vt 0.750000 0.066987
vt 0.933013 0.250000
vt 1.000000 0.500000
vt 0.933013 0.750000
vt 0.750000 0.933013
vt 0.500000 1.000000
vt 0.250000 0.933013
vt 0.066987 0.750000
vt 0.000000 1.000000
vt 1.000000 1.000000
vt 1.000000 0.000000
vt 0.000000 0.000000
vt 0.000000 1.000000
vt 1.000000 1.000000
vt 1.000000 0.000000
vt 0.000000 0.000000
vt 0.000000 0.000000
vt 1.000000 0.000000
vt 1.000000 1.000000
vt 0.000000 1.000000
vt 0.000000 0.000000
vt 1.000000 0.000000
vt 1.000000 1.000000
vt 0.000000 1.000000
vt 0.000000 0.000000
vt 1.000000 0.000000
vt 1.000000 1.000000
vt 0.000000 1.000000
vt 0.000000 0.000000
vt 1.000000 0.000000
vt 1.000000 1.000000
vt 0.000000 1.000000
vt 0.000000 0.000000
vt 1.000000 0.000000
vt 1.000000 1.000000
vt 0.000000 1.000000
vt 0.000000 0.000000
vt 1.000000 0.000000
vt 1.000000 1.000000
vt 0.000000 1.000000
vt 0.000000 1.000000
vt 1.000000 1.000000
vt 1.000000 0.000000
vt 0.000000 0.000000
vt 0.000000 1.000000
vt 1.000000 1.000000
vt 1.000000 0.000000
vt 0.000000 0.000000
vt 0.000000 1.000000
vt 1.000000 1.000000
vt 1.000000 0.000000
vt 0.000000 0.000000
vt 0.000000 1.000000
vt 1.000000 1.000000
vt 1.000000 0.000000
vt 0.000000 0.000000
f 3050/3547 3049/3548 3048/3549 3047/3550 3046/3551 3045/3552 3044/3553 3043/3554 3042/3555 3041/3556 3040/3557 3039/3558
f 3051/3559 3052/3560 3053/3561 3054/3562 3055/3563 3056/3564 3057/3565 3058/3566 3059/3567 3060/3568 3061/3569 3062/3570
f 3039/3571 3051/3572 3052/3573 3040/3574
f 3040/3575 3052/3576 3053/3577 3041/3578
f 3041/3579 3053/3580 3054/3581 3042/3582
f 3042/3583 3054/3584 3055/3585 3043/3586
f 3043/3587 3055/3588 3056/3589 3044/3590
f 3044/3591 3056/3592 3057/3593 3045/3594
f 3045/3595 3057/3596 3058/3597 3046/3598
f 3046/3599 3058/3600 3059/3601 3047/3602
f 3047/3603 3059/3604 3060/3605 3048/3606
f 3048/3607 3060/3608 3061/3609 3049/3610
f 3049/3611 3061/3612 3062/3613 3050/3614
f 3050/3615 3062/3616 3051/3617 3039/3618
o ServiceBolt+28_72
usemtl SFP_R2_Metal
v 35.60000 27.15000 71.50000
v 35.60000 27.33087 70.82500
v 35.60000 27.82500 70.33087
v 35.60000 28.50000 70.15000
v 35.60000 29.17500 70.33087
v 35.60000 29.66913 70.82500
v 35.60000 29.85000 71.50000
v 35.60000 29.66913 72.17500
v 35.60000 29.17500 72.66913
v 35.60000 28.50000 72.85000
v 35.60000 27.82500 72.66913
v 35.60000 27.33087 72.17500
v 38.00000 27.15000 71.50000
v 38.00000 27.33087 70.82500
v 38.00000 27.82500 70.33087
v 38.00000 28.50000 70.15000
v 38.00000 29.17500 70.33087
v 38.00000 29.66913 70.82500
v 38.00000 29.85000 71.50000
v 38.00000 29.66913 72.17500
v 38.00000 29.17500 72.66913
v 38.00000 28.50000 72.85000
v 38.00000 27.82500 72.66913
v 38.00000 27.33087 72.17500
vt 0.066987 0.750000
vt 0.250000 0.933013
vt 0.500000 1.000000
vt 0.750000 0.933013
vt 0.933013 0.750000
vt 1.000000 0.500000
vt 0.933013 0.250000
vt 0.750000 0.066987
vt 0.500000 0.000000
vt 0.250000 0.066987
vt 0.066987 0.250000
vt 0.000000 0.500000
vt 0.000000 0.500000
vt 0.066987 0.250000
vt 0.250000 0.066987
vt 0.500000 0.000000
vt 0.750000 0.066987
vt 0.933013 0.250000
vt 1.000000 0.500000
vt 0.933013 0.750000
vt 0.750000 0.933013
vt 0.500000 1.000000
vt 0.250000 0.933013
vt 0.066987 0.750000
vt 0.000000 1.000000
vt 1.000000 1.000000
vt 1.000000 0.000000
vt 0.000000 0.000000
vt 0.000000 1.000000
vt 1.000000 1.000000
vt 1.000000 0.000000
vt 0.000000 0.000000
vt 0.000000 0.000000
vt 1.000000 0.000000
vt 1.000000 1.000000
vt 0.000000 1.000000
vt 0.000000 0.000000
vt 1.000000 0.000000
vt 1.000000 1.000000
vt 0.000000 1.000000
vt 0.000000 0.000000
vt 1.000000 0.000000
vt 1.000000 1.000000
vt 0.000000 1.000000
vt 0.000000 0.000000
vt 1.000000 0.000000
vt 1.000000 1.000000
vt 0.000000 1.000000
vt 0.000000 0.000000
vt 1.000000 0.000000
vt 1.000000 1.000000
vt 0.000000 1.000000
vt 0.000000 0.000000
vt 1.000000 0.000000
vt 1.000000 1.000000
vt 0.000000 1.000000
vt 0.000000 1.000000
vt 1.000000 1.000000
vt 1.000000 0.000000
vt 0.000000 0.000000
vt 0.000000 1.000000
vt 1.000000 1.000000
vt 1.000000 0.000000
vt 0.000000 0.000000
vt 0.000000 1.000000
vt 1.000000 1.000000
vt 1.000000 0.000000
vt 0.000000 0.000000
vt 0.000000 1.000000
vt 1.000000 1.000000
vt 1.000000 0.000000
vt 0.000000 0.000000
f 3074/3619 3073/3620 3072/3621 3071/3622 3070/3623 3069/3624 3068/3625 3067/3626 3066/3627 3065/3628 3064/3629 3063/3630
f 3075/3631 3076/3632 3077/3633 3078/3634 3079/3635 3080/3636 3081/3637 3082/3638 3083/3639 3084/3640 3085/3641 3086/3642
f 3063/3643 3075/3644 3076/3645 3064/3646
f 3064/3647 3076/3648 3077/3649 3065/3650
f 3065/3651 3077/3652 3078/3653 3066/3654
f 3066/3655 3078/3656 3079/3657 3067/3658
f 3067/3659 3079/3660 3080/3661 3068/3662
f 3068/3663 3080/3664 3081/3665 3069/3666
f 3069/3667 3081/3668 3082/3669 3070/3670
f 3070/3671 3082/3672 3083/3673 3071/3674
f 3071/3675 3083/3676 3084/3677 3072/3678
f 3072/3679 3084/3680 3085/3681 3073/3682
f 3073/3683 3085/3684 3086/3685 3074/3686
f 3074/3687 3086/3688 3075/3689 3063/3690
o ServiceStatusBar
usemtl SFP_R2_ScreenGlow
v 35.20000 -23.64000 31.26000
v 35.20000 23.64000 31.26000
v 35.20000 23.64000 32.74000
v 35.20000 -23.64000 32.74000
v 35.56000 -24.00000 31.26000
v 36.44000 -24.00000 31.26000
v 36.44000 -24.00000 32.74000
v 35.56000 -24.00000 32.74000
v 35.56000 -23.64000 30.90000
v 36.44000 -23.64000 30.90000
v 36.44000 23.64000 30.90000
v 35.56000 23.64000 30.90000
v 36.80000 -23.64000 31.26000
v 36.80000 23.64000 31.26000
v 36.80000 23.64000 32.74000
v 36.80000 -23.64000 32.74000
v 35.56000 24.00000 31.26000
v 36.44000 24.00000 31.26000
v 36.44000 24.00000 32.74000
v 35.56000 24.00000 32.74000
v 35.56000 -23.64000 33.10000
v 36.44000 -23.64000 33.10000
v 36.44000 23.64000 33.10000
v 35.56000 23.64000 33.10000
v 35.20000 -23.64000 31.26000
v 35.56000 -24.00000 31.26000
v 35.56000 -24.00000 32.74000
v 35.20000 -23.64000 32.74000
v 35.20000 23.64000 31.26000
v 35.56000 24.00000 31.26000
v 35.56000 24.00000 32.74000
v 35.20000 23.64000 32.74000
v 36.80000 -23.64000 31.26000
v 36.44000 -24.00000 31.26000
v 36.44000 -24.00000 32.74000
v 36.80000 -23.64000 32.74000
v 36.80000 23.64000 31.26000
v 36.44000 24.00000 31.26000
v 36.44000 24.00000 32.74000
v 36.80000 23.64000 32.74000
v 35.20000 -23.64000 31.26000
v 35.56000 -23.64000 30.90000
v 35.56000 23.64000 30.90000
v 35.20000 23.64000 31.26000
v 35.20000 -23.64000 32.74000
v 35.56000 -23.64000 33.10000
v 35.56000 23.64000 33.10000
v 35.20000 23.64000 32.74000
v 36.80000 -23.64000 31.26000
v 36.44000 -23.64000 30.90000
v 36.44000 23.64000 30.90000
v 36.80000 23.64000 31.26000
v 36.80000 -23.64000 32.74000
v 36.44000 -23.64000 33.10000
v 36.44000 23.64000 33.10000
v 36.80000 23.64000 32.74000
v 35.56000 -24.00000 31.26000
v 35.56000 -23.64000 30.90000
v 36.44000 -23.64000 30.90000
v 36.44000 -24.00000 31.26000
v 35.56000 -24.00000 32.74000
v 35.56000 -23.64000 33.10000
v 36.44000 -23.64000 33.10000
v 36.44000 -24.00000 32.74000
v 35.56000 24.00000 31.26000
v 35.56000 23.64000 30.90000
v 36.44000 23.64000 30.90000
v 36.44000 24.00000 31.26000
v 35.56000 24.00000 32.74000
v 35.56000 23.64000 33.10000
v 36.44000 23.64000 33.10000
v 36.44000 24.00000 32.74000
v 35.20000 -23.64000 31.26000
v 35.56000 -24.00000 31.26000
v 35.56000 -23.64000 30.90000
v 35.20000 -23.64000 32.74000
v 35.56000 -24.00000 32.74000
v 35.56000 -23.64000 33.10000
v 35.20000 23.64000 31.26000
v 35.56000 24.00000 31.26000
v 35.56000 23.64000 30.90000
v 35.20000 23.64000 32.74000
v 35.56000 24.00000 32.74000
v 35.56000 23.64000 33.10000
v 36.80000 -23.64000 31.26000
v 36.44000 -24.00000 31.26000
v 36.44000 -23.64000 30.90000
v 36.80000 -23.64000 32.74000
v 36.44000 -24.00000 32.74000
v 36.44000 -23.64000 33.10000
v 36.80000 23.64000 31.26000
v 36.44000 24.00000 31.26000
v 36.44000 23.64000 30.90000
v 36.80000 23.64000 32.74000
v 36.44000 24.00000 32.74000
v 36.44000 23.64000 33.10000
vt 0.000000 1.000000
vt 1.000000 1.000000
vt 1.000000 0.000000
vt 0.000000 0.000000
vt 0.000000 0.000000
vt 1.000000 0.000000
vt 1.000000 1.000000
vt 0.000000 1.000000
vt 0.000000 1.000000
vt 1.000000 1.000000
vt 1.000000 0.000000
vt 0.000000 0.000000
vt 0.000000 0.000000
vt 1.000000 0.000000
vt 1.000000 1.000000
vt 0.000000 1.000000
vt 0.000000 1.000000
vt 1.000000 1.000000
vt 1.000000 0.000000
vt 0.000000 0.000000
vt 0.000000 0.000000
vt 1.000000 0.000000
vt 1.000000 1.000000
vt 0.000000 1.000000
vt 1.000000 0.000000
vt 0.000000 0.000000
vt 0.000000 1.000000
vt 1.000000 1.000000
vt 0.000000 1.000000
vt 1.000000 1.000000
vt 1.000000 0.000000
vt 0.000000 0.000000
vt 1.000000 1.000000
vt 0.000000 1.000000
vt 0.000000 0.000000
vt 1.000000 0.000000
vt 0.000000 0.000000
vt 1.000000 0.000000
vt 1.000000 1.000000
vt 0.000000 1.000000
vt 1.000000 1.000000
vt 1.000000 0.000000
vt 0.000000 0.000000
vt 0.000000 1.000000
vt 0.000000 0.000000
vt 0.000000 1.000000
vt 1.000000 1.000000
vt 1.000000 0.000000
vt 0.000000 1.000000
vt 0.000000 0.000000
vt 1.000000 0.000000
vt 1.000000 1.000000
vt 1.000000 0.000000
vt 1.000000 1.000000
vt 0.000000 1.000000
vt 0.000000 0.000000
vt 0.000000 1.000000
vt 0.000000 0.000000
vt 1.000000 0.000000
vt 1.000000 1.000000
vt 1.000000 0.000000
vt 1.000000 1.000000
vt 0.000000 1.000000
vt 0.000000 0.000000
vt 1.000000 1.000000
vt 1.000000 0.000000
vt 0.000000 0.000000
vt 0.000000 1.000000
vt 0.000000 0.000000
vt 0.000000 1.000000
vt 1.000000 1.000000
vt 1.000000 0.000000
vt 1.000000 0.000000
vt 0.000000 1.000000
vt 1.000000 1.000000
vt 1.000000 0.000000
vt 0.000000 0.000000
vt 1.000000 1.000000
vt 0.000000 1.000000
vt 1.000000 1.000000
vt 0.000000 0.000000
vt 0.000000 1.000000
vt 1.000000 0.000000
vt 0.000000 0.000000
vt 1.000000 1.000000
vt 0.000000 1.000000
vt 1.000000 0.000000
vt 1.000000 1.000000
vt 0.000000 0.000000
vt 1.000000 0.000000
vt 0.000000 0.000000
vt 1.000000 1.000000
vt 0.000000 1.000000
vt 0.000000 0.000000
vt 1.000000 0.000000
vt 0.000000 1.000000
f 3090/3691 3089/3692 3088/3693 3087/3694
f 3091/3695 3092/3696 3093/3697 3094/3698
f 3098/3699 3097/3700 3096/3701 3095/3702
f 3099/3703 3100/3704 3101/3705 3102/3706
f 3106/3707 3105/3708 3104/3709 3103/3710
f 3107/3711 3108/3712 3109/3713 3110/3714
f 3111/3715 3112/3716 3113/3717 3114/3718
f 3118/3719 3117/3720 3116/3721 3115/3722
f 3122/3723 3121/3724 3120/3725 3119/3726
f 3123/3727 3124/3728 3125/3729 3126/3730
f 3130/3731 3129/3732 3128/3733 3127/3734
f 3131/3735 3132/3736 3133/3737 3134/3738
f 3135/3739 3136/3740 3137/3741 3138/3742
f 3142/3743 3141/3744 3140/3745 3139/3746
f 3143/3747 3144/3748 3145/3749 3146/3750
f 3150/3751 3149/3752 3148/3753 3147/3754
f 3154/3755 3153/3756 3152/3757 3151/3758
f 3155/3759 3156/3760 3157/3761 3158/3762
f 3161/3763 3160/3764 3159/3765
f 3162/3766 3163/3767 3164/3768
f 3165/3769 3166/3770 3167/3771
f 3170/3772 3169/3773 3168/3774
f 3171/3775 3172/3776 3173/3777
f 3176/3778 3175/3779 3174/3780
f 3179/3781 3178/3782 3177/3783
f 3180/3784 3181/3785 3182/3786
o ServiceLatch
usemtl SFP_R2_Accent
v 35.10000 24.99500 47.99500
v 35.10000 30.00500 47.99500
v 35.10000 30.00500 62.00500
v 35.10000 24.99500 62.00500
v 35.59500 24.50000 47.99500
v 36.80500 24.50000 47.99500
v 36.80500 24.50000 62.00500
v 35.59500 24.50000 62.00500
v 35.59500 24.99500 47.50000
v 36.80500 24.99500 47.50000
v 36.80500 30.00500 47.50000
v 35.59500 30.00500 47.50000
v 37.30000 24.99500 47.99500
v 37.30000 30.00500 47.99500
v 37.30000 30.00500 62.00500
v 37.30000 24.99500 62.00500
v 35.59500 30.50000 47.99500
v 36.80500 30.50000 47.99500
v 36.80500 30.50000 62.00500
v 35.59500 30.50000 62.00500
v 35.59500 24.99500 62.50000
v 36.80500 24.99500 62.50000
v 36.80500 30.00500 62.50000
v 35.59500 30.00500 62.50000
v 35.10000 24.99500 47.99500
v 35.59500 24.50000 47.99500
v 35.59500 24.50000 62.00500
v 35.10000 24.99500 62.00500
v 35.10000 30.00500 47.99500
v 35.59500 30.50000 47.99500
v 35.59500 30.50000 62.00500
v 35.10000 30.00500 62.00500
v 37.30000 24.99500 47.99500
v 36.80500 24.50000 47.99500
v 36.80500 24.50000 62.00500
v 37.30000 24.99500 62.00500
v 37.30000 30.00500 47.99500
v 36.80500 30.50000 47.99500
v 36.80500 30.50000 62.00500
v 37.30000 30.00500 62.00500
v 35.10000 24.99500 47.99500
v 35.59500 24.99500 47.50000
v 35.59500 30.00500 47.50000
v 35.10000 30.00500 47.99500
v 35.10000 24.99500 62.00500
v 35.59500 24.99500 62.50000
v 35.59500 30.00500 62.50000
v 35.10000 30.00500 62.00500
v 37.30000 24.99500 47.99500
v 36.80500 24.99500 47.50000
v 36.80500 30.00500 47.50000
v 37.30000 30.00500 47.99500
v 37.30000 24.99500 62.00500
v 36.80500 24.99500 62.50000
v 36.80500 30.00500 62.50000
v 37.30000 30.00500 62.00500
v 35.59500 24.50000 47.99500
v 35.59500 24.99500 47.50000
v 36.80500 24.99500 47.50000
v 36.80500 24.50000 47.99500
v 35.59500 24.50000 62.00500
v 35.59500 24.99500 62.50000
v 36.80500 24.99500 62.50000
v 36.80500 24.50000 62.00500
v 35.59500 30.50000 47.99500
v 35.59500 30.00500 47.50000
v 36.80500 30.00500 47.50000
v 36.80500 30.50000 47.99500
v 35.59500 30.50000 62.00500
v 35.59500 30.00500 62.50000
v 36.80500 30.00500 62.50000
v 36.80500 30.50000 62.00500
v 35.10000 24.99500 47.99500
v 35.59500 24.50000 47.99500
v 35.59500 24.99500 47.50000
v 35.10000 24.99500 62.00500
v 35.59500 24.50000 62.00500
v 35.59500 24.99500 62.50000
v 35.10000 30.00500 47.99500
v 35.59500 30.50000 47.99500
v 35.59500 30.00500 47.50000
v 35.10000 30.00500 62.00500
v 35.59500 30.50000 62.00500
v 35.59500 30.00500 62.50000
v 37.30000 24.99500 47.99500
v 36.80500 24.50000 47.99500
v 36.80500 24.99500 47.50000
v 37.30000 24.99500 62.00500
v 36.80500 24.50000 62.00500
v 36.80500 24.99500 62.50000
v 37.30000 30.00500 47.99500
v 36.80500 30.50000 47.99500
v 36.80500 30.00500 47.50000
v 37.30000 30.00500 62.00500
v 36.80500 30.50000 62.00500
v 36.80500 30.00500 62.50000
vt 0.000000 1.000000
vt 1.000000 1.000000
vt 1.000000 0.000000
vt 0.000000 0.000000
vt 0.000000 0.000000
vt 1.000000 0.000000
vt 1.000000 1.000000
vt 0.000000 1.000000
vt 0.000000 1.000000
vt 1.000000 1.000000
vt 1.000000 0.000000
vt 0.000000 0.000000
vt 0.000000 0.000000
vt 1.000000 0.000000
vt 1.000000 1.000000
vt 0.000000 1.000000
vt 0.000000 1.000000
vt 1.000000 1.000000
vt 1.000000 0.000000
vt 0.000000 0.000000
vt 0.000000 0.000000
vt 1.000000 0.000000
vt 1.000000 1.000000
vt 0.000000 1.000000
vt 0.000000 0.000000
vt 1.000000 0.000000
vt 1.000000 1.000000
vt 0.000000 1.000000
vt 0.000000 1.000000
vt 1.000000 1.000000
vt 1.000000 0.000000
vt 0.000000 0.000000
vt 1.000000 1.000000
vt 0.000000 1.000000
vt 0.000000 0.000000
vt 1.000000 0.000000
vt 1.000000 0.000000
vt 0.000000 0.000000
vt 0.000000 1.000000
vt 1.000000 1.000000
vt 0.000000 1.000000
vt 1.000000 1.000000
vt 1.000000 0.000000
vt 0.000000 0.000000
vt 0.000000 0.000000
vt 1.000000 0.000000
vt 1.000000 1.000000
vt 0.000000 1.000000
vt 1.000000 0.000000
vt 0.000000 0.000000
vt 0.000000 1.000000
vt 1.000000 1.000000
vt 1.000000 1.000000
vt 0.000000 1.000000
vt 0.000000 0.000000
vt 1.000000 0.000000
vt 0.000000 0.000000
vt 0.000000 1.000000
vt 1.000000 1.000000
vt 1.000000 0.000000
vt 1.000000 0.000000
vt 1.000000 1.000000
vt 0.000000 1.000000
vt 0.000000 0.000000
vt 1.000000 1.000000
vt 1.000000 0.000000
vt 0.000000 0.000000
vt 0.000000 1.000000
vt 0.000000 1.000000
vt 0.000000 0.000000
vt 1.000000 0.000000
vt 1.000000 1.000000
vt 1.000000 1.000000
vt 1.000000 0.000000
vt 0.000000 1.000000
vt 0.000000 1.000000
vt 1.000000 0.000000
vt 1.000000 1.000000
vt 0.000000 0.000000
vt 1.000000 1.000000
vt 1.000000 0.000000
vt 1.000000 0.000000
vt 1.000000 1.000000
vt 0.000000 0.000000
vt 1.000000 1.000000
vt 0.000000 0.000000
vt 0.000000 1.000000
vt 0.000000 1.000000
vt 0.000000 0.000000
vt 1.000000 1.000000
vt 0.000000 0.000000
vt 0.000000 1.000000
vt 1.000000 0.000000
vt 1.000000 0.000000
vt 0.000000 1.000000
vt 0.000000 0.000000
f 3186/3787 3185/3788 3184/3789 3183/3790
f 3187/3791 3188/3792 3189/3793 3190/3794
f 3194/3795 3193/3796 3192/3797 3191/3798
f 3195/3799 3196/3800 3197/3801 3198/3802
f 3202/3803 3201/3804 3200/3805 3199/3806
f 3203/3807 3204/3808 3205/3809 3206/3810
f 3207/3811 3208/3812 3209/3813 3210/3814
f 3214/3815 3213/3816 3212/3817 3211/3818
f 3218/3819 3217/3820 3216/3821 3215/3822
f 3219/3823 3220/3824 3221/3825 3222/3826
f 3226/3827 3225/3828 3224/3829 3223/3830
f 3227/3831 3228/3832 3229/3833 3230/3834
f 3231/3835 3232/3836 3233/3837 3234/3838
f 3238/3839 3237/3840 3236/3841 3235/3842
f 3239/3843 3240/3844 3241/3845 3242/3846
f 3246/3847 3245/3848 3244/3849 3243/3850
f 3250/3851 3249/3852 3248/3853 3247/3854
f 3251/3855 3252/3856 3253/3857 3254/3858
f 3257/3859 3256/3860 3255/3861
f 3258/3862 3259/3863 3260/3864
f 3261/3865 3262/3866 3263/3867
f 3266/3868 3265/3869 3264/3870
f 3267/3871 3268/3872 3269/3873
f 3272/3874 3271/3875 3270/3876
f 3275/3877 3274/3878 3273/3879
f 3276/3880 3277/3881 3278/3882
o ControlDeck
usemtl SFP_R2_Trim
v -25.00000 -54.00000 84.00000
v 14.00000 -54.00000 84.00000
v 34.00000 -54.00000 91.00000
v 37.00000 -54.00000 98.00000
v 25.00000 -54.00000 104.00000
v -19.00000 -54.00000 101.00000
v -29.00000 -54.00000 94.00000
v -25.00000 54.00000 84.00000
v 14.00000 54.00000 84.00000
v 34.00000 54.00000 91.00000
v 37.00000 54.00000 98.00000
v 25.00000 54.00000 104.00000
v -19.00000 54.00000 101.00000
v -29.00000 54.00000 94.00000
vt 0.000000 0.500000
vt 0.151515 0.850000
vt 0.818182 1.000000
vt 1.000000 0.700000
vt 0.954545 0.350000
vt 0.651515 0.000000
vt 0.060606 0.000000
vt 0.060606 0.000000
vt 0.651515 0.000000
vt 0.954545 0.350000
vt 1.000000 0.700000
vt 0.818182 1.000000
vt 0.151515 0.850000
vt 0.000000 0.500000
vt 0.000000 0.000000
vt 1.000000 0.000000
vt 1.000000 1.000000
vt 0.000000 1.000000
vt 0.000000 0.000000
vt 1.000000 0.000000
vt 1.000000 1.000000
vt 0.000000 1.000000
vt 0.000000 0.000000
vt 0.000000 1.000000
vt 1.000000 1.000000
vt 1.000000 0.000000
vt 1.000000 0.000000
vt 0.000000 0.000000
vt 0.000000 1.000000
vt 1.000000 1.000000
vt 1.000000 0.000000
vt 0.000000 0.000000
vt 0.000000 1.000000
vt 1.000000 1.000000
vt 1.000000 0.000000
vt 0.000000 0.000000
vt 0.000000 1.000000
vt 1.000000 1.000000
vt 0.000000 1.000000
vt 0.000000 0.000000
vt 1.000000 0.000000
vt 1.000000 1.000000
f 3285/3883 3284/3884 3283/3885 3282/3886 3281/3887 3280/3888 3279/3889
f 3286/3890 3287/3891 3288/3892 3289/3893 3290/3894 3291/3895 3292/3896
f 3279/3897 3280/3898 3287/3899 3286/3900
f 3280/3901 3281/3902 3288/3903 3287/3904
f 3281/3905 3282/3906 3289/3907 3288/3908
f 3282/3909 3283/3910 3290/3911 3289/3912
f 3283/3913 3284/3914 3291/3915 3290/3916
f 3284/3917 3285/3918 3292/3919 3291/3920
f 3285/3921 3279/3922 3286/3923 3292/3924
o ControlDeckTop
usemtl SFP_R2_Metal
v 8.09345 -41.10000 94.19135
v 8.09345 41.10000 94.19135
v 7.59856 41.10000 96.33497
v 7.59856 -41.10000 96.33497
v 8.97038 -42.00000 94.39381
v 33.52451 -42.00000 100.06258
v 33.02962 -42.00000 102.20619
v 8.47549 -42.00000 96.53742
v 9.17284 -41.10000 93.51688
v 33.72696 -41.10000 99.18564
v 33.72696 41.10000 99.18564
v 9.17284 41.10000 93.51688
v 34.40144 -41.10000 100.26503
v 34.40144 41.10000 100.26503
v 33.90655 41.10000 102.40865
v 33.90655 -41.10000 102.40865
v 8.97038 42.00000 94.39381
v 33.52451 42.00000 100.06258
v 33.02962 42.00000 102.20619
v 8.47549 42.00000 96.53742
v 8.27304 -41.10000 97.41436
v 32.82716 -41.10000 103.08312
v 32.82716 41.10000 103.08312
v 8.27304 41.10000 97.41436
v 8.09345 -41.10000 94.19135
v 8.97038 -42.00000 94.39381
v 8.47549 -42.00000 96.53742
v 7.59856 -41.10000 96.33497
v 8.09345 41.10000 94.19135
v 8.97038 42.00000 94.39381
v 8.47549 42.00000 96.53742
v 7.59856 41.10000 96.33497
v 34.40144 -41.10000 100.26503
v 33.52451 -42.00000 100.06258
v 33.02962 -42.00000 102.20619
v 33.90655 -41.10000 102.40865
v 34.40144 41.10000 100.26503
v 33.52451 42.00000 100.06258
v 33.02962 42.00000 102.20619
v 33.90655 41.10000 102.40865
v 8.09345 -41.10000 94.19135
v 9.17284 -41.10000 93.51688
v 9.17284 41.10000 93.51688
v 8.09345 41.10000 94.19135
v 7.59856 -41.10000 96.33497
v 8.27304 -41.10000 97.41436
v 8.27304 41.10000 97.41436
v 7.59856 41.10000 96.33497
v 34.40144 -41.10000 100.26503
v 33.72696 -41.10000 99.18564
v 33.72696 41.10000 99.18564
v 34.40144 41.10000 100.26503
v 33.90655 -41.10000 102.40865
v 32.82716 -41.10000 103.08312
v 32.82716 41.10000 103.08312
v 33.90655 41.10000 102.40865
v 8.97038 -42.00000 94.39381
v 9.17284 -41.10000 93.51688
v 33.72696 -41.10000 99.18564
v 33.52451 -42.00000 100.06258
v 8.47549 -42.00000 96.53742
v 8.27304 -41.10000 97.41436
v 32.82716 -41.10000 103.08312
v 33.02962 -42.00000 102.20619
v 8.97038 42.00000 94.39381
v 9.17284 41.10000 93.51688
v 33.72696 41.10000 99.18564
v 33.52451 42.00000 100.06258
v 8.47549 42.00000 96.53742
v 8.27304 41.10000 97.41436
v 32.82716 41.10000 103.08312
v 33.02962 42.00000 102.20619
v 8.09345 -41.10000 94.19135
v 8.97038 -42.00000 94.39381
v 9.17284 -41.10000 93.51688
v 7.59856 -41.10000 96.33497
v 8.47549 -42.00000 96.53742
v 8.27304 -41.10000 97.41436
v 8.09345 41.10000 94.19135
v 8.97038 42.00000 94.39381
v 9.17284 41.10000 93.51688
v 7.59856 41.10000 96.33497
v 8.47549 42.00000 96.53742
v 8.27304 41.10000 97.41436
v 34.40144 -41.10000 100.26503
v 33.52451 -42.00000 100.06258
v 33.72696 -41.10000 99.18564
v 33.90655 -41.10000 102.40865
v 33.02962 -42.00000 102.20619
v 32.82716 -41.10000 103.08312
v 34.40144 41.10000 100.26503
v 33.52451 42.00000 100.06258
v 33.72696 41.10000 99.18564
v 33.90655 41.10000 102.40865
v 33.02962 42.00000 102.20619
v 32.82716 41.10000 103.08312
vt 0.000000 1.000000
vt 1.000000 1.000000
vt 1.000000 0.000000
vt 0.000000 0.000000
vt 0.019757 0.000000
vt 1.000000 0.725613
vt 0.980243 1.000000
vt 0.000000 0.274387
vt 0.000000 1.000000
vt 1.000000 1.000000
vt 1.000000 0.000000
vt 0.000000 0.000000
vt 0.000000 0.000000
vt 1.000000 0.000000
vt 1.000000 1.000000
vt 0.000000 1.000000
vt 0.000000 0.274387
vt 0.980243 1.000000
vt 1.000000 0.725613
vt 0.019757 0.000000
vt 0.000000 0.000000
vt 1.000000 0.000000
vt 1.000000 1.000000
vt 0.000000 1.000000
vt 0.360755 0.000000
vt 1.000000 0.086296
vt 0.639245 1.000000
vt 0.000000 0.913704
vt 0.000000 0.913704
vt 0.639245 1.000000
vt 1.000000 0.086296
vt 0.360755 0.000000
vt 0.639245 1.000000
vt 0.000000 0.913704
vt 0.360755 0.000000
vt 1.000000 0.086296
vt 1.000000 0.086296
vt 0.360755 0.000000
vt 0.000000 0.913704
vt 0.639245 1.000000
vt 0.000000 1.000000
vt 1.000000 1.000000
vt 1.000000 0.000000
vt 0.000000 0.000000
vt 0.000000 0.000000
vt 0.000000 1.000000
vt 1.000000 1.000000
vt 1.000000 0.000000
vt 0.000000 1.000000
vt 0.000000 0.000000
vt 1.000000 0.000000
vt 1.000000 1.000000
vt 1.000000 1.000000
vt 0.000000 1.000000
vt 0.000000 0.000000
vt 1.000000 0.000000
vt 0.000000 0.133971
vt 0.008178 0.000000
vt 1.000000 0.866029
vt 0.991822 1.000000
vt 1.000000 0.866029
vt 0.991822 1.000000
vt 0.000000 0.133971
vt 0.008178 0.000000
vt 0.991822 1.000000
vt 1.000000 0.866029
vt 0.008178 0.000000
vt 0.000000 0.133971
vt 0.008178 0.000000
vt 0.000000 0.133971
vt 0.991822 1.000000
vt 1.000000 0.866029
vt 1.000000 1.000000
vt 0.812435 0.000000
vt 0.000000 1.000000
vt 1.000000 0.000000
vt 0.000000 0.187565
vt 1.000000 1.000000
vt 0.000000 0.000000
vt 0.812435 1.000000
vt 1.000000 0.000000
vt 0.000000 1.000000
vt 1.000000 0.187565
vt 0.000000 0.000000
vt 1.000000 1.000000
vt 0.000000 0.812435
vt 1.000000 0.000000
vt 0.000000 1.000000
vt 0.187565 0.000000
vt 1.000000 1.000000
vt 0.000000 0.000000
vt 1.000000 0.812435
vt 0.000000 1.000000
vt 1.000000 0.000000
vt 0.187565 1.000000
vt 0.000000 0.000000
f 3296/3925 3295/3926 3294/3927 3293/3928
f 3297/3929 3298/3930 3299/3931 3300/3932
f 3304/3933 3303/3934 3302/3935 3301/3936
f 3305/3937 3306/3938 3307/3939 3308/3940
f 3312/3941 3311/3942 3310/3943 3309/3944
f 3313/3945 3314/3946 3315/3947 3316/3948
f 3317/3949 3318/3950 3319/3951 3320/3952
f 3324/3953 3323/3954 3322/3955 3321/3956
f 3328/3957 3327/3958 3326/3959 3325/3960
f 3329/3961 3330/3962 3331/3963 3332/3964
f 3336/3965 3335/3966 3334/3967 3333/3968
f 3337/3969 3338/3970 3339/3971 3340/3972
f 3341/3973 3342/3974 3343/3975 3344/3976
f 3348/3977 3347/3978 3346/3979 3345/3980
f 3349/3981 3350/3982 3351/3983 3352/3984
f 3356/3985 3355/3986 3354/3987 3353/3988
f 3360/3989 3359/3990 3358/3991 3357/3992
f 3361/3993 3362/3994 3363/3995 3364/3996
f 3367/3997 3366/3998 3365/3999
f 3368/4000 3369/4001 3370/4002
f 3371/4003 3372/4004 3373/4005
f 3376/4006 3375/4007 3374/4008
f 3377/4009 3378/4010 3379/4011
f 3382/4012 3381/4013 3380/4014
f 3385/4015 3384/4016 3383/4017
f 3386/4018 3387/4019 3388/4020
o ControlPanel
usemtl SFP_R2_Inset
v 13.88047 -30.09500 96.15570
v 13.88047 30.09500 96.15570
v 13.65776 30.09500 97.12033
v 13.65776 -30.09500 97.12033
v 14.27508 -30.50000 96.24681
v 33.94762 -30.50000 100.78857
v 33.72492 -30.50000 101.75319
v 14.05238 -30.50000 97.21143
v 14.36619 -30.09500 95.85219
v 34.03872 -30.09500 100.39395
v 34.03872 30.09500 100.39395
v 14.36619 30.09500 95.85219
v 34.34224 -30.09500 100.87967
v 34.34224 30.09500 100.87967
v 34.11953 30.09500 101.84430
v 34.11953 -30.09500 101.84430
v 14.27508 30.50000 96.24681
v 33.94762 30.50000 100.78857
v 33.72492 30.50000 101.75319
v 14.05238 30.50000 97.21143
v 13.96128 -30.09500 97.60605
v 33.63381 -30.09500 102.14781
v 33.63381 30.09500 102.14781
v 13.96128 30.09500 97.60605
v 13.88047 -30.09500 96.15570
v 14.27508 -30.50000 96.24681
v 14.05238 -30.50000 97.21143
v 13.65776 -30.09500 97.12033
v 13.88047 30.09500 96.15570
v 14.27508 30.50000 96.24681
v 14.05238 30.50000 97.21143
v 13.65776 30.09500 97.12033
v 34.34224 -30.09500 100.87967
v 33.94762 -30.50000 100.78857
v 33.72492 -30.50000 101.75319
v 34.11953 -30.09500 101.84430
v 34.34224 30.09500 100.87967
v 33.94762 30.50000 100.78857
v 33.72492 30.50000 101.75319
v 34.11953 30.09500 101.84430
v 13.88047 -30.09500 96.15570
v 14.36619 -30.09500 95.85219
v 14.36619 30.09500 95.85219
v 13.88047 30.09500 96.15570
v 13.65776 -30.09500 97.12033
v 13.96128 -30.09500 97.60605
v 13.96128 30.09500 97.60605
v 13.65776 30.09500 97.12033
v 34.34224 -30.09500 100.87967
v 34.03872 -30.09500 100.39395
v 34.03872 30.09500 100.39395
v 34.34224 30.09500 100.87967
v 34.11953 -30.09500 101.84430
v 33.63381 -30.09500 102.14781
v 33.63381 30.09500 102.14781
v 34.11953 30.09500 101.84430
v 14.27508 -30.50000 96.24681
v 14.36619 -30.09500 95.85219
v 34.03872 -30.09500 100.39395
v 33.94762 -30.50000 100.78857
v 14.05238 -30.50000 97.21143
v 13.96128 -30.09500 97.60605
v 33.63381 -30.09500 102.14781
v 33.72492 -30.50000 101.75319
v 14.27508 30.50000 96.24681
v 14.36619 30.09500 95.85219
v 34.03872 30.09500 100.39395
v 33.94762 30.50000 100.78857
v 14.05238 30.50000 97.21143
v 13.96128 30.09500 97.60605
v 33.63381 30.09500 102.14781
v 33.72492 30.50000 101.75319
v 13.88047 -30.09500 96.15570
v 14.27508 -30.50000 96.24681
v 14.36619 -30.09500 95.85219
v 13.65776 -30.09500 97.12033
v 14.05238 -30.50000 97.21143
v 13.96128 -30.09500 97.60605
v 13.88047 30.09500 96.15570
v 14.27508 30.50000 96.24681
v 14.36619 30.09500 95.85219
v 13.65776 30.09500 97.12033
v 14.05238 30.50000 97.21143
v 13.96128 30.09500 97.60605
v 34.34224 -30.09500 100.87967
v 33.94762 -30.50000 100.78857
v 34.03872 -30.09500 100.39395
v 34.11953 -30.09500 101.84430
v 33.72492 -30.50000 101.75319
v 33.63381 -30.09500 102.14781
v 34.34224 30.09500 100.87967
v 33.94762 30.50000 100.78857
v 34.03872 30.09500 100.39395
v 34.11953 30.09500 101.84430
v 33.72492 30.50000 101.75319
v 33.63381 30.09500 102.14781
vt 0.000000 1.000000
vt 1.000000 1.000000
vt 1.000000 0.000000
vt 0.000000 0.000000
vt 0.011194 0.000000
vt 1.000000 0.824817
vt 0.988806 1.000000
vt 0.000000 0.175183
vt 0.000000 1.000000
vt 1.000000 1.000000
vt 1.000000 0.000000
vt 0.000000 0.000000
vt 0.000000 0.000000
vt 1.000000 0.000000
vt 1.000000 1.000000
vt 0.000000 1.000000
vt 0.000000 0.175183
vt 0.988806 1.000000
vt 1.000000 0.824817
vt 0.011194 0.000000
vt 0.000000 0.000000
vt 1.000000 0.000000
vt 1.000000 1.000000
vt 0.000000 1.000000
vt 0.360755 0.000000
vt 1.000000 0.086296
vt 0.639245 1.000000
vt 0.000000 0.913704
vt 0.000000 0.913704
vt 0.639245 1.000000
vt 1.000000 0.086296
vt 0.360755 0.000000
vt 0.639245 1.000000
vt 0.000000 0.913704
vt 0.360755 0.000000
vt 1.000000 0.086296
vt 1.000000 0.086296
vt 0.360755 0.000000
vt 0.000000 0.913704
vt 0.639245 1.000000
vt 0.000000 1.000000
vt 1.000000 1.000000
vt 1.000000 0.000000
vt 0.000000 0.000000
vt 0.000000 0.000000
vt 0.000000 1.000000
vt 1.000000 1.000000
vt 1.000000 0.000000
vt 0.000000 1.000000
vt 0.000000 0.000000
vt 1.000000 0.000000
vt 1.000000 1.000000
vt 1.000000 1.000000
vt 0.000000 1.000000
vt 0.000000 0.000000
vt 1.000000 0.000000
vt 0.000000 0.079941
vt 0.004610 0.000000
vt 1.000000 0.920059
vt 0.995390 1.000000
vt 1.000000 0.920059
vt 0.995390 1.000000
vt 0.000000 0.079941
vt 0.004610 0.000000
vt 0.995390 1.000000
vt 1.000000 0.920059
vt 0.004610 0.000000
vt 0.000000 0.079941
vt 0.004610 0.000000
vt 0.000000 0.079941
vt 0.995390 1.000000
vt 1.000000 0.920059
vt 1.000000 1.000000
vt 0.812435 0.000000
vt 0.000000 1.000000
vt 1.000000 0.000000
vt 0.000000 0.187565
vt 1.000000 1.000000
vt 0.000000 0.000000
vt 0.812435 1.000000
vt 1.000000 0.000000
vt 0.000000 1.000000
vt 1.000000 0.187565
vt 0.000000 0.000000
vt 1.000000 1.000000
vt 0.000000 0.812435
vt 1.000000 0.000000
vt 0.000000 1.000000
vt 0.187565 0.000000
vt 1.000000 1.000000
vt 0.000000 0.000000
vt 1.000000 0.812435
vt 0.000000 1.000000
vt 1.000000 0.000000
vt 0.187565 1.000000
vt 0.000000 0.000000
f 3392/4021 3391/4022 3390/4023 3389/4024
f 3393/4025 3394/4026 3395/4027 3396/4028
f 3400/4029 3399/4030 3398/4031 3397/4032
f 3401/4033 3402/4034 3403/4035 3404/4036
f 3408/4037 3407/4038 3406/4039 3405/4040
f 3409/4041 3410/4042 3411/4043 3412/4044
f 3413/4045 3414/4046 3415/4047 3416/4048
f 3420/4049 3419/4050 3418/4051 3417/4052
f 3424/4053 3423/4054 3422/4055 3421/4056
f 3425/4057 3426/4058 3427/4059 3428/4060
f 3432/4061 3431/4062 3430/4063 3429/4064
f 3433/4065 3434/4066 3435/4067 3436/4068
f 3437/4069 3438/4070 3439/4071 3440/4072
f 3444/4073 3443/4074 3442/4075 3441/4076
f 3445/4077 3446/4078 3447/4079 3448/4080
f 3452/4081 3451/4082 3450/4083 3449/4084
f 3456/4085 3455/4086 3454/4087 3453/4088
f 3457/4089 3458/4090 3459/4091 3460/4092
f 3463/4093 3462/4094 3461/4095
f 3464/4096 3465/4097 3466/4098
f 3467/4099 3468/4100 3469/4101
f 3472/4102 3471/4103 3470/4104
f 3473/4105 3474/4106 3475/4107
f 3478/4108 3477/4109 3476/4110
f 3481/4111 3480/4112 3479/4113
f 3482/4114 3483/4115 3484/4116
o ControlGrabBar
usemtl SFP_R2_Metal
v 40.25000 -45.00000 94.00000
v 40.11431 -45.00000 93.23045
v 39.72360 -45.00000 92.55373
v 39.12500 -45.00000 92.05144
v 38.39071 -45.00000 91.78418
v 37.60929 -45.00000 91.78418
v 36.87500 -45.00000 92.05144
v 36.27640 -45.00000 92.55373
v 35.88569 -45.00000 93.23045
v 35.75000 -45.00000 94.00000
v 35.88569 -45.00000 94.76955
v 36.27640 -45.00000 95.44627
v 36.87500 -45.00000 95.94856
v 37.60929 -45.00000 96.21582
v 38.39071 -45.00000 96.21582
v 39.12500 -45.00000 95.94856
v 39.72360 -45.00000 95.44627
v 40.11431 -45.00000 94.76955
v 40.25000 45.00000 94.00000
v 40.11431 45.00000 93.23045
v 39.72360 45.00000 92.55373
v 39.12500 45.00000 92.05144
v 38.39071 45.00000 91.78418
v 37.60929 45.00000 91.78418
v 36.87500 45.00000 92.05144
v 36.27640 45.00000 92.55373
v 35.88569 45.00000 93.23045
v 35.75000 45.00000 94.00000
v 35.88569 45.00000 94.76955
v 36.27640 45.00000 95.44627
v 36.87500 45.00000 95.94856
v 37.60929 45.00000 96.21582
v 38.39071 45.00000 96.21582
v 39.12500 45.00000 95.94856
v 39.72360 45.00000 95.44627
v 40.11431 45.00000 94.76955
vt 0.969846 0.673648
vt 0.883022 0.826352
vt 0.750000 0.939693
vt 0.586824 1.000000
vt 0.413176 1.000000
vt 0.250000 0.939693
vt 0.116978 0.826352
vt 0.030154 0.673648
vt 0.000000 0.500000
vt 0.030154 0.326352
vt 0.116978 0.173648
vt 0.250000 0.060307
vt 0.413176 0.000000
vt 0.586824 0.000000
vt 0.750000 0.060307
vt 0.883022 0.173648
vt 0.969846 0.326352
vt 1.000000 0.500000
vt 1.000000 0.500000
vt 0.969846 0.326352
vt 0.883022 0.173648
vt 0.750000 0.060307
vt 0.586824 0.000000
vt 0.413176 0.000000
vt 0.250000 0.060307
vt 0.116978 0.173648
vt 0.030154 0.326352
vt 0.000000 0.500000
vt 0.030154 0.673648
vt 0.116978 0.826352
vt 0.250000 0.939693
vt 0.413176 1.000000
vt 0.586824 1.000000
vt 0.750000 0.939693
vt 0.883022 0.826352
vt 0.969846 0.673648
vt 0.000000 1.000000
vt 1.000000 1.000000
vt 1.000000 0.000000
vt 0.000000 0.000000
vt 0.000000 1.000000
vt 1.000000 1.000000
vt 1.000000 0.000000
vt 0.000000 0.000000
vt 1.000000 0.000000
vt 1.000000 1.000000
vt 0.000000 1.000000
vt 0.000000 0.000000
vt 1.000000 0.000000
vt 1.000000 1.000000
vt 0.000000 1.000000
vt 0.000000 0.000000
vt 1.000000 0.000000
vt 1.000000 1.000000
vt 0.000000 1.000000
vt 0.000000 0.000000
vt 1.000000 0.000000
vt 1.000000 1.000000
vt 0.000000 1.000000
vt 0.000000 0.000000
vt 1.000000 0.000000
vt 1.000000 1.000000
vt 0.000000 1.000000
vt 0.000000 0.000000
vt 0.000000 0.000000
vt 1.000000 0.000000
vt 1.000000 1.000000
vt 0.000000 1.000000
vt 0.000000 0.000000
vt 1.000000 0.000000
vt 1.000000 1.000000
vt 0.000000 1.000000
vt 0.000000 0.000000
vt 1.000000 0.000000
vt 1.000000 1.000000
vt 0.000000 1.000000
vt 0.000000 0.000000
vt 1.000000 0.000000
vt 1.000000 1.000000
vt 0.000000 1.000000
vt 0.000000 0.000000
vt 0.000000 1.000000
vt 1.000000 1.000000
vt 1.000000 0.000000
vt 0.000000 0.000000
vt 0.000000 1.000000
vt 1.000000 1.000000
vt 1.000000 0.000000
vt 0.000000 0.000000
vt 0.000000 1.000000
vt 1.000000 1.000000
vt 1.000000 0.000000
vt 0.000000 0.000000
vt 0.000000 1.000000
vt 1.000000 1.000000
vt 1.000000 0.000000
vt 0.000000 0.000000
vt 0.000000 1.000000
vt 1.000000 1.000000
vt 1.000000 0.000000
vt 0.000000 1.000000
vt 1.000000 1.000000
vt 1.000000 0.000000
vt 0.000000 0.000000
vt 0.000000 1.000000
vt 1.000000 1.000000
vt 1.000000 0.000000
vt 0.000000 0.000000
f 3502/4117 3501/4118 3500/4119 3499/4120 3498/4121 3497/4122 3496/4123 3495/4124 3494/4125 3493/4126 3492/4127 3491/4128 3490/4129 3489/4130 3488/4131 3487/4132 3486/4133 3485/4134
f 3503/4135 3504/4136 3505/4137 3506/4138 3507/4139 3508/4140 3509/4141 3510/4142 3511/4143 3512/4144 3513/4145 3514/4146 3515/4147 3516/4148 3517/4149 3518/4150 3519/4151 3520/4152
f 3485/4153 3503/4154 3504/4155 3486/4156
f 3486/4157 3504/4158 3505/4159 3487/4160
f 3487/4161 3505/4162 3506/4163 3488/4164
f 3488/4165 3506/4166 3507/4167 3489/4168
f 3489/4169 3507/4170 3508/4171 3490/4172
f 3490/4173 3508/4174 3509/4175 3491/4176
f 3491/4177 3509/4178 3510/4179 3492/4180
f 3492/4181 3510/4182 3511/4183 3493/4184
f 3493/4185 3511/4186 3512/4187 3494/4188
f 3494/4189 3512/4190 3513/4191 3495/4192
f 3495/4193 3513/4194 3514/4195 3496/4196
f 3496/4197 3514/4198 3515/4199 3497/4200
f 3497/4201 3515/4202 3516/4203 3498/4204
f 3498/4205 3516/4206 3517/4207 3499/4208
f 3499/4209 3517/4210 3518/4211 3500/4212
f 3500/4213 3518/4214 3519/4215 3501/4216
f 3501/4217 3519/4218 3520/4219 3502/4220
f 3502/4221 3520/4222 3503/4223 3485/4224
o GrabBarMount-45
usemtl SFP_R2_Trim
v 31.50000 -48.00000 93.00000
v 31.67457 -47.77164 91.86530
v 31.82256 -47.12132 90.90335
v 31.92145 -46.14805 90.26059
v 31.95617 -45.00000 90.03488
v 31.92145 -43.85195 90.26059
v 31.82256 -42.87868 90.90335
v 31.67457 -42.22836 91.86530
v 31.50000 -42.00000 93.00000
v 31.32543 -42.22836 94.13470
v 31.17744 -42.87868 95.09665
v 31.07855 -43.85195 95.73941
v 31.04383 -45.00000 95.96512
v 31.07855 -46.14805 95.73941
v 31.17744 -47.12132 95.09665
v 31.32543 -47.77164 94.13470
v 38.00000 -48.00000 94.00000
v 38.17457 -47.77164 92.86530
v 38.32256 -47.12132 91.90335
v 38.42145 -46.14805 91.26059
v 38.45617 -45.00000 91.03488
v 38.42145 -43.85195 91.26059
v 38.32256 -42.87868 91.90335
v 38.17457 -42.22836 92.86530
v 38.00000 -42.00000 94.00000
v 37.82543 -42.22836 95.13470
v 37.67744 -42.87868 96.09665
v 37.57855 -43.85195 96.73941
v 37.54383 -45.00000 96.96512
v 37.57855 -46.14805 96.73941
v 37.67744 -47.12132 96.09665
v 37.82543 -47.77164 95.13470
vt 0.038060 0.691342
vt 0.146447 0.853553
vt 0.308658 0.961940
vt 0.500000 1.000000
vt 0.691342 0.961940
vt 0.853553 0.853553
vt 0.961940 0.691342
vt 1.000000 0.500000
vt 0.961940 0.308658
vt 0.853553 0.146447
vt 0.691342 0.038060
vt 0.500000 0.000000
vt 0.308658 0.038060
vt 0.146447 0.146447
vt 0.038060 0.308658
vt 0.000000 0.500000
vt 0.000000 0.500000
vt 0.038060 0.308658
vt 0.146447 0.146447
vt 0.308658 0.038060
vt 0.500000 0.000000
vt 0.691342 0.038060
vt 0.853553 0.146447
vt 0.961940 0.308658
vt 1.000000 0.500000
vt 0.961940 0.691342
vt 0.853553 0.853553
vt 0.691342 0.961940
vt 0.500000 1.000000
vt 0.308658 0.961940
vt 0.146447 0.853553
vt 0.038060 0.691342
vt 0.000000 0.531550
vt 0.973846 1.000000
vt 1.000000 0.468450
vt 0.026154 0.000000
vt 0.000000 0.490304
vt 0.977739 1.000000
vt 1.000000 0.509696
vt 0.022261 0.000000
vt 0.000000 0.000000
vt 0.985015 0.000000
vt 1.000000 1.000000
vt 0.014985 1.000000
vt 0.000000 0.000000
vt 0.994686 0.000000
vt 1.000000 1.000000
vt 0.005314 1.000000
vt 0.005314 0.000000
vt 1.000000 0.000000
vt 0.994686 1.000000
vt 0.000000 1.000000
vt 0.014985 0.000000
vt 1.000000 0.000000
vt 0.985015 1.000000
vt 0.000000 1.000000
vt 0.022261 0.000000
vt 1.000000 0.509696
vt 0.977739 1.000000
vt 0.000000 0.490304
vt 0.026154 0.000000
vt 1.000000 0.468450
vt 0.973846 1.000000
vt 0.000000 0.531550
vt 0.026154 0.000000
vt 1.000000 0.468450
vt 0.973846 1.000000
vt 0.000000 0.531550
vt 0.022261 0.000000
vt 1.000000 0.509696
vt 0.977739 1.000000
vt 0.000000 0.490304
vt 0.014985 1.000000
vt 1.000000 1.000000
vt 0.985015 0.000000
vt 0.000000 0.000000
vt 0.005314 1.000000
vt 1.000000 1.000000
vt 0.994686 0.000000
vt 0.000000 0.000000
vt 0.000000 1.000000
vt 0.994686 1.000000
vt 1.000000 0.000000
vt 0.005314 0.000000
vt 0.000000 1.000000
vt 0.985015 1.000000
vt 1.000000 0.000000
vt 0.014985 0.000000
vt 0.000000 0.490304
vt 0.977739 1.000000
vt 1.000000 0.509696
vt 0.022261 0.000000
vt 0.000000 0.531550
vt 0.973846 1.000000
vt 1.000000 0.468450
vt 0.026154 0.000000
f 3536/4225 3535/4226 3534/4227 3533/4228 3532/4229 3531/4230 3530/4231 3529/4232 3528/4233 3527/4234 3526/4235 3525/4236 3524/4237 3523/4238 3522/4239 3521/4240
f 3537/4241 3538/4242 3539/4243 3540/4244 3541/4245 3542/4246 3543/4247 3544/4248 3545/4249 3546/4250 3547/4251 3548/4252 3549/4253 3550/4254 3551/4255 3552/4256
f 3521/4257 3537/4258 3538/4259 3522/4260
f 3522/4261 3538/4262 3539/4263 3523/4264
f 3523/4265 3539/4266 3540/4267 3524/4268
f 3524/4269 3540/4270 3541/4271 3525/4272
f 3525/4273 3541/4274 3542/4275 3526/4276
f 3526/4277 3542/4278 3543/4279 3527/4280
f 3527/4281 3543/4282 3544/4283 3528/4284
f 3528/4285 3544/4286 3545/4287 3529/4288
f 3529/4289 3545/4290 3546/4291 3530/4292
f 3530/4293 3546/4294 3547/4295 3531/4296
f 3531/4297 3547/4298 3548/4299 3532/4300
f 3532/4301 3548/4302 3549/4303 3533/4304
f 3533/4305 3549/4306 3550/4307 3534/4308
f 3534/4309 3550/4310 3551/4311 3535/4312
f 3535/4313 3551/4314 3552/4315 3536/4316
f 3536/4317 3552/4318 3537/4319 3521/4320
o GrabBarMount+45
usemtl SFP_R2_Trim
v 31.50000 42.00000 93.00000
v 31.67457 42.22836 91.86530
v 31.82256 42.87868 90.90335
v 31.92145 43.85195 90.26059
v 31.95617 45.00000 90.03488
v 31.92145 46.14805 90.26059
v 31.82256 47.12132 90.90335
v 31.67457 47.77164 91.86530
v 31.50000 48.00000 93.00000
v 31.32543 47.77164 94.13470
v 31.17744 47.12132 95.09665
v 31.07855 46.14805 95.73941
v 31.04383 45.00000 95.96512
v 31.07855 43.85195 95.73941
v 31.17744 42.87868 95.09665
v 31.32543 42.22836 94.13470
v 38.00000 42.00000 94.00000
v 38.17457 42.22836 92.86530
v 38.32256 42.87868 91.90335
v 38.42145 43.85195 91.26059
v 38.45617 45.00000 91.03488
v 38.42145 46.14805 91.26059
v 38.32256 47.12132 91.90335
v 38.17457 47.77164 92.86530
v 38.00000 48.00000 94.00000
v 37.82543 47.77164 95.13470
v 37.67744 47.12132 96.09665
v 37.57855 46.14805 96.73941
v 37.54383 45.00000 96.96512
v 37.57855 43.85195 96.73941
v 37.67744 42.87868 96.09665
v 37.82543 42.22836 95.13470
vt 0.038060 0.691342
vt 0.146447 0.853553
vt 0.308658 0.961940
vt 0.500000 1.000000
vt 0.691342 0.961940
vt 0.853553 0.853553
vt 0.961940 0.691342
vt 1.000000 0.500000
vt 0.961940 0.308658
vt 0.853553 0.146447
vt 0.691342 0.038060
vt 0.500000 0.000000
vt 0.308658 0.038060
vt 0.146447 0.146447
vt 0.038060 0.308658
vt 0.000000 0.500000
vt 0.000000 0.500000
vt 0.038060 0.308658
vt 0.146447 0.146447
vt 0.308658 0.038060
vt 0.500000 0.000000
vt 0.691342 0.038060
vt 0.853553 0.146447
vt 0.961940 0.308658
vt 1.000000 0.500000
vt 0.961940 0.691342
vt 0.853553 0.853553
vt 0.691342 0.961940
vt 0.500000 1.000000
vt 0.308658 0.961940
vt 0.146447 0.853553
vt 0.038060 0.691342
vt 0.000000 0.531550
vt 0.973846 1.000000
vt 1.000000 0.468450
vt 0.026154 0.000000
vt 0.000000 0.490304
vt 0.977739 1.000000
vt 1.000000 0.509696
vt 0.022261 0.000000
vt 0.000000 0.000000
vt 0.985015 0.000000
vt 1.000000 1.000000
vt 0.014985 1.000000
vt 0.000000 0.000000
vt 0.994686 0.000000
vt 1.000000 1.000000
vt 0.005314 1.000000
vt 0.005314 0.000000
vt 1.000000 0.000000
vt 0.994686 1.000000
vt 0.000000 1.000000
vt 0.014985 0.000000
vt 1.000000 0.000000
vt 0.985015 1.000000
vt 0.000000 1.000000
vt 0.022261 0.000000
vt 1.000000 0.509696
vt 0.977739 1.000000
vt 0.000000 0.490304
vt 0.026154 0.000000
vt 1.000000 0.468450
vt 0.973846 1.000000
vt 0.000000 0.531550
vt 0.026154 0.000000
vt 1.000000 0.468450
vt 0.973846 1.000000
vt 0.000000 0.531550
vt 0.022261 0.000000
vt 1.000000 0.509696
vt 0.977739 1.000000
vt 0.000000 0.490304
vt 0.014985 1.000000
vt 1.000000 1.000000
vt 0.985015 0.000000
vt 0.000000 0.000000
vt 0.005314 1.000000
vt 1.000000 1.000000
vt 0.994686 0.000000
vt 0.000000 0.000000
vt 0.000000 1.000000
vt 0.994686 1.000000
vt 1.000000 0.000000
vt 0.005314 0.000000
vt 0.000000 1.000000
vt 0.985015 1.000000
vt 1.000000 0.000000
vt 0.014985 0.000000
vt 0.000000 0.490304
vt 0.977739 1.000000
vt 1.000000 0.509696
vt 0.022261 0.000000
vt 0.000000 0.531550
vt 0.973846 1.000000
vt 1.000000 0.468450
vt 0.026154 0.000000
f 3568/4321 3567/4322 3566/4323 3565/4324 3564/4325 3563/4326 3562/4327 3561/4328 3560/4329 3559/4330 3558/4331 3557/4332 3556/4333 3555/4334 3554/4335 3553/4336
f 3569/4337 3570/4338 3571/4339 3572/4340 3573/4341 3574/4342 3575/4343 3576/4344 3577/4345 3578/4346 3579/4347 3580/4348 3581/4349 3582/4350 3583/4351 3584/4352
f 3553/4353 3569/4354 3570/4355 3554/4356
f 3554/4357 3570/4358 3571/4359 3555/4360
f 3555/4361 3571/4362 3572/4363 3556/4364
f 3556/4365 3572/4366 3573/4367 3557/4368
f 3557/4369 3573/4370 3574/4371 3558/4372
f 3558/4373 3574/4374 3575/4375 3559/4376
f 3559/4377 3575/4378 3576/4379 3560/4380
f 3560/4381 3576/4382 3577/4383 3561/4384
f 3561/4385 3577/4386 3578/4387 3562/4388
f 3562/4389 3578/4390 3579/4391 3563/4392
f 3563/4393 3579/4394 3580/4395 3564/4396
f 3564/4397 3580/4398 3581/4399 3565/4400
f 3565/4401 3581/4402 3582/4403 3566/4404
f 3566/4405 3582/4406 3583/4407 3567/4408
f 3567/4409 3583/4410 3584/4411 3568/4412
f 3568/4413 3584/4414 3569/4415 3553/4416
o ControlKey1
usemtl SFP_R2_ScreenGlow
v 34.00000 -25.55000 98.50000
v 34.15282 -25.39650 97.84507
v 34.27537 -24.96641 97.31986
v 34.34338 -24.34491 97.02839
v 34.34338 -23.65509 97.02839
v 34.27537 -23.03359 97.31986
v 34.15282 -22.60350 97.84507
v 34.00000 -22.45000 98.50000
v 33.84718 -22.60350 99.15493
v 33.72463 -23.03359 99.68014
v 33.65662 -23.65509 99.97161
v 33.65662 -24.34491 99.97161
v 33.72463 -24.96641 99.68014
v 33.84718 -25.39650 99.15493
v 37.00000 -25.55000 99.20000
v 37.15282 -25.39650 98.54507
v 37.27537 -24.96641 98.01986
v 37.34338 -24.34491 97.72839
v 37.34338 -23.65509 97.72839
v 37.27537 -23.03359 98.01986
v 37.15282 -22.60350 98.54507
v 37.00000 -22.45000 99.20000
v 36.84718 -22.60350 99.85493
v 36.72463 -23.03359 100.38014
v 36.65662 -23.65509 100.67161
v 36.65662 -24.34491 100.67161
v 36.72463 -24.96641 100.38014
v 36.84718 -25.39650 99.85493
vt 0.049516 0.722521
vt 0.188255 0.900969
vt 0.388740 1.000000
vt 0.611260 1.000000
vt 0.811745 0.900969
vt 0.950484 0.722521
vt 1.000000 0.500000
vt 0.950484 0.277479
vt 0.811745 0.099031
vt 0.611260 0.000000
vt 0.388740 0.000000
vt 0.188255 0.099031
vt 0.049516 0.277479
vt 0.000000 0.500000
vt 0.000000 0.500000
vt 0.049516 0.277479
vt 0.188255 0.099031
vt 0.388740 0.000000
vt 0.611260 0.000000
vt 0.811745 0.099031
vt 0.950484 0.277479
vt 1.000000 0.500000
vt 0.950484 0.722521
vt 0.811745 0.900969
vt 0.611260 1.000000
vt 0.388740 1.000000
vt 0.188255 0.900969
vt 0.049516 0.722521
vt 0.000000 0.483367
vt 0.951530 1.000000
vt 1.000000 0.516633
vt 0.048470 0.000000
vt 0.000000 0.428670
vt 0.960753 1.000000
vt 1.000000 0.571330
vt 0.039247 0.000000
vt 0.000000 0.000000
vt 0.977833 0.000000
vt 1.000000 1.000000
vt 0.022167 1.000000
vt 0.000000 0.000000
vt 1.000000 0.000000
vt 1.000000 1.000000
vt 0.000000 1.000000
vt 0.022167 0.000000
vt 1.000000 0.000000
vt 0.977833 1.000000
vt 0.000000 1.000000
vt 0.039247 0.000000
vt 1.000000 0.571330
vt 0.960753 1.000000
vt 0.000000 0.428670
vt 0.048470 0.000000
vt 1.000000 0.516633
vt 0.951530 1.000000
vt 0.000000 0.483367
vt 0.048470 0.000000
vt 1.000000 0.516633
vt 0.951530 1.000000
vt 0.000000 0.483367
vt 0.039247 0.000000
vt 1.000000 0.571330
vt 0.960753 1.000000
vt 0.000000 0.428670
vt 0.022167 1.000000
vt 1.000000 1.000000
vt 0.977833 0.000000
vt 0.000000 0.000000
vt 0.000000 1.000000
vt 1.000000 1.000000
vt 1.000000 0.000000
vt 0.000000 0.000000
vt 0.000000 1.000000
vt 0.977833 1.000000
vt 1.000000 0.000000
vt 0.022167 0.000000
vt 0.000000 0.428670
vt 0.960753 1.000000
vt 1.000000 0.571330
vt 0.039247 0.000000
vt 0.000000 0.483367
vt 0.951530 1.000000
vt 1.000000 0.516633
vt 0.048470 0.000000
f 3598/4417 3597/4418 3596/4419 3595/4420 3594/4421 3593/4422 3592/4423 3591/4424 3590/4425 3589/4426 3588/4427 3587/4428 3586/4429 3585/4430
f 3599/4431 3600/4432 3601/4433 3602/4434 3603/4435 3604/4436 3605/4437 3606/4438 3607/4439 3608/4440 3609/4441 3610/4442 3611/4443 3612/4444
f 3585/4445 3599/4446 3600/4447 3586/4448
f 3586/4449 3600/4450 3601/4451 3587/4452
f 3587/4453 3601/4454 3602/4455 3588/4456
f 3588/4457 3602/4458 3603/4459 3589/4460
f 3589/4461 3603/4462 3604/4463 3590/4464
f 3590/4465 3604/4466 3605/4467 3591/4468
f 3591/4469 3605/4470 3606/4471 3592/4472
f 3592/4473 3606/4474 3607/4475 3593/4476
f 3593/4477 3607/4478 3608/4479 3594/4480
f 3594/4481 3608/4482 3609/4483 3595/4484
f 3595/4485 3609/4486 3610/4487 3596/4488
f 3596/4489 3610/4490 3611/4491 3597/4492
f 3597/4493 3611/4494 3612/4495 3598/4496
f 3598/4497 3612/4498 3599/4499 3585/4500
o ControlKey2
usemtl SFP_R2_ScreenGlow
v 34.00000 -13.55000 98.50000
v 34.15282 -13.39650 97.84507
v 34.27537 -12.96641 97.31986
v 34.34338 -12.34491 97.02839
v 34.34338 -11.65509 97.02839
v 34.27537 -11.03359 97.31986
v 34.15282 -10.60350 97.84507
v 34.00000 -10.45000 98.50000
v 33.84718 -10.60350 99.15493
v 33.72463 -11.03359 99.68014
v 33.65662 -11.65509 99.97161
v 33.65662 -12.34491 99.97161
v 33.72463 -12.96641 99.68014
v 33.84718 -13.39650 99.15493
v 37.00000 -13.55000 99.20000
v 37.15282 -13.39650 98.54507
v 37.27537 -12.96641 98.01986
v 37.34338 -12.34491 97.72839
v 37.34338 -11.65509 97.72839
v 37.27537 -11.03359 98.01986
v 37.15282 -10.60350 98.54507
v 37.00000 -10.45000 99.20000
v 36.84718 -10.60350 99.85493
v 36.72463 -11.03359 100.38014
v 36.65662 -11.65509 100.67161
v 36.65662 -12.34491 100.67161
v 36.72463 -12.96641 100.38014
v 36.84718 -13.39650 99.85493
vt 0.049516 0.722521
vt 0.188255 0.900969
vt 0.388740 1.000000
vt 0.611260 1.000000
vt 0.811745 0.900969
vt 0.950484 0.722521
vt 1.000000 0.500000
vt 0.950484 0.277479
vt 0.811745 0.099031
vt 0.611260 0.000000
vt 0.388740 0.000000
vt 0.188255 0.099031
vt 0.049516 0.277479
vt 0.000000 0.500000
vt 0.000000 0.500000
vt 0.049516 0.277479
vt 0.188255 0.099031
vt 0.388740 0.000000
vt 0.611260 0.000000
vt 0.811745 0.099031
vt 0.950484 0.277479
vt 1.000000 0.500000
vt 0.950484 0.722521
vt 0.811745 0.900969
vt 0.611260 1.000000
vt 0.388740 1.000000
vt 0.188255 0.900969
vt 0.049516 0.722521
vt 0.000000 0.483367
vt 0.951530 1.000000
vt 1.000000 0.516633
vt 0.048470 0.000000
vt 0.000000 0.428670
vt 0.960753 1.000000
vt 1.000000 0.571330
vt 0.039247 0.000000
vt 0.000000 0.000000
vt 0.977833 0.000000
vt 1.000000 1.000000
vt 0.022167 1.000000
vt 0.000000 0.000000
vt 1.000000 0.000000
vt 1.000000 1.000000
vt 0.000000 1.000000
vt 0.022167 0.000000
vt 1.000000 0.000000
vt 0.977833 1.000000
vt 0.000000 1.000000
vt 0.039247 0.000000
vt 1.000000 0.571330
vt 0.960753 1.000000
vt 0.000000 0.428670
vt 0.048470 0.000000
vt 1.000000 0.516633
vt 0.951530 1.000000
vt 0.000000 0.483367
vt 0.048470 0.000000
vt 1.000000 0.516633
vt 0.951530 1.000000
vt 0.000000 0.483367
vt 0.039247 0.000000
vt 1.000000 0.571330
vt 0.960753 1.000000
vt 0.000000 0.428670
vt 0.022167 1.000000
vt 1.000000 1.000000
vt 0.977833 0.000000
vt 0.000000 0.000000
vt 0.000000 1.000000
vt 1.000000 1.000000
vt 1.000000 0.000000
vt 0.000000 0.000000
vt 0.000000 1.000000
vt 0.977833 1.000000
vt 1.000000 0.000000
vt 0.022167 0.000000
vt 0.000000 0.428670
vt 0.960753 1.000000
vt 1.000000 0.571330
vt 0.039247 0.000000
vt 0.000000 0.483367
vt 0.951530 1.000000
vt 1.000000 0.516633
vt 0.048470 0.000000
f 3626/4501 3625/4502 3624/4503 3623/4504 3622/4505 3621/4506 3620/4507 3619/4508 3618/4509 3617/4510 3616/4511 3615/4512 3614/4513 3613/4514
f 3627/4515 3628/4516 3629/4517 3630/4518 3631/4519 3632/4520 3633/4521 3634/4522 3635/4523 3636/4524 3637/4525 3638/4526 3639/4527 3640/4528
f 3613/4529 3627/4530 3628/4531 3614/4532
f 3614/4533 3628/4534 3629/4535 3615/4536
f 3615/4537 3629/4538 3630/4539 3616/4540
f 3616/4541 3630/4542 3631/4543 3617/4544
f 3617/4545 3631/4546 3632/4547 3618/4548
f 3618/4549 3632/4550 3633/4551 3619/4552
f 3619/4553 3633/4554 3634/4555 3620/4556
f 3620/4557 3634/4558 3635/4559 3621/4560
f 3621/4561 3635/4562 3636/4563 3622/4564
f 3622/4565 3636/4566 3637/4567 3623/4568
f 3623/4569 3637/4570 3638/4571 3624/4572
f 3624/4573 3638/4574 3639/4575 3625/4576
f 3625/4577 3639/4578 3640/4579 3626/4580
f 3626/4581 3640/4582 3627/4583 3613/4584
o ControlKey3
usemtl SFP_R2_Accent
v 34.00000 -2.10000 98.50000
v 34.20704 -1.89203 97.61268
v 34.37308 -1.30933 96.90110
v 34.46522 -0.46729 96.50621
v 34.46522 0.46729 96.50621
v 34.37308 1.30933 96.90110
v 34.20704 1.89203 97.61268
v 34.00000 2.10000 98.50000
v 33.79296 1.89203 99.38732
v 33.62692 1.30933 100.09890
v 33.53478 0.46729 100.49379
v 33.53478 -0.46729 100.49379
v 33.62692 -1.30933 100.09890
v 33.79296 -1.89203 99.38732
v 37.00000 -2.10000 99.20000
v 37.20704 -1.89203 98.31268
v 37.37308 -1.30933 97.60110
v 37.46522 -0.46729 97.20621
v 37.46522 0.46729 97.20621
v 37.37308 1.30933 97.60110
v 37.20704 1.89203 98.31268
v 37.00000 2.10000 99.20000
v 36.79296 1.89203 100.08732
v 36.62692 1.30933 100.79890
v 36.53478 0.46729 101.19379
v 36.53478 -0.46729 101.19379
v 36.62692 -1.30933 100.79890
v 36.79296 -1.89203 100.08732
vt 0.049516 0.722521
vt 0.188255 0.900969
vt 0.388740 1.000000
vt 0.611260 1.000000
vt 0.811745 0.900969
vt 0.950484 0.722521
vt 1.000000 0.500000
vt 0.950484 0.277479
vt 0.811745 0.099031
vt 0.611260 0.000000
vt 0.388740 0.000000
vt 0.188255 0.099031
vt 0.049516 0.277479
vt 0.000000 0.500000
vt 0.000000 0.500000
vt 0.049516 0.277479
vt 0.188255 0.099031
vt 0.388740 0.000000
vt 0.611260 0.000000
vt 0.811745 0.099031
vt 0.950484 0.277479
vt 1.000000 0.500000
vt 0.950484 0.722521
vt 0.811745 0.900969
vt 0.611260 1.000000
vt 0.388740 1.000000
vt 0.188255 0.900969
vt 0.049516 0.722521
vt 0.000000 0.559005
vt 0.935442 1.000000
vt 1.000000 0.440995
vt 0.064558 0.000000
vt 0.000000 0.504100
vt 0.947558 1.000000
vt 1.000000 0.495900
vt 0.052442 0.000000
vt 0.000000 0.000000
vt 0.970201 0.000000
vt 1.000000 1.000000
vt 0.029799 1.000000
vt 0.000000 0.000000
vt 1.000000 0.000000
vt 1.000000 1.000000
vt 0.000000 1.000000
vt 0.029799 0.000000
vt 1.000000 0.000000
vt 0.970201 1.000000
vt 0.000000 1.000000
vt 0.052442 0.000000
vt 1.000000 0.495900
vt 0.947558 1.000000
vt 0.000000 0.504100
vt 0.064558 0.000000
vt 1.000000 0.440995
vt 0.935442 1.000000
vt 0.000000 0.559005
vt 0.064558 0.000000
vt 1.000000 0.440995
vt 0.935442 1.000000
vt 0.000000 0.559005
vt 0.052442 0.000000
vt 1.000000 0.495900
vt 0.947558 1.000000
vt 0.000000 0.504100
vt 0.029799 1.000000
vt 1.000000 1.000000
vt 0.970201 0.000000
vt 0.000000 0.000000
vt 0.000000 1.000000
vt 1.000000 1.000000
vt 1.000000 0.000000
vt 0.000000 0.000000
vt 0.000000 1.000000
vt 0.970201 1.000000
vt 1.000000 0.000000
vt 0.029799 0.000000
vt 0.000000 0.504100
vt 0.947558 1.000000
vt 1.000000 0.495900
vt 0.052442 0.000000
vt 0.000000 0.559005
vt 0.935442 1.000000
vt 1.000000 0.440995
vt 0.064558 0.000000
f 3654/4585 3653/4586 3652/4587 3651/4588 3650/4589 3649/4590 3648/4591 3647/4592 3646/4593 3645/4594 3644/4595 3643/4596 3642/4597 3641/4598
f 3655/4599 3656/4600 3657/4601 3658/4602 3659/4603 3660/4604 3661/4605 3662/4606 3663/4607 3664/4608 3665/4609 3666/4610 3667/4611 3668/4612
f 3641/4613 3655/4614 3656/4615 3642/4616
f 3642/4617 3656/4618 3657/4619 3643/4620
f 3643/4621 3657/4622 3658/4623 3644/4624
f 3644/4625 3658/4626 3659/4627 3645/4628
f 3645/4629 3659/4630 3660/4631 3646/4632
f 3646/4633 3660/4634 3661/4635 3647/4636
f 3647/4637 3661/4638 3662/4639 3648/4640
f 3648/4641 3662/4642 3663/4643 3649/4644
f 3649/4645 3663/4646 3664/4647 3650/4648
f 3650/4649 3664/4650 3665/4651 3651/4652
f 3651/4653 3665/4654 3666/4655 3652/4656
f 3652/4657 3666/4658 3667/4659 3653/4660
f 3653/4661 3667/4662 3668/4663 3654/4664
f 3654/4665 3668/4666 3655/4667 3641/4668
o ControlKey4
usemtl SFP_R2_ScreenGlow
v 34.00000 10.45000 98.50000
v 34.15282 10.60350 97.84507
v 34.27537 11.03359 97.31986
v 34.34338 11.65509 97.02839
v 34.34338 12.34491 97.02839
v 34.27537 12.96641 97.31986
v 34.15282 13.39650 97.84507
v 34.00000 13.55000 98.50000
v 33.84718 13.39650 99.15493
v 33.72463 12.96641 99.68014
v 33.65662 12.34491 99.97161
v 33.65662 11.65509 99.97161
v 33.72463 11.03359 99.68014
v 33.84718 10.60350 99.15493
v 37.00000 10.45000 99.20000
v 37.15282 10.60350 98.54507
v 37.27537 11.03359 98.01986
v 37.34338 11.65509 97.72839
v 37.34338 12.34491 97.72839
v 37.27537 12.96641 98.01986
v 37.15282 13.39650 98.54507
v 37.00000 13.55000 99.20000
v 36.84718 13.39650 99.85493
v 36.72463 12.96641 100.38014
v 36.65662 12.34491 100.67161
v 36.65662 11.65509 100.67161
v 36.72463 11.03359 100.38014
v 36.84718 10.60350 99.85493
vt 0.049516 0.722521
vt 0.188255 0.900969
vt 0.388740 1.000000
vt 0.611260 1.000000
vt 0.811745 0.900969
vt 0.950484 0.722521
vt 1.000000 0.500000
vt 0.950484 0.277479
vt 0.811745 0.099031
vt 0.611260 0.000000
vt 0.388740 0.000000
vt 0.188255 0.099031
vt 0.049516 0.277479
vt 0.000000 0.500000
vt 0.000000 0.500000
vt 0.049516 0.277479
vt 0.188255 0.099031
vt 0.388740 0.000000
vt 0.611260 0.000000
vt 0.811745 0.099031
vt 0.950484 0.277479
vt 1.000000 0.500000
vt 0.950484 0.722521
vt 0.811745 0.900969
vt 0.611260 1.000000
vt 0.388740 1.000000
vt 0.188255 0.900969
vt 0.049516 0.722521
vt 0.000000 0.483367
vt 0.951530 1.000000
vt 1.000000 0.516633
vt 0.048470 0.000000
vt 0.000000 0.428670
vt 0.960753 1.000000
vt 1.000000 0.571330
vt 0.039247 0.000000
vt 0.000000 0.000000
vt 0.977833 0.000000
vt 1.000000 1.000000
vt 0.022167 1.000000
vt 0.000000 0.000000
vt 1.000000 0.000000
vt 1.000000 1.000000
vt 0.000000 1.000000
vt 0.022167 0.000000
vt 1.000000 0.000000
vt 0.977833 1.000000
vt 0.000000 1.000000
vt 0.039247 0.000000
vt 1.000000 0.571330
vt 0.960753 1.000000
vt 0.000000 0.428670
vt 0.048470 0.000000
vt 1.000000 0.516633
vt 0.951530 1.000000
vt 0.000000 0.483367
vt 0.048470 0.000000
vt 1.000000 0.516633
vt 0.951530 1.000000
vt 0.000000 0.483367
vt 0.039247 0.000000
vt 1.000000 0.571330
vt 0.960753 1.000000
vt 0.000000 0.428670
vt 0.022167 1.000000
vt 1.000000 1.000000
vt 0.977833 0.000000
vt 0.000000 0.000000
vt 0.000000 1.000000
vt 1.000000 1.000000
vt 1.000000 0.000000
vt 0.000000 0.000000
vt 0.000000 1.000000
vt 0.977833 1.000000
vt 1.000000 0.000000
vt 0.022167 0.000000
vt 0.000000 0.428670
vt 0.960753 1.000000
vt 1.000000 0.571330
vt 0.039247 0.000000
vt 0.000000 0.483367
vt 0.951530 1.000000
vt 1.000000 0.516633
vt 0.048470 0.000000
f 3682/4669 3681/4670 3680/4671 3679/4672 3678/4673 3677/4674 3676/4675 3675/4676 3674/4677 3673/4678 3672/4679 3671/4680 3670/4681 3669/4682
f 3683/4683 3684/4684 3685/4685 3686/4686 3687/4687 3688/4688 3689/4689 3690/4690 3691/4691 3692/4692 3693/4693 3694/4694 3695/4695 3696/4696
f 3669/4697 3683/4698 3684/4699 3670/4700
f 3670/4701 3684/4702 3685/4703 3671/4704
f 3671/4705 3685/4706 3686/4707 3672/4708
f 3672/4709 3686/4710 3687/4711 3673/4712
f 3673/4713 3687/4714 3688/4715 3674/4716
f 3674/4717 3688/4718 3689/4719 3675/4720
f 3675/4721 3689/4722 3690/4723 3676/4724
f 3676/4725 3690/4726 3691/4727 3677/4728
f 3677/4729 3691/4730 3692/4731 3678/4732
f 3678/4733 3692/4734 3693/4735 3679/4736
f 3679/4737 3693/4738 3694/4739 3680/4740
f 3680/4741 3694/4742 3695/4743 3681/4744
f 3681/4745 3695/4746 3696/4747 3682/4748
f 3682/4749 3696/4750 3683/4751 3669/4752
o ControlKey5
usemtl SFP_R2_ScreenGlow
v 34.00000 22.45000 98.50000
v 34.15282 22.60350 97.84507
v 34.27537 23.03359 97.31986
v 34.34338 23.65509 97.02839
v 34.34338 24.34491 97.02839
v 34.27537 24.96641 97.31986
v 34.15282 25.39650 97.84507
v 34.00000 25.55000 98.50000
v 33.84718 25.39650 99.15493
v 33.72463 24.96641 99.68014
v 33.65662 24.34491 99.97161
v 33.65662 23.65509 99.97161
v 33.72463 23.03359 99.68014
v 33.84718 22.60350 99.15493
v 37.00000 22.45000 99.20000
v 37.15282 22.60350 98.54507
v 37.27537 23.03359 98.01986
v 37.34338 23.65509 97.72839
v 37.34338 24.34491 97.72839
v 37.27537 24.96641 98.01986
v 37.15282 25.39650 98.54507
v 37.00000 25.55000 99.20000
v 36.84718 25.39650 99.85493
v 36.72463 24.96641 100.38014
v 36.65662 24.34491 100.67161
v 36.65662 23.65509 100.67161
v 36.72463 23.03359 100.38014
v 36.84718 22.60350 99.85493
vt 0.049516 0.722521
vt 0.188255 0.900969
vt 0.388740 1.000000
vt 0.611260 1.000000
vt 0.811745 0.900969
vt 0.950484 0.722521
vt 1.000000 0.500000
vt 0.950484 0.277479
vt 0.811745 0.099031
vt 0.611260 0.000000
vt 0.388740 0.000000
vt 0.188255 0.099031
vt 0.049516 0.277479
vt 0.000000 0.500000
vt 0.000000 0.500000
vt 0.049516 0.277479
vt 0.188255 0.099031
vt 0.388740 0.000000
vt 0.611260 0.000000
vt 0.811745 0.099031
vt 0.950484 0.277479
vt 1.000000 0.500000
vt 0.950484 0.722521
vt 0.811745 0.900969
vt 0.611260 1.000000
vt 0.388740 1.000000
vt 0.188255 0.900969
vt 0.049516 0.722521
vt 0.000000 0.483367
vt 0.951530 1.000000
vt 1.000000 0.516633
vt 0.048470 0.000000
vt 0.000000 0.428670
vt 0.960753 1.000000
vt 1.000000 0.571330
vt 0.039247 0.000000
vt 0.000000 0.000000
vt 0.977833 0.000000
vt 1.000000 1.000000
vt 0.022167 1.000000
vt 0.000000 0.000000
vt 1.000000 0.000000
vt 1.000000 1.000000
vt 0.000000 1.000000
vt 0.022167 0.000000
vt 1.000000 0.000000
vt 0.977833 1.000000
vt 0.000000 1.000000
vt 0.039247 0.000000
vt 1.000000 0.571330
vt 0.960753 1.000000
vt 0.000000 0.428670
vt 0.048470 0.000000
vt 1.000000 0.516633
vt 0.951530 1.000000
vt 0.000000 0.483367
vt 0.048470 0.000000
vt 1.000000 0.516633
vt 0.951530 1.000000
vt 0.000000 0.483367
vt 0.039247 0.000000
vt 1.000000 0.571330
vt 0.960753 1.000000
vt 0.000000 0.428670
vt 0.022167 1.000000
vt 1.000000 1.000000
vt 0.977833 0.000000
vt 0.000000 0.000000
vt 0.000000 1.000000
vt 1.000000 1.000000
vt 1.000000 0.000000
vt 0.000000 0.000000
vt 0.000000 1.000000
vt 0.977833 1.000000
vt 1.000000 0.000000
vt 0.022167 0.000000
vt 0.000000 0.428670
vt 0.960753 1.000000
vt 1.000000 0.571330
vt 0.039247 0.000000
vt 0.000000 0.483367
vt 0.951530 1.000000
vt 1.000000 0.516633
vt 0.048470 0.000000
f 3710/4753 3709/4754 3708/4755 3707/4756 3706/4757 3705/4758 3704/4759 3703/4760 3702/4761 3701/4762 3700/4763 3699/4764 3698/4765 3697/4766
f 3711/4767 3712/4768 3713/4769 3714/4770 3715/4771 3716/4772 3717/4773 3718/4774 3719/4775 3720/4776 3721/4777 3722/4778 3723/4779 3724/4780
f 3697/4781 3711/4782 3712/4783 3698/4784
f 3698/4785 3712/4786 3713/4787 3699/4788
f 3699/4789 3713/4790 3714/4791 3700/4792
f 3700/4793 3714/4794 3715/4795 3701/4796
f 3701/4797 3715/4798 3716/4799 3702/4800
f 3702/4801 3716/4802 3717/4803 3703/4804
f 3703/4805 3717/4806 3718/4807 3704/4808
f 3704/4809 3718/4810 3719/4811 3705/4812
f 3705/4813 3719/4814 3720/4815 3706/4816
f 3706/4817 3720/4818 3721/4819 3707/4820
f 3707/4821 3721/4822 3722/4823 3708/4824
f 3708/4825 3722/4826 3723/4827 3709/4828
f 3709/4829 3723/4830 3724/4831 3710/4832
f 3710/4833 3724/4834 3711/4835 3697/4836
o ControlReadout
usemtl SFP_R2_ScreenGlow
v 34.21665 24.49500 95.83739
v 34.21665 37.50500 95.83739
v 32.63974 37.50500 102.66772
v 32.63974 24.49500 102.66772
v 34.69896 24.00000 95.94874
v 35.87795 24.00000 96.22093
v 34.30104 24.00000 103.05126
v 33.12205 24.00000 102.77907
v 34.81031 24.49500 95.46642
v 35.98930 24.49500 95.73862
v 35.98930 37.50500 95.73862
v 34.81031 37.50500 95.46642
v 36.36026 24.49500 96.33228
v 36.36026 37.50500 96.33228
v 34.78335 37.50500 103.16261
v 34.78335 24.49500 103.16261
v 34.69896 38.00000 95.94874
v 35.87795 38.00000 96.22093
v 34.30104 38.00000 103.05126
v 33.12205 38.00000 102.77907
v 33.01070 24.49500 103.26138
v 34.18969 24.49500 103.53358
v 34.18969 37.50500 103.53358
v 33.01070 37.50500 103.26138
v 34.21665 24.49500 95.83739
v 34.69896 24.00000 95.94874
v 33.12205 24.00000 102.77907
v 32.63974 24.49500 102.66772
v 34.21665 37.50500 95.83739
v 34.69896 38.00000 95.94874
v 33.12205 38.00000 102.77907
v 32.63974 37.50500 102.66772
v 36.36026 24.49500 96.33228
v 35.87795 24.00000 96.22093
v 34.30104 24.00000 103.05126
v 34.78335 24.49500 103.16261
v 36.36026 37.50500 96.33228
v 35.87795 38.00000 96.22093
v 34.30104 38.00000 103.05126
v 34.78335 37.50500 103.16261
v 34.21665 24.49500 95.83739
v 34.81031 24.49500 95.46642
v 34.81031 37.50500 95.46642
v 34.21665 37.50500 95.83739
v 32.63974 24.49500 102.66772
v 33.01070 24.49500 103.26138
v 33.01070 37.50500 103.26138
v 32.63974 37.50500 102.66772
v 36.36026 24.49500 96.33228
v 35.98930 24.49500 95.73862
v 35.98930 37.50500 95.73862
v 36.36026 37.50500 96.33228
v 34.78335 24.49500 103.16261
v 34.18969 24.49500 103.53358
v 34.18969 37.50500 103.53358
v 34.78335 37.50500 103.16261
v 34.69896 24.00000 95.94874
v 34.81031 24.49500 95.46642
v 35.98930 24.49500 95.73862
v 35.87795 24.00000 96.22093
v 33.12205 24.00000 102.77907
v 33.01070 24.49500 103.26138
v 34.18969 24.49500 103.53358
v 34.30104 24.00000 103.05126
v 34.69896 38.00000 95.94874
v 34.81031 37.50500 95.46642
v 35.98930 37.50500 95.73862
v 35.87795 38.00000 96.22093
v 33.12205 38.00000 102.77907
v 33.01070 37.50500 103.26138
v 34.18969 37.50500 103.53358
v 34.30104 38.00000 103.05126
v 34.21665 24.49500 95.83739
v 34.69896 24.00000 95.94874
v 34.81031 24.49500 95.46642
v 32.63974 24.49500 102.66772
v 33.12205 24.00000 102.77907
v 33.01070 24.49500 103.26138
v 34.21665 37.50500 95.83739
v 34.69896 38.00000 95.94874
v 34.81031 37.50500 95.46642
v 32.63974 37.50500 102.66772
v 33.12205 38.00000 102.77907
v 33.01070 37.50500 103.26138
v 36.36026 24.49500 96.33228
v 35.87795 24.00000 96.22093
v 35.98930 24.49500 95.73862
v 34.78335 24.49500 103.16261
v 34.30104 24.00000 103.05126
v 34.18969 24.49500 103.53358
v 36.36026 37.50500 96.33228
v 35.87795 38.00000 96.22093
v 35.98930 37.50500 95.73862
v 34.78335 37.50500 103.16261
v 34.30104 38.00000 103.05126
v 34.18969 37.50500 103.53358
vt 0.000000 1.000000
vt 1.000000 1.000000
vt 1.000000 0.000000
vt 0.000000 0.000000
vt 0.572194 0.000000
vt 1.000000 0.038323
vt 0.427806 1.000000
vt 0.000000 0.961677
vt 0.000000 1.000000
vt 1.000000 1.000000
vt 1.000000 0.000000
vt 0.000000 0.000000
vt 0.000000 0.000000
vt 1.000000 0.000000
vt 1.000000 1.000000
vt 0.000000 1.000000
vt 0.000000 0.961677
vt 0.427806 1.000000
vt 1.000000 0.038323
vt 0.572194 0.000000
vt 0.000000 0.000000
vt 1.000000 0.000000
vt 1.000000 1.000000
vt 0.000000 1.000000
vt 0.765779 0.000000
vt 1.000000 0.016041
vt 0.234221 1.000000
vt 0.000000 0.983959
vt 0.000000 0.983959
vt 0.234221 1.000000
vt 1.000000 0.016041
vt 0.765779 0.000000
vt 0.234221 1.000000
vt 0.000000 0.983959
vt 0.765779 0.000000
vt 1.000000 0.016041
vt 1.000000 0.016041
vt 0.765779 0.000000
vt 0.000000 0.983959
vt 0.234221 1.000000
vt 0.000000 1.000000
vt 1.000000 1.000000
vt 1.000000 0.000000
vt 0.000000 0.000000
vt 0.000000 0.000000
vt 0.000000 1.000000
vt 1.000000 1.000000
vt 1.000000 0.000000
vt 0.000000 1.000000
vt 0.000000 0.000000
vt 1.000000 0.000000
vt 1.000000 1.000000
vt 1.000000 1.000000
vt 0.000000 1.000000
vt 0.000000 0.000000
vt 1.000000 0.000000
vt 0.000000 0.639245
vt 0.086296 0.000000
vt 1.000000 0.360755
vt 0.913704 1.000000
vt 1.000000 0.360755
vt 0.913704 1.000000
vt 0.000000 0.639245
vt 0.086296 0.000000
vt 0.913704 1.000000
vt 1.000000 0.360755
vt 0.086296 0.000000
vt 0.000000 0.639245
vt 0.086296 0.000000
vt 0.000000 0.639245
vt 0.913704 1.000000
vt 1.000000 0.360755
vt 1.000000 1.000000
vt 0.812435 0.000000
vt 0.000000 1.000000
vt 1.000000 0.000000
vt 0.000000 0.187565
vt 1.000000 1.000000
vt 0.000000 0.000000
vt 0.812435 1.000000
vt 1.000000 0.000000
vt 0.000000 1.000000
vt 1.000000 0.187565
vt 0.000000 0.000000
vt 1.000000 1.000000
vt 0.000000 0.812435
vt 1.000000 0.000000
vt 0.000000 1.000000
vt 0.187565 0.000000
vt 1.000000 1.000000
vt 0.000000 0.000000
vt 1.000000 0.812435
vt 0.000000 1.000000
vt 1.000000 0.000000
vt 0.187565 1.000000
vt 0.000000 0.000000
f 3728/4837 3727/4838 3726/4839 3725/4840
f 3729/4841 3730/4842 3731/4843 3732/4844
f 3736/4845 3735/4846 3734/4847 3733/4848
f 3737/4849 3738/4850 3739/4851 3740/4852
f 3744/4853 3743/4854 3742/4855 3741/4856
f 3745/4857 3746/4858 3747/4859 3748/4860
f 3749/4861 3750/4862 3751/4863 3752/4864
f 3756/4865 3755/4866 3754/4867 3753/4868
f 3760/4869 3759/4870 3758/4871 3757/4872
f 3761/4873 3762/4874 3763/4875 3764/4876
f 3768/4877 3767/4878 3766/4879 3765/4880
f 3769/4881 3770/4882 3771/4883 3772/4884
f 3773/4885 3774/4886 3775/4887 3776/4888
f 3780/4889 3779/4890 3778/4891 3777/4892
f 3781/4893 3782/4894 3783/4895 3784/4896
f 3788/4897 3787/4898 3786/4899 3785/4900
f 3792/4901 3791/4902 3790/4903 3789/4904
f 3793/4905 3794/4906 3795/4907 3796/4908
f 3799/4909 3798/4910 3797/4911
f 3800/4912 3801/4913 3802/4914
f 3803/4915 3804/4916 3805/4917
f 3808/4918 3807/4919 3806/4920
f 3809/4921 3810/4922 3811/4923
f 3814/4924 3813/4925 3812/4926
f 3817/4927 3816/4928 3815/4929
f 3818/4930 3819/4931 3820/4932
o MonitorShell
usemtl SFP_R2_Trim
v -6.14501 -54.00000 90.37103
v -1.48807 -54.00000 85.97638
v 9.40488 -54.00000 87.50729
v 13.52118 -54.00000 94.14476
v 6.42335 -54.00000 144.64843
v 0.63697 -54.00000 149.89418
v -11.24624 -54.00000 148.22410
v -14.37228 -54.00000 141.72580
v -6.14501 54.00000 90.37103
v -1.48807 54.00000 85.97638
v 9.40488 54.00000 87.50729
v 13.52118 54.00000 94.14476
v 6.42335 54.00000 144.64843
v 0.63697 54.00000 149.89418
v -11.24624 54.00000 148.22410
v -14.37228 54.00000 141.72580
vt 0.000000 0.872205
vt 0.112070 0.973871
vt 0.538092 1.000000
vt 0.745538 0.917930
vt 1.000000 0.127795
vt 0.852428 0.023951
vt 0.461908 0.000000
vt 0.294953 0.068755
vt 0.294953 0.068755
vt 0.461908 0.000000
vt 0.852428 0.023951
vt 1.000000 0.127795
vt 0.745538 0.917930
vt 0.538092 1.000000
vt 0.112070 0.973871
vt 0.000000 0.872205
vt 0.000000 0.000000
vt 1.000000 0.000000
vt 1.000000 1.000000
vt 0.000000 1.000000
vt 0.000000 0.000000
vt 1.000000 0.000000
vt 1.000000 1.000000
vt 0.000000 1.000000
vt 0.000000 0.000000
vt 0.000000 1.000000
vt 1.000000 1.000000
vt 1.000000 0.000000
vt 0.000000 0.000000
vt 0.000000 1.000000
vt 1.000000 1.000000
vt 1.000000 0.000000
vt 1.000000 0.000000
vt 0.000000 0.000000
vt 0.000000 1.000000
vt 1.000000 1.000000
vt 1.000000 0.000000
vt 0.000000 0.000000
vt 0.000000 1.000000
vt 1.000000 1.000000
vt 0.000000 1.000000
vt 0.000000 0.000000
vt 1.000000 0.000000
vt 1.000000 1.000000
vt 0.000000 1.000000
vt 0.000000 0.000000
vt 1.000000 0.000000
vt 1.000000 1.000000
f 3828/4933 3827/4934 3826/4935 3825/4936 3824/4937 3823/4938 3822/4939 3821/4940
f 3829/4941 3830/4942 3831/4943 3832/4944 3833/4945 3834/4946 3835/4947 3836/4948
f 3821/4949 3822/4950 3830/4951 3829/4952
f 3822/4953 3823/4954 3831/4955 3830/4956
f 3823/4957 3824/4958 3832/4959 3831/4960
f 3824/4961 3825/4962 3833/4963 3832/4964
f 3825/4965 3826/4966 3834/4967 3833/4968
f 3826/4969 3827/4970 3835/4971 3834/4972
f 3827/4973 3828/4974 3836/4975 3835/4976
f 3828/4977 3821/4978 3829/4979 3836/4980
o MonitorRearArmor
usemtl SFP_R2_Body
v -6.86630 -47.87500 91.91063
v -6.86630 47.87500 91.91063
v -13.92933 47.87500 142.16673
v -13.92933 -47.87500 142.16673
v -5.75225 -49.00000 92.06720
v -3.02901 -49.00000 92.44993
v -10.09204 -49.00000 142.70603
v -12.81528 -49.00000 142.32330
v -5.59568 -47.87500 90.95315
v -2.87244 -47.87500 91.33587
v -2.87244 47.87500 91.33587
v -5.59568 47.87500 90.95315
v -1.91496 -47.87500 92.60650
v -1.91496 47.87500 92.60650
v -8.97799 47.87500 142.86260
v -8.97799 -47.87500 142.86260
v -5.75225 49.00000 92.06720
v -3.02901 49.00000 92.44993
v -10.09204 49.00000 142.70603
v -12.81528 49.00000 142.32330
v -12.97185 -47.87500 143.43736
v -10.24861 -47.87500 143.82008
v -10.24861 47.87500 143.82008
v -12.97185 47.87500 143.43736
v -6.86630 -47.87500 91.91063
v -5.75225 -49.00000 92.06720
v -12.81528 -49.00000 142.32330
v -13.92933 -47.87500 142.16673
v -6.86630 47.87500 91.91063
v -5.75225 49.00000 92.06720
v -12.81528 49.00000 142.32330
v -13.92933 47.87500 142.16673
v -1.91496 -47.87500 92.60650
v -3.02901 -49.00000 92.44993
v -10.09204 -49.00000 142.70603
v -8.97799 -47.87500 142.86260
v -1.91496 47.87500 92.60650
v -3.02901 49.00000 92.44993
v -10.09204 49.00000 142.70603
v -8.97799 47.87500 142.86260
v -6.86630 -47.87500 91.91063
v -5.59568 -47.87500 90.95315
v -5.59568 47.87500 90.95315
v -6.86630 47.87500 91.91063
v -13.92933 -47.87500 142.16673
v -12.97185 -47.87500 143.43736
v -12.97185 47.87500 143.43736
v -13.92933 47.87500 142.16673
v -1.91496 -47.87500 92.60650
v -2.87244 -47.87500 91.33587
v -2.87244 47.87500 91.33587
v -1.91496 47.87500 92.60650
v -8.97799 -47.87500 142.86260
v -10.24861 -47.87500 143.82008
v -10.24861 47.87500 143.82008
v -8.97799 47.87500 142.86260
v -5.75225 -49.00000 92.06720
v -5.59568 -47.87500 90.95315
v -2.87244 -47.87500 91.33587
v -3.02901 -49.00000 92.44993
v -12.81528 -49.00000 142.32330
v -12.97185 -47.87500 143.43736
v -10.24861 -47.87500 143.82008
v -10.09204 -49.00000 142.70603
v -5.75225 49.00000 92.06720
v -5.59568 47.87500 90.95315
v -2.87244 47.87500 91.33587
v -3.02901 49.00000 92.44993
v -12.81528 49.00000 142.32330
v -12.97185 47.87500 143.43736
v -10.24861 47.87500 143.82008
v -10.09204 49.00000 142.70603
v -6.86630 -47.87500 91.91063
v -5.75225 -49.00000 92.06720
v -5.59568 -47.87500 90.95315
v -13.92933 -47.87500 142.16673
v -12.81528 -49.00000 142.32330
v -12.97185 -47.87500 143.43736
v -6.86630 47.87500 91.91063
v -5.75225 49.00000 92.06720
v -5.59568 47.87500 90.95315
v -13.92933 47.87500 142.16673
v -12.81528 49.00000 142.32330
v -12.97185 47.87500 143.43736
v -1.91496 -47.87500 92.60650
v -3.02901 -49.00000 92.44993
v -2.87244 -47.87500 91.33587
v -8.97799 -47.87500 142.86260
v -10.09204 -49.00000 142.70603
v -10.24861 -47.87500 143.82008
v -1.91496 47.87500 92.60650
v -3.02901 49.00000 92.44993
v -2.87244 47.87500 91.33587
v -8.97799 47.87500 142.86260
v -10.09204 49.00000 142.70603
v -10.24861 47.87500 143.82008
vt 0.000000 1.000000
vt 1.000000 1.000000
vt 1.000000 0.000000
vt 0.000000 0.000000
vt 0.721729 0.000000
vt 1.000000 0.007558
vt 0.278271 1.000000
vt 0.000000 0.992442
vt 0.000000 1.000000
vt 1.000000 1.000000
vt 1.000000 0.000000
vt 0.000000 0.000000
vt 0.000000 0.000000
vt 1.000000 0.000000
vt 1.000000 1.000000
vt 0.000000 1.000000
vt 0.000000 0.992442
vt 0.278271 1.000000
vt 1.000000 0.007558
vt 0.721729 0.000000
vt 0.000000 0.000000
vt 1.000000 0.000000
vt 1.000000 1.000000
vt 0.000000 1.000000
vt 0.863759 0.000000
vt 1.000000 0.003106
vt 0.136241 1.000000
vt 0.000000 0.996894
vt 0.000000 0.996894
vt 0.136241 1.000000
vt 1.000000 0.003106
vt 0.863759 0.000000
vt 0.136241 1.000000
vt 0.000000 0.996894
vt 0.863759 0.000000
vt 1.000000 0.003106
vt 1.000000 0.003106
vt 0.863759 0.000000
vt 0.000000 0.996894
vt 0.136241 1.000000
vt 0.000000 1.000000
vt 1.000000 1.000000
vt 1.000000 0.000000
vt 0.000000 0.000000
vt 0.000000 0.000000
vt 0.000000 1.000000
vt 1.000000 1.000000
vt 1.000000 0.000000
vt 0.000000 1.000000
vt 0.000000 0.000000
vt 1.000000 0.000000
vt 1.000000 1.000000
vt 1.000000 1.000000
vt 0.000000 1.000000
vt 0.000000 0.000000
vt 1.000000 0.000000
vt 0.000000 0.744300
vt 0.054368 0.000000
vt 1.000000 0.255700
vt 0.945632 1.000000
vt 1.000000 0.255700
vt 0.945632 1.000000
vt 0.000000 0.744300
vt 0.054368 0.000000
vt 0.945632 1.000000
vt 1.000000 0.255700
vt 0.054368 0.000000
vt 0.000000 0.744300
vt 0.054368 0.000000
vt 0.000000 0.744300
vt 0.945632 1.000000
vt 1.000000 0.255700
vt 1.000000 1.000000
vt 0.876777 0.000000
vt 0.000000 1.000000
vt 1.000000 0.000000
vt 0.000000 0.123223
vt 1.000000 1.000000
vt 0.000000 0.000000
vt 0.876777 1.000000
vt 1.000000 0.000000
vt 0.000000 1.000000
vt 1.000000 0.123223
vt 0.000000 0.000000
vt 1.000000 1.000000
vt 0.000000 0.876777
vt 1.000000 0.000000
vt 0.000000 1.000000
vt 0.123223 0.000000
vt 1.000000 1.000000
vt 0.000000 0.000000
vt 1.000000 0.876777
vt 0.000000 1.000000
vt 1.000000 0.000000
vt 0.123223 1.000000
vt 0.000000 0.000000
f 3840/4981 3839/4982 3838/4983 3837/4984
f 3841/4985 3842/4986 3843/4987 3844/4988
f 3848/4989 3847/4990 3846/4991 3845/4992
f 3849/4993 3850/4994 3851/4995 3852/4996
f 3856/4997 3855/4998 3854/4999 3853/5000
f 3857/5001 3858/5002 3859/5003 3860/5004
f 3861/5005 3862/5006 3863/5007 3864/5008
f 3868/5009 3867/5010 3866/5011 3865/5012
f 3872/5013 3871/5014 3870/5015 3869/5016
f 3873/5017 3874/5018 3875/5019 3876/5020
f 3880/5021 3879/5022 3878/5023 3877/5024
f 3881/5025 3882/5026 3883/5027 3884/5028
f 3885/5029 3886/5030 3887/5031 3888/5032
f 3892/5033 3891/5034 3890/5035 3889/5036
f 3893/5037 3894/5038 3895/5039 3896/5040
f 3900/5041 3899/5042 3898/5043 3897/5044
f 3904/5045 3903/5046 3902/5047 3901/5048
f 3905/5049 3906/5050 3907/5051 3908/5052
f 3911/5053 3910/5054 3909/5055
f 3912/5056 3913/5057 3914/5058
f 3915/5059 3916/5060 3917/5061
f 3920/5062 3919/5063 3918/5064
f 3921/5065 3922/5066 3923/5067
f 3926/5068 3925/5069 3924/5070
f 3929/5071 3928/5072 3927/5073
f 3930/5074 3931/5075 3932/5076
o MonitorGlassRecess
usemtl SFP_R2_Inset
v 10.58763 -44.96000 97.05481
v 10.58763 44.96000 97.05481
v 3.98804 44.96000 144.01332
v 3.98804 -44.96000 144.01332
v 11.12238 -45.50000 97.12996
v 12.42953 -45.50000 97.31367
v 5.82994 -45.50000 144.27218
v 4.52279 -45.50000 144.08848
v 11.19753 -44.96000 96.59522
v 12.50468 -44.96000 96.77893
v 12.50468 44.96000 96.77893
v 11.19753 44.96000 96.59522
v 12.96428 -44.96000 97.38883
v 12.96428 44.96000 97.38883
v 6.36469 44.96000 144.34734
v 6.36469 -44.96000 144.34734
v 11.12238 45.50000 97.12996
v 12.42953 45.50000 97.31367
v 5.82994 45.50000 144.27218
v 4.52279 45.50000 144.08848
v 4.44763 -44.96000 144.62322
v 5.75479 -44.96000 144.80693
v 5.75479 44.96000 144.80693
v 4.44763 44.96000 144.62322
v 10.58763 -44.96000 97.05481
v 11.12238 -45.50000 97.12996
v 4.52279 -45.50000 144.08848
v 3.98804 -44.96000 144.01332
v 10.58763 44.96000 97.05481
v 11.12238 45.50000 97.12996
v 4.52279 45.50000 144.08848
v 3.98804 44.96000 144.01332
v 12.96428 -44.96000 97.38883
v 12.42953 -45.50000 97.31367
v 5.82994 -45.50000 144.27218
v 6.36469 -44.96000 144.34734
v 12.96428 44.96000 97.38883
v 12.42953 45.50000 97.31367
v 5.82994 45.50000 144.27218
v 6.36469 44.96000 144.34734
v 10.58763 -44.96000 97.05481
v 11.19753 -44.96000 96.59522
v 11.19753 44.96000 96.59522
v 10.58763 44.96000 97.05481
v 3.98804 -44.96000 144.01332
v 4.44763 -44.96000 144.62322
v 4.44763 44.96000 144.62322
v 3.98804 44.96000 144.01332
v 12.96428 -44.96000 97.38883
v 12.50468 -44.96000 96.77893
v 12.50468 44.96000 96.77893
v 12.96428 44.96000 97.38883
v 6.36469 -44.96000 144.34734
v 5.75479 -44.96000 144.80693
v 5.75479 44.96000 144.80693
v 6.36469 44.96000 144.34734
v 11.12238 -45.50000 97.12996
v 11.19753 -44.96000 96.59522
v 12.50468 -44.96000 96.77893
v 12.42953 -45.50000 97.31367
v 4.52279 -45.50000 144.08848
v 4.44763 -44.96000 144.62322
v 5.75479 -44.96000 144.80693
v 5.82994 -45.50000 144.27218
v 11.12238 45.50000 97.12996
v 11.19753 44.96000 96.59522
v 12.50468 44.96000 96.77893
v 12.42953 45.50000 97.31367
v 4.52279 45.50000 144.08848
v 4.44763 44.96000 144.62322
v 5.75479 44.96000 144.80693
v 5.82994 45.50000 144.27218
v 10.58763 -44.96000 97.05481
v 11.12238 -45.50000 97.12996
v 11.19753 -44.96000 96.59522
v 3.98804 -44.96000 144.01332
v 4.52279 -45.50000 144.08848
v 4.44763 -44.96000 144.62322
v 10.58763 44.96000 97.05481
v 11.12238 45.50000 97.12996
v 11.19753 44.96000 96.59522
v 3.98804 44.96000 144.01332
v 4.52279 45.50000 144.08848
v 4.44763 44.96000 144.62322
v 12.96428 -44.96000 97.38883
v 12.42953 -45.50000 97.31367
v 12.50468 -44.96000 96.77893
v 6.36469 -44.96000 144.34734
v 5.82994 -45.50000 144.27218
v 5.75479 -44.96000 144.80693
v 12.96428 44.96000 97.38883
v 12.42953 45.50000 97.31367
v 12.50468 44.96000 96.77893
v 6.36469 44.96000 144.34734
v 5.82994 45.50000 144.27218
v 5.75479 44.96000 144.80693
vt 0.000000 1.000000
vt 1.000000 1.000000
vt 1.000000 0.000000
vt 0.000000 0.000000
vt 0.834679 0.000000
vt 1.000000 0.003897
vt 0.165321 1.000000
vt 0.000000 0.996103
vt 0.000000 1.000000
vt 1.000000 1.000000
vt 1.000000 0.000000
vt 0.000000 0.000000
vt 0.000000 0.000000
vt 1.000000 0.000000
vt 1.000000 1.000000
vt 0.000000 1.000000
vt 0.000000 0.996103
vt 0.165321 1.000000
vt 1.000000 0.003897
vt 0.834679 0.000000
vt 0.000000 0.000000
vt 1.000000 0.000000
vt 1.000000 1.000000
vt 0.000000 1.000000
vt 0.925046 0.000000
vt 1.000000 0.001598
vt 0.074954 1.000000
vt 0.000000 0.998402
vt 0.000000 0.998402
vt 0.074954 1.000000
vt 1.000000 0.001598
vt 0.925046 0.000000
vt 0.074954 1.000000
vt 0.000000 0.998402
vt 0.925046 0.000000
vt 1.000000 0.001598
vt 1.000000 0.001598
vt 0.925046 0.000000
vt 0.000000 0.998402
vt 0.074954 1.000000
vt 0.000000 1.000000
vt 1.000000 1.000000
vt 1.000000 0.000000
vt 0.000000 0.000000
vt 0.000000 0.000000
vt 0.000000 1.000000
vt 1.000000 1.000000
vt 1.000000 0.000000
vt 0.000000 1.000000
vt 0.000000 0.000000
vt 1.000000 0.000000
vt 1.000000 1.000000
vt 1.000000 1.000000
vt 0.000000 1.000000
vt 0.000000 0.000000
vt 1.000000 0.000000
vt 0.000000 0.744300
vt 0.054368 0.000000
vt 1.000000 0.255700
vt 0.945632 1.000000
vt 1.000000 0.255700
vt 0.945632 1.000000
vt 0.000000 0.744300
vt 0.054368 0.000000
vt 0.945632 1.000000
vt 1.000000 0.255700
vt 0.054368 0.000000
vt 0.000000 0.744300
vt 0.054368 0.000000
vt 0.000000 0.744300
vt 0.945632 1.000000
vt 1.000000 0.255700
vt 1.000000 1.000000
vt 0.876777 0.000000
vt 0.000000 1.000000
vt 1.000000 0.000000
vt 0.000000 0.123223
vt 1.000000 1.000000
vt 0.000000 0.000000
vt 0.876777 1.000000
vt 1.000000 0.000000
vt 0.000000 1.000000
vt 1.000000 0.123223
vt 0.000000 0.000000
vt 1.000000 1.000000
vt 0.000000 0.876777
vt 1.000000 0.000000
vt 0.000000 1.000000
vt 0.123223 0.000000
vt 1.000000 1.000000
vt 0.000000 0.000000
vt 1.000000 0.876777
vt 0.000000 1.000000
vt 1.000000 0.000000
vt 0.123223 1.000000
vt 0.000000 0.000000
f 3936/5077 3935/5078 3934/5079 3933/5080
f 3937/5081 3938/5082 3939/5083 3940/5084
f 3944/5085 3943/5086 3942/5087 3941/5088
f 3945/5089 3946/5090 3947/5091 3948/5092
f 3952/5093 3951/5094 3950/5095 3949/5096
f 3953/5097 3954/5098 3955/5099 3956/5100
f 3957/5101 3958/5102 3959/5103 3960/5104
f 3964/5105 3963/5106 3962/5107 3961/5108
f 3968/5109 3967/5110 3966/5111 3965/5112
f 3969/5113 3970/5114 3971/5115 3972/5116
f 3976/5117 3975/5118 3974/5119 3973/5120
f 3977/5121 3978/5122 3979/5123 3980/5124
f 3981/5125 3982/5126 3983/5127 3984/5128
f 3988/5129 3987/5130 3986/5131 3985/5132
f 3989/5133 3990/5134 3991/5135 3992/5136
f 3996/5137 3995/5138 3994/5139 3993/5140
f 4000/5141 3999/5142 3998/5143 3997/5144
f 4001/5145 4002/5146 4003/5147 4004/5148
f 4007/5149 4006/5150 4005/5151
f 4008/5152 4009/5153 4010/5154
f 4011/5155 4012/5156 4013/5157
f 4016/5158 4015/5159 4014/5160
f 4017/5161 4018/5162 4019/5163
f 4022/5164 4021/5165 4020/5166
f 4025/5167 4024/5168 4023/5169
f 4026/5170 4027/5171 4028/5172
o ScreenDisplay
usemtl SFP_R2_ScreenUI
v 12.95378 -41.00000 99.61907
v 13.74600 -41.00000 99.73041
v 13.74600 41.00000 99.73041
v 12.95378 41.00000 99.61907
v 6.96934 -41.00000 142.20060
v 7.76155 -41.00000 142.31194
v 7.76155 41.00000 142.31194
v 6.96934 41.00000 142.20060
vt 0.000000 0.000000
vt 1.000000 0.000000
vt 1.000000 1.000000
vt 0.000000 1.000000
vt 0.000000 0.000000
vt 1.000000 0.000000
vt 1.000000 1.000000
vt 0.000000 1.000000
vt 0.000000 0.000000
vt 1.000000 0.000000
vt 1.000000 1.000000
vt 0.000000 1.000000
vt 0.000000 0.000000
vt 1.000000 0.000000
vt 1.000000 1.000000
vt 0.000000 1.000000
vt 0.000000 0.000000
vt 1.000000 0.000000
vt 1.000000 1.000000
vt 0.000000 1.000000
vt 0.000000 0.000000
vt 1.000000 0.000000
vt 1.000000 1.000000
vt 0.000000 1.000000
f 4029/5173 4032/5174 4031/5175 4030/5176
f 4033/5177 4034/5178 4035/5179 4036/5180
f 4029/5181 4030/5182 4034/5183 4033/5184
f 4030/5185 4031/5186 4035/5187 4034/5188
f 4031/5189 4032/5190 4036/5191 4035/5192
f 4032/5193 4029/5194 4033/5195 4036/5196
o MonitorPillarLeft
usemtl SFP_R2_Metal
v 6.19159 -50.20000 92.40778
v 6.19159 -45.80000 92.40778
v -1.24025 -45.80000 145.28809
v -1.24025 -50.20000 145.28809
v 7.97407 -52.00000 92.65829
v 12.33125 -52.00000 93.27065
v 4.89941 -52.00000 146.15096
v 0.54223 -52.00000 145.53860
v 8.22459 -50.20000 90.87580
v 12.58177 -50.20000 91.48817
v 12.58177 -45.80000 91.48817
v 8.22459 -45.80000 90.87580
v 14.11374 -50.20000 93.52116
v 14.11374 -45.80000 93.52116
v 6.68189 -45.80000 146.40147
v 6.68189 -50.20000 146.40147
v 7.97407 -44.00000 92.65829
v 12.33125 -44.00000 93.27065
v 4.89941 -44.00000 146.15096
v 0.54223 -44.00000 145.53860
v 0.29172 -50.20000 147.32108
v 4.64890 -50.20000 147.93345
v 4.64890 -45.80000 147.93345
v 0.29172 -45.80000 147.32108
v 6.19159 -50.20000 92.40778
v 7.97407 -52.00000 92.65829
v 0.54223 -52.00000 145.53860
v -1.24025 -50.20000 145.28809
v 6.19159 -45.80000 92.40778
v 7.97407 -44.00000 92.65829
v 0.54223 -44.00000 145.53860
v -1.24025 -45.80000 145.28809
v 14.11374 -50.20000 93.52116
v 12.33125 -52.00000 93.27065
v 4.89941 -52.00000 146.15096
v 6.68189 -50.20000 146.40147
v 14.11374 -45.80000 93.52116
v 12.33125 -44.00000 93.27065
v 4.89941 -44.00000 146.15096
v 6.68189 -45.80000 146.40147
v 6.19159 -50.20000 92.40778
v 8.22459 -50.20000 90.87580
v 8.22459 -45.80000 90.87580
v 6.19159 -45.80000 92.40778
v -1.24025 -50.20000 145.28809
v 0.29172 -50.20000 147.32108
v 0.29172 -45.80000 147.32108
v -1.24025 -45.80000 145.28809
v 14.11374 -50.20000 93.52116
v 12.58177 -50.20000 91.48817
v 12.58177 -45.80000 91.48817
v 14.11374 -45.80000 93.52116
v 6.68189 -50.20000 146.40147
v 4.64890 -50.20000 147.93345
v 4.64890 -45.80000 147.93345
v 6.68189 -45.80000 146.40147
v 7.97407 -52.00000 92.65829
v 8.22459 -50.20000 90.87580
v 12.58177 -50.20000 91.48817
v 12.33125 -52.00000 93.27065
v 0.54223 -52.00000 145.53860
v 0.29172 -50.20000 147.32108
v 4.64890 -50.20000 147.93345
v 4.89941 -52.00000 146.15096
v 7.97407 -44.00000 92.65829
v 8.22459 -45.80000 90.87580
v 12.58177 -45.80000 91.48817
v 12.33125 -44.00000 93.27065
v 0.54223 -44.00000 145.53860
v 0.29172 -45.80000 147.32108
v 4.64890 -45.80000 147.93345
v 4.89941 -44.00000 146.15096
v 6.19159 -50.20000 92.40778
v 7.97407 -52.00000 92.65829
v 8.22459 -50.20000 90.87580
v -1.24025 -50.20000 145.28809
v 0.54223 -52.00000 145.53860
v 0.29172 -50.20000 147.32108
v 6.19159 -45.80000 92.40778
v 7.97407 -44.00000 92.65829
v 8.22459 -45.80000 90.87580
v -1.24025 -45.80000 145.28809
v 0.54223 -44.00000 145.53860
v 0.29172 -45.80000 147.32108
v 14.11374 -50.20000 93.52116
v 12.33125 -52.00000 93.27065
v 12.58177 -50.20000 91.48817
v 6.68189 -50.20000 146.40147
v 4.89941 -52.00000 146.15096
v 4.64890 -50.20000 147.93345
v 14.11374 -45.80000 93.52116
v 12.33125 -44.00000 93.27065
v 12.58177 -45.80000 91.48817
v 6.68189 -45.80000 146.40147
v 4.89941 -44.00000 146.15096
v 4.64890 -45.80000 147.93345
vt 0.000000 1.000000
vt 1.000000 1.000000
vt 1.000000 0.000000
vt 0.000000 0.000000
vt 0.630404 0.000000
vt 1.000000 0.011448
vt 0.369596 1.000000
vt 0.000000 0.988552
vt 0.000000 1.000000
vt 1.000000 1.000000
vt 1.000000 0.000000
vt 0.000000 0.000000
vt 0.000000 0.000000
vt 1.000000 0.000000
vt 1.000000 1.000000
vt 0.000000 1.000000
vt 0.000000 0.988552
vt 0.369596 1.000000
vt 1.000000 0.011448
vt 0.630404 0.000000
vt 0.000000 0.000000
vt 1.000000 0.000000
vt 1.000000 1.000000
vt 0.000000 1.000000
vt 0.806553 0.000000
vt 1.000000 0.004715
vt 0.193447 1.000000
vt 0.000000 0.995285
vt 0.000000 0.995285
vt 0.193447 1.000000
vt 1.000000 0.004715
vt 0.806553 0.000000
vt 0.193447 1.000000
vt 0.000000 0.995285
vt 0.806553 0.000000
vt 1.000000 0.004715
vt 1.000000 0.004715
vt 0.806553 0.000000
vt 0.000000 0.995285
vt 0.193447 1.000000
vt 0.000000 1.000000
vt 1.000000 1.000000
vt 1.000000 0.000000
vt 0.000000 0.000000
vt 0.000000 0.000000
vt 0.000000 1.000000
vt 1.000000 1.000000
vt 1.000000 0.000000
vt 0.000000 1.000000
vt 0.000000 0.000000
vt 1.000000 0.000000
vt 1.000000 1.000000
vt 1.000000 1.000000
vt 0.000000 1.000000
vt 0.000000 0.000000
vt 1.000000 0.000000
vt 0.000000 0.744300
vt 0.054368 0.000000
vt 1.000000 0.255700
vt 0.945632 1.000000
vt 1.000000 0.255700
vt 0.945632 1.000000
vt 0.000000 0.744300
vt 0.054368 0.000000
vt 0.945632 1.000000
vt 1.000000 0.255700
vt 0.054368 0.000000
vt 0.000000 0.744300
vt 0.054368 0.000000
vt 0.000000 0.744300
vt 0.945632 1.000000
vt 1.000000 0.255700
vt 1.000000 1.000000
vt 0.876777 0.000000
vt 0.000000 1.000000
vt 1.000000 0.000000
vt 0.000000 0.123223
vt 1.000000 1.000000
vt 0.000000 0.000000
vt 0.876777 1.000000
vt 1.000000 0.000000
vt 0.000000 1.000000
vt 1.000000 0.123223
vt 0.000000 0.000000
vt 1.000000 1.000000
vt 0.000000 0.876777
vt 1.000000 0.000000
vt 0.000000 1.000000
vt 0.123223 0.000000
vt 1.000000 1.000000
vt 0.000000 0.000000
vt 1.000000 0.876777
vt 0.000000 1.000000
vt 1.000000 0.000000
vt 0.123223 1.000000
vt 0.000000 0.000000
f 4040/5197 4039/5198 4038/5199 4037/5200
f 4041/5201 4042/5202 4043/5203 4044/5204
f 4048/5205 4047/5206 4046/5207 4045/5208
f 4049/5209 4050/5210 4051/5211 4052/5212
f 4056/5213 4055/5214 4054/5215 4053/5216
f 4057/5217 4058/5218 4059/5219 4060/5220
f 4061/5221 4062/5222 4063/5223 4064/5224
f 4068/5225 4067/5226 4066/5227 4065/5228
f 4072/5229 4071/5230 4070/5231 4069/5232
f 4073/5233 4074/5234 4075/5235 4076/5236
f 4080/5237 4079/5238 4078/5239 4077/5240
f 4081/5241 4082/5242 4083/5243 4084/5244
f 4085/5245 4086/5246 4087/5247 4088/5248
f 4092/5249 4091/5250 4090/5251 4089/5252
f 4093/5253 4094/5254 4095/5255 4096/5256
f 4100/5257 4099/5258 4098/5259 4097/5260
f 4104/5261 4103/5262 4102/5263 4101/5264
f 4105/5265 4106/5266 4107/5267 4108/5268
f 4111/5269 4110/5270 4109/5271
f 4112/5272 4113/5273 4114/5274
f 4115/5275 4116/5276 4117/5277
f 4120/5278 4119/5279 4118/5280
f 4121/5281 4122/5282 4123/5283
f 4126/5284 4125/5285 4124/5286
f 4129/5287 4128/5288 4127/5289
f 4130/5290 4131/5291 4132/5292
o PillarArmorLeft
usemtl SFP_R2_Accent
v 11.60996 -52.32500 104.15115
v 11.60996 -43.67500 104.15115
v 7.76182 -43.67500 131.53206
v 7.76182 -52.32500 131.53206
v 12.27839 -53.00000 104.24509
v 13.91233 -53.00000 104.47473
v 10.06420 -53.00000 131.85564
v 8.43026 -53.00000 131.62601
v 12.37233 -52.32500 103.57666
v 14.00628 -52.32500 103.80630
v 14.00628 -43.67500 103.80630
v 12.37233 -43.67500 103.57666
v 14.58077 -52.32500 104.56867
v 14.58077 -43.67500 104.56867
v 10.73263 -43.67500 131.94958
v 10.73263 -52.32500 131.94958
v 12.27839 -43.00000 104.24509
v 13.91233 -43.00000 104.47473
v 10.06420 -43.00000 131.85564
v 8.43026 -43.00000 131.62601
v 8.33631 -52.32500 132.29444
v 9.97026 -52.32500 132.52407
v 9.97026 -43.67500 132.52407
v 8.33631 -43.67500 132.29444
v 11.60996 -52.32500 104.15115
v 12.27839 -53.00000 104.24509
v 8.43026 -53.00000 131.62601
v 7.76182 -52.32500 131.53206
v 11.60996 -43.67500 104.15115
v 12.27839 -43.00000 104.24509
v 8.43026 -43.00000 131.62601
v 7.76182 -43.67500 131.53206
v 14.58077 -52.32500 104.56867
v 13.91233 -53.00000 104.47473
v 10.06420 -53.00000 131.85564
v 10.73263 -52.32500 131.94958
v 14.58077 -43.67500 104.56867
v 13.91233 -43.00000 104.47473
v 10.06420 -43.00000 131.85564
v 10.73263 -43.67500 131.94958
v 11.60996 -52.32500 104.15115
v 12.37233 -52.32500 103.57666
v 12.37233 -43.67500 103.57666
v 11.60996 -43.67500 104.15115
v 7.76182 -52.32500 131.53206
v 8.33631 -52.32500 132.29444
v 8.33631 -43.67500 132.29444
v 7.76182 -43.67500 131.53206
v 14.58077 -52.32500 104.56867
v 14.00628 -52.32500 103.80630
v 14.00628 -43.67500 103.80630
v 14.58077 -43.67500 104.56867
v 10.73263 -52.32500 131.94958
v 9.97026 -52.32500 132.52407
v 9.97026 -43.67500 132.52407
v 10.73263 -43.67500 131.94958
v 12.27839 -53.00000 104.24509
v 12.37233 -52.32500 103.57666
v 14.00628 -52.32500 103.80630
v 13.91233 -53.00000 104.47473
v 8.43026 -53.00000 131.62601
v 8.33631 -52.32500 132.29444
v 9.97026 -52.32500 132.52407
v 10.06420 -53.00000 131.85564
v 12.27839 -43.00000 104.24509
v 12.37233 -43.67500 103.57666
v 14.00628 -43.67500 103.80630
v 13.91233 -43.00000 104.47473
v 8.43026 -43.00000 131.62601
v 8.33631 -43.67500 132.29444
v 9.97026 -43.67500 132.52407
v 10.06420 -43.00000 131.85564
v 11.60996 -52.32500 104.15115
v 12.27839 -53.00000 104.24509
v 12.37233 -52.32500 103.57666
v 7.76182 -52.32500 131.53206
v 8.43026 -53.00000 131.62601
v 8.33631 -52.32500 132.29444
v 11.60996 -43.67500 104.15115
v 12.27839 -43.00000 104.24509
v 12.37233 -43.67500 103.57666
v 7.76182 -43.67500 131.53206
v 8.43026 -43.00000 131.62601
v 8.33631 -43.67500 132.29444
v 14.58077 -52.32500 104.56867
v 13.91233 -53.00000 104.47473
v 14.00628 -52.32500 103.80630
v 10.73263 -52.32500 131.94958
v 10.06420 -53.00000 131.85564
v 9.97026 -52.32500 132.52407
v 14.58077 -43.67500 104.56867
v 13.91233 -43.00000 104.47473
v 14.00628 -43.67500 103.80630
v 10.73263 -43.67500 131.94958
v 10.06420 -43.00000 131.85564
v 9.97026 -43.67500 132.52407
vt 0.000000 1.000000
vt 1.000000 1.000000
vt 1.000000 0.000000
vt 0.000000 0.000000
vt 0.701948 0.000000
vt 1.000000 0.008317
vt 0.298052 1.000000
vt 0.000000 0.991683
vt 0.000000 1.000000
vt 1.000000 1.000000
vt 1.000000 0.000000
vt 0.000000 0.000000
vt 0.000000 0.000000
vt 1.000000 0.000000
vt 1.000000 1.000000
vt 0.000000 1.000000
vt 0.000000 0.991683
vt 0.298052 1.000000
vt 1.000000 0.008317
vt 0.701948 0.000000
vt 0.000000 0.000000
vt 1.000000 0.000000
vt 1.000000 1.000000
vt 0.000000 1.000000
vt 0.852005 0.000000
vt 1.000000 0.003419
vt 0.147995 1.000000
vt 0.000000 0.996581
vt 0.000000 0.996581
vt 0.147995 1.000000
vt 1.000000 0.003419
vt 0.852005 0.000000
vt 0.147995 1.000000
vt 0.000000 0.996581
vt 0.852005 0.000000
vt 1.000000 0.003419
vt 1.000000 0.003419
vt 0.852005 0.000000
vt 0.000000 0.996581
vt 0.147995 1.000000
vt 0.000000 1.000000
vt 1.000000 1.000000
vt 1.000000 0.000000
vt 0.000000 0.000000
vt 0.000000 0.000000
vt 0.000000 1.000000
vt 1.000000 1.000000
vt 1.000000 0.000000
vt 0.000000 1.000000
vt 0.000000 0.000000
vt 1.000000 0.000000
vt 1.000000 1.000000
vt 1.000000 1.000000
vt 0.000000 1.000000
vt 0.000000 0.000000
vt 1.000000 0.000000
vt 0.000000 0.744300
vt 0.054368 0.000000
vt 1.000000 0.255700
vt 0.945632 1.000000
vt 1.000000 0.255700
vt 0.945632 1.000000
vt 0.000000 0.744300
vt 0.054368 0.000000
vt 0.945632 1.000000
vt 1.000000 0.255700
vt 0.054368 0.000000
vt 0.000000 0.744300
vt 0.054368 0.000000
vt 0.000000 0.744300
vt 0.945632 1.000000
vt 1.000000 0.255700
vt 1.000000 1.000000
vt 0.876777 0.000000
vt 0.000000 1.000000
vt 1.000000 0.000000
vt 0.000000 0.123223
vt 1.000000 1.000000
vt 0.000000 0.000000
vt 0.876777 1.000000
vt 1.000000 0.000000
vt 0.000000 1.000000
vt 1.000000 0.123223
vt 0.000000 0.000000
vt 1.000000 1.000000
vt 0.000000 0.876777
vt 1.000000 0.000000
vt 0.000000 1.000000
vt 0.123223 0.000000
vt 1.000000 1.000000
vt 0.000000 0.000000
vt 1.000000 0.876777
vt 0.000000 1.000000
vt 1.000000 0.000000
vt 0.123223 1.000000
vt 0.000000 0.000000
f 4136/5293 4135/5294 4134/5295 4133/5296
f 4137/5297 4138/5298 4139/5299 4140/5300
f 4144/5301 4143/5302 4142/5303 4141/5304
f 4145/5305 4146/5306 4147/5307 4148/5308
f 4152/5309 4151/5310 4150/5311 4149/5312
f 4153/5313 4154/5314 4155/5315 4156/5316
f 4157/5317 4158/5318 4159/5319 4160/5320
f 4164/5321 4163/5322 4162/5323 4161/5324
f 4168/5325 4167/5326 4166/5327 4165/5328
f 4169/5329 4170/5330 4171/5331 4172/5332
f 4176/5333 4175/5334 4174/5335 4173/5336
f 4177/5337 4178/5338 4179/5339 4180/5340
f 4181/5341 4182/5342 4183/5343 4184/5344
f 4188/5345 4187/5346 4186/5347 4185/5348
f 4189/5349 4190/5350 4191/5351 4192/5352
f 4196/5353 4195/5354 4194/5355 4193/5356
f 4200/5357 4199/5358 4198/5359 4197/5360
f 4201/5361 4202/5362 4203/5363 4204/5364
f 4207/5365 4206/5366 4205/5367
f 4208/5368 4209/5369 4210/5370
f 4211/5371 4212/5372 4213/5373
f 4216/5374 4215/5375 4214/5376
f 4217/5377 4218/5378 4219/5379
f 4222/5380 4221/5381 4220/5382
f 4225/5383 4224/5384 4223/5385
f 4226/5386 4227/5387 4228/5388
o PillarBoltLeftUpper
usemtl SFP_R2_Metal
v 9.75280 -49.35000 141.07705
v 9.75280 -49.16913 140.40205
v 9.75280 -48.67500 139.90791
v 9.75280 -48.00000 139.72705
v 9.75280 -47.32500 139.90791
v 9.75280 -46.83087 140.40205
v 9.75280 -46.65000 141.07705
v 9.75280 -46.83087 141.75205
v 9.75280 -47.32500 142.24618
v 9.75280 -48.00000 142.42705
v 9.75280 -48.67500 142.24618
v 9.75280 -49.16913 141.75205
v 11.75280 -49.35000 141.07705
v 11.75280 -49.16913 140.40205
v 11.75280 -48.67500 139.90791
v 11.75280 -48.00000 139.72705
v 11.75280 -47.32500 139.90791
v 11.75280 -46.83087 140.40205
v 11.75280 -46.65000 141.07705
v 11.75280 -46.83087 141.75205
v 11.75280 -47.32500 142.24618
v 11.75280 -48.00000 142.42705
v 11.75280 -48.67500 142.24618
v 11.75280 -49.16913 141.75205
vt 0.066987 0.750000
vt 0.250000 0.933013
vt 0.500000 1.000000
vt 0.750000 0.933013
vt 0.933013 0.750000
vt 1.000000 0.500000
vt 0.933013 0.250000
vt 0.750000 0.066987
vt 0.500000 0.000000
vt 0.250000 0.066987
vt 0.066987 0.250000
vt 0.000000 0.500000
vt 0.000000 0.500000
vt 0.066987 0.250000
vt 0.250000 0.066987
vt 0.500000 0.000000
vt 0.750000 0.066987
vt 0.933013 0.250000
vt 1.000000 0.500000
vt 0.933013 0.750000
vt 0.750000 0.933013
vt 0.500000 1.000000
vt 0.250000 0.933013
vt 0.066987 0.750000
vt 0.000000 1.000000
vt 1.000000 1.000000
vt 1.000000 0.000000
vt 0.000000 0.000000
vt 0.000000 0.000000
vt 1.000000 0.000000
vt 1.000000 1.000000
vt 0.000000 1.000000
vt 0.000000 0.000000
vt 1.000000 0.000000
vt 1.000000 1.000000
vt 0.000000 1.000000
vt 0.000000 0.000000
vt 1.000000 0.000000
vt 1.000000 1.000000
vt 0.000000 1.000000
vt 0.000000 0.000000
vt 1.000000 0.000000
vt 1.000000 1.000000
vt 0.000000 1.000000
vt 0.000000 0.000000
vt 1.000000 0.000000
vt 1.000000 1.000000
vt 0.000000 1.000000
vt 0.000000 0.000000
vt 1.000000 0.000000
vt 1.000000 1.000000
vt 0.000000 1.000000
vt 0.000000 1.000000
vt 1.000000 1.000000
vt 1.000000 0.000000
vt 0.000000 0.000000
vt 0.000000 1.000000
vt 1.000000 1.000000
vt 1.000000 0.000000
vt 0.000000 0.000000
vt 0.000000 1.000000
vt 1.000000 1.000000
vt 1.000000 0.000000
vt 0.000000 0.000000
vt 0.000000 1.000000
vt 1.000000 1.000000
vt 1.000000 0.000000
vt 0.000000 0.000000
vt 0.000000 1.000000
vt 1.000000 1.000000
vt 1.000000 0.000000
vt 0.000000 0.000000
f 4240/5389 4239/5390 4238/5391 4237/5392 4236/5393 4235/5394 4234/5395 4233/5396 4232/5397 4231/5398 4230/5399 4229/5400
f 4241/5401 4242/5402 4243/5403 4244/5404 4245/5405 4246/5406 4247/5407 4248/5408 4249/5409 4250/5410 4251/5411 4252/5412
f 4229/5413 4241/5414 4242/5415 4230/5416
f 4230/5417 4242/5418 4243/5419 4231/5420
f 4231/5421 4243/5422 4244/5423 4232/5424
f 4232/5425 4244/5426 4245/5427 4233/5428
f 4233/5429 4245/5430 4246/5431 4234/5432
f 4234/5433 4246/5434 4247/5435 4235/5436
f 4235/5437 4247/5438 4248/5439 4236/5440
f 4236/5441 4248/5442 4249/5443 4237/5444
f 4237/5445 4249/5446 4250/5447 4238/5448
f 4238/5449 4250/5450 4251/5451 4239/5452
f 4239/5453 4251/5454 4252/5455 4240/5456
f 4240/5457 4252/5458 4241/5459 4229/5460
o PillarBoltLeftLower
usemtl SFP_R2_Metal
v 15.59807 -49.35000 99.48579
v 15.59807 -49.16913 98.81079
v 15.59807 -48.67500 98.31665
v 15.59807 -48.00000 98.13579
v 15.59807 -47.32500 98.31665
v 15.59807 -46.83087 98.81079
v 15.59807 -46.65000 99.48579
v 15.59807 -46.83087 100.16079
v 15.59807 -47.32500 100.65492
v 15.59807 -48.00000 100.83579
v 15.59807 -48.67500 100.65492
v 15.59807 -49.16913 100.16079
v 17.59807 -49.35000 99.48579
v 17.59807 -49.16913 98.81079
v 17.59807 -48.67500 98.31665
v 17.59807 -48.00000 98.13579
v 17.59807 -47.32500 98.31665
v 17.59807 -46.83087 98.81079
v 17.59807 -46.65000 99.48579
v 17.59807 -46.83087 100.16079
v 17.59807 -47.32500 100.65492
v 17.59807 -48.00000 100.83579
v 17.59807 -48.67500 100.65492
v 17.59807 -49.16913 100.16079
vt 0.066987 0.750000
vt 0.250000 0.933013
vt 0.500000 1.000000
vt 0.750000 0.933013
vt 0.933013 0.750000
vt 1.000000 0.500000
vt 0.933013 0.250000
vt 0.750000 0.066987
vt 0.500000 0.000000
vt 0.250000 0.066987
vt 0.066987 0.250000
vt 0.000000 0.500000
vt 0.000000 0.500000
vt 0.066987 0.250000
vt 0.250000 0.066987
vt 0.500000 0.000000
vt 0.750000 0.066987
vt 0.933013 0.250000
vt 1.000000 0.500000
vt 0.933013 0.750000
vt 0.750000 0.933013
vt 0.500000 1.000000
vt 0.250000 0.933013
vt 0.066987 0.750000
vt 0.000000 1.000000
vt 1.000000 1.000000
vt 1.000000 0.000000
vt 0.000000 0.000000
vt 0.000000 1.000000
vt 1.000000 1.000000
vt 1.000000 0.000000
vt 0.000000 0.000000
vt 0.000000 0.000000
vt 1.000000 0.000000
vt 1.000000 1.000000
vt 0.000000 1.000000
vt 0.000000 0.000000
vt 1.000000 0.000000
vt 1.000000 1.000000
vt 0.000000 1.000000
vt 0.000000 0.000000
vt 1.000000 0.000000
vt 1.000000 1.000000
vt 0.000000 1.000000
vt 0.000000 0.000000
vt 1.000000 0.000000
vt 1.000000 1.000000
vt 0.000000 1.000000
vt 0.000000 0.000000
vt 1.000000 0.000000
vt 1.000000 1.000000
vt 0.000000 1.000000
vt 0.000000 0.000000
vt 1.000000 0.000000
vt 1.000000 1.000000
vt 0.000000 1.000000
vt 0.000000 1.000000
vt 1.000000 1.000000
vt 1.000000 0.000000
vt 0.000000 0.000000
vt 0.000000 1.000000
vt 1.000000 1.000000
vt 1.000000 0.000000
vt 0.000000 0.000000
vt 0.000000 1.000000
vt 1.000000 1.000000
vt 1.000000 0.000000
vt 0.000000 0.000000
vt 0.000000 1.000000
vt 1.000000 1.000000
vt 1.000000 0.000000
vt 0.000000 0.000000
f 4264/5461 4263/5462 4262/5463 4261/5464 4260/5465 4259/5466 4258/5467 4257/5468 4256/5469 4255/5470 4254/5471 4253/5472
f 4265/5473 4266/5474 4267/5475 4268/5476 4269/5477 4270/5478 4271/5479 4272/5480 4273/5481 4274/5482 4275/5483 4276/5484
f 4253/5485 4265/5486 4266/5487 4254/5488
f 4254/5489 4266/5490 4267/5491 4255/5492
f 4255/5493 4267/5494 4268/5495 4256/5496
f 4256/5497 4268/5498 4269/5499 4257/5500
f 4257/5501 4269/5502 4270/5503 4258/5504
f 4258/5505 4270/5506 4271/5507 4259/5508
f 4259/5509 4271/5510 4272/5511 4260/5512
f 4260/5513 4272/5514 4273/5515 4261/5516
f 4261/5517 4273/5518 4274/5519 4262/5520
f 4262/5521 4274/5522 4275/5523 4263/5524
f 4263/5525 4275/5526 4276/5527 4264/5528
f 4264/5529 4276/5530 4265/5531 4253/5532
o MonitorPillarRight
usemtl SFP_R2_Metal
v 6.19159 45.80000 92.40778
v 6.19159 50.20000 92.40778
v -1.24025 50.20000 145.28809
v -1.24025 45.80000 145.28809
v 7.97407 44.00000 92.65829
v 12.33125 44.00000 93.27065
v 4.89941 44.00000 146.15096
v 0.54223 44.00000 145.53860
v 8.22459 45.80000 90.87580
v 12.58177 45.80000 91.48817
v 12.58177 50.20000 91.48817
v 8.22459 50.20000 90.87580
v 14.11374 45.80000 93.52116
v 14.11374 50.20000 93.52116
v 6.68189 50.20000 146.40147
v 6.68189 45.80000 146.40147
v 7.97407 52.00000 92.65829
v 12.33125 52.00000 93.27065
v 4.89941 52.00000 146.15096
v 0.54223 52.00000 145.53860
v 0.29172 45.80000 147.32108
v 4.64890 45.80000 147.93345
v 4.64890 50.20000 147.93345
v 0.29172 50.20000 147.32108
v 6.19159 45.80000 92.40778
v 7.97407 44.00000 92.65829
v 0.54223 44.00000 145.53860
v -1.24025 45.80000 145.28809
v 6.19159 50.20000 92.40778
v 7.97407 52.00000 92.65829
v 0.54223 52.00000 145.53860
v -1.24025 50.20000 145.28809
v 14.11374 45.80000 93.52116
v 12.33125 44.00000 93.27065
v 4.89941 44.00000 146.15096
v 6.68189 45.80000 146.40147
v 14.11374 50.20000 93.52116
v 12.33125 52.00000 93.27065
v 4.89941 52.00000 146.15096
v 6.68189 50.20000 146.40147
v 6.19159 45.80000 92.40778
v 8.22459 45.80000 90.87580
v 8.22459 50.20000 90.87580
v 6.19159 50.20000 92.40778
v -1.24025 45.80000 145.28809
v 0.29172 45.80000 147.32108
v 0.29172 50.20000 147.32108
v -1.24025 50.20000 145.28809
v 14.11374 45.80000 93.52116
v 12.58177 45.80000 91.48817
v 12.58177 50.20000 91.48817
v 14.11374 50.20000 93.52116
v 6.68189 45.80000 146.40147
v 4.64890 45.80000 147.93345
v 4.64890 50.20000 147.93345
v 6.68189 50.20000 146.40147
v 7.97407 44.00000 92.65829
v 8.22459 45.80000 90.87580
v 12.58177 45.80000 91.48817
v 12.33125 44.00000 93.27065
v 0.54223 44.00000 145.53860
v 0.29172 45.80000 147.32108
v 4.64890 45.80000 147.93345
v 4.89941 44.00000 146.15096
v 7.97407 52.00000 92.65829
v 8.22459 50.20000 90.87580
v 12.58177 50.20000 91.48817
v 12.33125 52.00000 93.27065
v 0.54223 52.00000 145.53860
v 0.29172 50.20000 147.32108
v 4.64890 50.20000 147.93345
v 4.89941 52.00000 146.15096
v 6.19159 45.80000 92.40778
v 7.97407 44.00000 92.65829
v 8.22459 45.80000 90.87580
v -1.24025 45.80000 145.28809
v 0.54223 44.00000 145.53860
v 0.29172 45.80000 147.32108
v 6.19159 50.20000 92.40778
v 7.97407 52.00000 92.65829
v 8.22459 50.20000 90.87580
v -1.24025 50.20000 145.28809
v 0.54223 52.00000 145.53860
v 0.29172 50.20000 147.32108
v 14.11374 45.80000 93.52116
v 12.33125 44.00000 93.27065
v 12.58177 45.80000 91.48817
v 6.68189 45.80000 146.40147
v 4.89941 44.00000 146.15096
v 4.64890 45.80000 147.93345
v 14.11374 50.20000 93.52116
v 12.33125 52.00000 93.27065
v 12.58177 50.20000 91.48817
v 6.68189 50.20000 146.40147
v 4.89941 52.00000 146.15096
v 4.64890 50.20000 147.93345
vt 0.000000 1.000000
vt 1.000000 1.000000
vt 1.000000 0.000000
vt 0.000000 0.000000
vt 0.630404 0.000000
vt 1.000000 0.011448
vt 0.369596 1.000000
vt 0.000000 0.988552
vt 0.000000 1.000000
vt 1.000000 1.000000
vt 1.000000 0.000000
vt 0.000000 0.000000
vt 0.000000 0.000000
vt 1.000000 0.000000
vt 1.000000 1.000000
vt 0.000000 1.000000
vt 0.000000 0.988552
vt 0.369596 1.000000
vt 1.000000 0.011448
vt 0.630404 0.000000
vt 0.000000 0.000000
vt 1.000000 0.000000
vt 1.000000 1.000000
vt 0.000000 1.000000
vt 0.806553 0.000000
vt 1.000000 0.004715
vt 0.193447 1.000000
vt 0.000000 0.995285
vt 0.000000 0.995285
vt 0.193447 1.000000
vt 1.000000 0.004715
vt 0.806553 0.000000
vt 0.193447 1.000000
vt 0.000000 0.995285
vt 0.806553 0.000000
vt 1.000000 0.004715
vt 1.000000 0.004715
vt 0.806553 0.000000
vt 0.000000 0.995285
vt 0.193447 1.000000
vt 0.000000 1.000000
vt 1.000000 1.000000
vt 1.000000 0.000000
vt 0.000000 0.000000
vt 0.000000 0.000000
vt 0.000000 1.000000
vt 1.000000 1.000000
vt 1.000000 0.000000
vt 0.000000 1.000000
vt 0.000000 0.000000
vt 1.000000 0.000000
vt 1.000000 1.000000
vt 1.000000 1.000000
vt 0.000000 1.000000
vt 0.000000 0.000000
vt 1.000000 0.000000
vt 0.000000 0.744300
vt 0.054368 0.000000
vt 1.000000 0.255700
vt 0.945632 1.000000
vt 1.000000 0.255700
vt 0.945632 1.000000
vt 0.000000 0.744300
vt 0.054368 0.000000
vt 0.945632 1.000000
vt 1.000000 0.255700
vt 0.054368 0.000000
vt 0.000000 0.744300
vt 0.054368 0.000000
vt 0.000000 0.744300
vt 0.945632 1.000000
vt 1.000000 0.255700
vt 1.000000 1.000000
vt 0.876777 0.000000
vt 0.000000 1.000000
vt 1.000000 0.000000
vt 0.000000 0.123223
vt 1.000000 1.000000
vt 0.000000 0.000000
vt 0.876777 1.000000
vt 1.000000 0.000000
vt 0.000000 1.000000
vt 1.000000 0.123223
vt 0.000000 0.000000
vt 1.000000 1.000000
vt 0.000000 0.876777
vt 1.000000 0.000000
vt 0.000000 1.000000
vt 0.123223 0.000000
vt 1.000000 1.000000
vt 0.000000 0.000000
vt 1.000000 0.876777
vt 0.000000 1.000000
vt 1.000000 0.000000
vt 0.123223 1.000000
vt 0.000000 0.000000
f 4280/5533 4279/5534 4278/5535 4277/5536
f 4281/5537 4282/5538 4283/5539 4284/5540
f 4288/5541 4287/5542 4286/5543 4285/5544
f 4289/5545 4290/5546 4291/5547 4292/5548
f 4296/5549 4295/5550 4294/5551 4293/5552
f 4297/5553 4298/5554 4299/5555 4300/5556
f 4301/5557 4302/5558 4303/5559 4304/5560
f 4308/5561 4307/5562 4306/5563 4305/5564
f 4312/5565 4311/5566 4310/5567 4309/5568
f 4313/5569 4314/5570 4315/5571 4316/5572
f 4320/5573 4319/5574 4318/5575 4317/5576
f 4321/5577 4322/5578 4323/5579 4324/5580
f 4325/5581 4326/5582 4327/5583 4328/5584
f 4332/5585 4331/5586 4330/5587 4329/5588
f 4333/5589 4334/5590 4335/5591 4336/5592
f 4340/5593 4339/5594 4338/5595 4337/5596
f 4344/5597 4343/5598 4342/5599 4341/5600
f 4345/5601 4346/5602 4347/5603 4348/5604
f 4351/5605 4350/5606 4349/5607
f 4352/5608 4353/5609 4354/5610
f 4355/5611 4356/5612 4357/5613
f 4360/5614 4359/5615 4358/5616
f 4361/5617 4362/5618 4363/5619
f 4366/5620 4365/5621 4364/5622
f 4369/5623 4368/5624 4367/5625
f 4370/5626 4371/5627 4372/5628
o PillarArmorRight
usemtl SFP_R2_Accent
v 11.60996 43.67500 104.15115
v 11.60996 52.32500 104.15115
v 7.76182 52.32500 131.53206
v 7.76182 43.67500 131.53206
v 12.27839 43.00000 104.24509
v 13.91233 43.00000 104.47473
v 10.06420 43.00000 131.85564
v 8.43026 43.00000 131.62601
v 12.37233 43.67500 103.57666
v 14.00628 43.67500 103.80630
v 14.00628 52.32500 103.80630
v 12.37233 52.32500 103.57666
v 14.58077 43.67500 104.56867
v 14.58077 52.32500 104.56867
v 10.73263 52.32500 131.94958
v 10.73263 43.67500 131.94958
v 12.27839 53.00000 104.24509
v 13.91233 53.00000 104.47473
v 10.06420 53.00000 131.85564
v 8.43026 53.00000 131.62601
v 8.33631 43.67500 132.29444
v 9.97026 43.67500 132.52407
v 9.97026 52.32500 132.52407
v 8.33631 52.32500 132.29444
v 11.60996 43.67500 104.15115
v 12.27839 43.00000 104.24509
v 8.43026 43.00000 131.62601
v 7.76182 43.67500 131.53206
v 11.60996 52.32500 104.15115
v 12.27839 53.00000 104.24509
v 8.43026 53.00000 131.62601
v 7.76182 52.32500 131.53206
v 14.58077 43.67500 104.56867
v 13.91233 43.00000 104.47473
v 10.06420 43.00000 131.85564
v 10.73263 43.67500 131.94958
v 14.58077 52.32500 104.56867
v 13.91233 53.00000 104.47473
v 10.06420 53.00000 131.85564
v 10.73263 52.32500 131.94958
v 11.60996 43.67500 104.15115
v 12.37233 43.67500 103.57666
v 12.37233 52.32500 103.57666
v 11.60996 52.32500 104.15115
v 7.76182 43.67500 131.53206
v 8.33631 43.67500 132.29444
v 8.33631 52.32500 132.29444
v 7.76182 52.32500 131.53206
v 14.58077 43.67500 104.56867
v 14.00628 43.67500 103.80630
v 14.00628 52.32500 103.80630
v 14.58077 52.32500 104.56867
v 10.73263 43.67500 131.94958
v 9.97026 43.67500 132.52407
v 9.97026 52.32500 132.52407
v 10.73263 52.32500 131.94958
v 12.27839 43.00000 104.24509
v 12.37233 43.67500 103.57666
v 14.00628 43.67500 103.80630
v 13.91233 43.00000 104.47473
v 8.43026 43.00000 131.62601
v 8.33631 43.67500 132.29444
v 9.97026 43.67500 132.52407
v 10.06420 43.00000 131.85564
v 12.27839 53.00000 104.24509
v 12.37233 52.32500 103.57666
v 14.00628 52.32500 103.80630
v 13.91233 53.00000 104.47473
v 8.43026 53.00000 131.62601
v 8.33631 52.32500 132.29444
v 9.97026 52.32500 132.52407
v 10.06420 53.00000 131.85564
v 11.60996 43.67500 104.15115
v 12.27839 43.00000 104.24509
v 12.37233 43.67500 103.57666
v 7.76182 43.67500 131.53206
v 8.43026 43.00000 131.62601
v 8.33631 43.67500 132.29444
v 11.60996 52.32500 104.15115
v 12.27839 53.00000 104.24509
v 12.37233 52.32500 103.57666
v 7.76182 52.32500 131.53206
v 8.43026 53.00000 131.62601
v 8.33631 52.32500 132.29444
v 14.58077 43.67500 104.56867
v 13.91233 43.00000 104.47473
v 14.00628 43.67500 103.80630
v 10.73263 43.67500 131.94958
v 10.06420 43.00000 131.85564
v 9.97026 43.67500 132.52407
v 14.58077 52.32500 104.56867
v 13.91233 53.00000 104.47473
v 14.00628 52.32500 103.80630
v 10.73263 52.32500 131.94958
v 10.06420 53.00000 131.85564
v 9.97026 52.32500 132.52407
vt 0.000000 1.000000
vt 1.000000 1.000000
vt 1.000000 0.000000
vt 0.000000 0.000000
vt 0.701948 0.000000
vt 1.000000 0.008317
vt 0.298052 1.000000
vt 0.000000 0.991683
vt 0.000000 1.000000
vt 1.000000 1.000000
vt 1.000000 0.000000
vt 0.000000 0.000000
vt 0.000000 0.000000
vt 1.000000 0.000000
vt 1.000000 1.000000
vt 0.000000 1.000000
vt 0.000000 0.991683
vt 0.298052 1.000000
vt 1.000000 0.008317
vt 0.701948 0.000000
vt 0.000000 0.000000
vt 1.000000 0.000000
vt 1.000000 1.000000
vt 0.000000 1.000000
vt 0.852005 0.000000
vt 1.000000 0.003419
vt 0.147995 1.000000
vt 0.000000 0.996581
vt 0.000000 0.996581
vt 0.147995 1.000000
vt 1.000000 0.003419
vt 0.852005 0.000000
vt 0.147995 1.000000
vt 0.000000 0.996581
vt 0.852005 0.000000
vt 1.000000 0.003419
vt 1.000000 0.003419
vt 0.852005 0.000000
vt 0.000000 0.996581
vt 0.147995 1.000000
vt 0.000000 1.000000
vt 1.000000 1.000000
vt 1.000000 0.000000
vt 0.000000 0.000000
vt 0.000000 0.000000
vt 0.000000 1.000000
vt 1.000000 1.000000
vt 1.000000 0.000000
vt 0.000000 1.000000
vt 0.000000 0.000000
vt 1.000000 0.000000
vt 1.000000 1.000000
vt 1.000000 1.000000
vt 0.000000 1.000000
vt 0.000000 0.000000
vt 1.000000 0.000000
vt 0.000000 0.744300
vt 0.054368 0.000000
vt 1.000000 0.255700
vt 0.945632 1.000000
vt 1.000000 0.255700
vt 0.945632 1.000000
vt 0.000000 0.744300
vt 0.054368 0.000000
vt 0.945632 1.000000
vt 1.000000 0.255700
vt 0.054368 0.000000
vt 0.000000 0.744300
vt 0.054368 0.000000
vt 0.000000 0.744300
vt 0.945632 1.000000
vt 1.000000 0.255700
vt 1.000000 1.000000
vt 0.876777 0.000000
vt 0.000000 1.000000
vt 1.000000 0.000000
vt 0.000000 0.123223
vt 1.000000 1.000000
vt 0.000000 0.000000
vt 0.876777 1.000000
vt 1.000000 0.000000
vt 0.000000 1.000000
vt 1.000000 0.123223
vt 0.000000 0.000000
vt 1.000000 1.000000
vt 0.000000 0.876777
vt 1.000000 0.000000
vt 0.000000 1.000000
vt 0.123223 0.000000
vt 1.000000 1.000000
vt 0.000000 0.000000
vt 1.000000 0.876777
vt 0.000000 1.000000
vt 1.000000 0.000000
vt 0.123223 1.000000
vt 0.000000 0.000000
f 4376/5629 4375/5630 4374/5631 4373/5632
f 4377/5633 4378/5634 4379/5635 4380/5636
f 4384/5637 4383/5638 4382/5639 4381/5640
f 4385/5641 4386/5642 4387/5643 4388/5644
f 4392/5645 4391/5646 4390/5647 4389/5648
f 4393/5649 4394/5650 4395/5651 4396/5652
f 4397/5653 4398/5654 4399/5655 4400/5656
f 4404/5657 4403/5658 4402/5659 4401/5660
f 4408/5661 4407/5662 4406/5663 4405/5664
f 4409/5665 4410/5666 4411/5667 4412/5668
f 4416/5669 4415/5670 4414/5671 4413/5672
f 4417/5673 4418/5674 4419/5675 4420/5676
f 4421/5677 4422/5678 4423/5679 4424/5680
f 4428/5681 4427/5682 4426/5683 4425/5684
f 4429/5685 4430/5686 4431/5687 4432/5688
f 4436/5689 4435/5690 4434/5691 4433/5692
f 4440/5693 4439/5694 4438/5695 4437/5696
f 4441/5697 4442/5698 4443/5699 4444/5700
f 4447/5701 4446/5702 4445/5703
f 4448/5704 4449/5705 4450/5706
f 4451/5707 4452/5708 4453/5709
f 4456/5710 4455/5711 4454/5712
f 4457/5713 4458/5714 4459/5715
f 4462/5716 4461/5717 4460/5718
f 4465/5719 4464/5720 4463/5721
f 4466/5722 4467/5723 4468/5724
o PillarBoltRightUpper
usemtl SFP_R2_Metal
v 9.75280 46.65000 141.07705
v 9.75280 46.83087 140.40205
v 9.75280 47.32500 139.90791
v 9.75280 48.00000 139.72705
v 9.75280 48.67500 139.90791
v 9.75280 49.16913 140.40205
v 9.75280 49.35000 141.07705
v 9.75280 49.16913 141.75205
v 9.75280 48.67500 142.24618
v 9.75280 48.00000 142.42705
v 9.75280 47.32500 142.24618
v 9.75280 46.83087 141.75205
v 11.75280 46.65000 141.07705
v 11.75280 46.83087 140.40205
v 11.75280 47.32500 139.90791
v 11.75280 48.00000 139.72705
v 11.75280 48.67500 139.90791
v 11.75280 49.16913 140.40205
v 11.75280 49.35000 141.07705
v 11.75280 49.16913 141.75205
v 11.75280 48.67500 142.24618
v 11.75280 48.00000 142.42705
v 11.75280 47.32500 142.24618
v 11.75280 46.83087 141.75205
vt 0.066987 0.750000
vt 0.250000 0.933013
vt 0.500000 1.000000
vt 0.750000 0.933013
vt 0.933013 0.750000
vt 1.000000 0.500000
vt 0.933013 0.250000
vt 0.750000 0.066987
vt 0.500000 0.000000
vt 0.250000 0.066987
vt 0.066987 0.250000
vt 0.000000 0.500000
vt 0.000000 0.500000
vt 0.066987 0.250000
vt 0.250000 0.066987
vt 0.500000 0.000000
vt 0.750000 0.066987
vt 0.933013 0.250000
vt 1.000000 0.500000
vt 0.933013 0.750000
vt 0.750000 0.933013
vt 0.500000 1.000000
vt 0.250000 0.933013
vt 0.066987 0.750000
vt 0.000000 1.000000
vt 1.000000 1.000000
vt 1.000000 0.000000
vt 0.000000 0.000000
vt 0.000000 0.000000
vt 1.000000 0.000000
vt 1.000000 1.000000
vt 0.000000 1.000000
vt 0.000000 0.000000
vt 1.000000 0.000000
vt 1.000000 1.000000
vt 0.000000 1.000000
vt 0.000000 0.000000
vt 1.000000 0.000000
vt 1.000000 1.000000
vt 0.000000 1.000000
vt 0.000000 0.000000
vt 1.000000 0.000000
vt 1.000000 1.000000
vt 0.000000 1.000000
vt 0.000000 0.000000
vt 1.000000 0.000000
vt 1.000000 1.000000
vt 0.000000 1.000000
vt 0.000000 0.000000
vt 1.000000 0.000000
vt 1.000000 1.000000
vt 0.000000 1.000000
vt 0.000000 1.000000
vt 1.000000 1.000000
vt 1.000000 0.000000
vt 0.000000 0.000000
vt 0.000000 1.000000
vt 1.000000 1.000000
vt 1.000000 0.000000
vt 0.000000 0.000000
vt 0.000000 1.000000
vt 1.000000 1.000000
vt 1.000000 0.000000
vt 0.000000 0.000000
vt 0.000000 1.000000
vt 1.000000 1.000000
vt 1.000000 0.000000
vt 0.000000 0.000000
vt 0.000000 1.000000
vt 1.000000 1.000000
vt 1.000000 0.000000
vt 0.000000 0.000000
f 4480/5725 4479/5726 4478/5727 4477/5728 4476/5729 4475/5730 4474/5731 4473/5732 4472/5733 4471/5734 4470/5735 4469/5736
f 4481/5737 4482/5738 4483/5739 4484/5740 4485/5741 4486/5742 4487/5743 4488/5744 4489/5745 4490/5746 4491/5747 4492/5748
f 4469/5749 4481/5750 4482/5751 4470/5752
f 4470/5753 4482/5754 4483/5755 4471/5756
f 4471/5757 4483/5758 4484/5759 4472/5760
f 4472/5761 4484/5762 4485/5763 4473/5764
f 4473/5765 4485/5766 4486/5767 4474/5768
f 4474/5769 4486/5770 4487/5771 4475/5772
f 4475/5773 4487/5774 4488/5775 4476/5776
f 4476/5777 4488/5778 4489/5779 4477/5780
f 4477/5781 4489/5782 4490/5783 4478/5784
f 4478/5785 4490/5786 4491/5787 4479/5788
f 4479/5789 4491/5790 4492/5791 4480/5792
f 4480/5793 4492/5794 4481/5795 4469/5796
o PillarBoltRightLower
usemtl SFP_R2_Metal
v 15.59807 46.65000 99.48579
v 15.59807 46.83087 98.81079
v 15.59807 47.32500 98.31665
v 15.59807 48.00000 98.13579
v 15.59807 48.67500 98.31665
v 15.59807 49.16913 98.81079
v 15.59807 49.35000 99.48579
v 15.59807 49.16913 100.16079
v 15.59807 48.67500 100.65492
v 15.59807 48.00000 100.83579
v 15.59807 47.32500 100.65492
v 15.59807 46.83087 100.16079
v 17.59807 46.65000 99.48579
v 17.59807 46.83087 98.81079
v 17.59807 47.32500 98.31665
v 17.59807 48.00000 98.13579
v 17.59807 48.67500 98.31665
v 17.59807 49.16913 98.81079
v 17.59807 49.35000 99.48579
v 17.59807 49.16913 100.16079
v 17.59807 48.67500 100.65492
v 17.59807 48.00000 100.83579
v 17.59807 47.32500 100.65492
v 17.59807 46.83087 100.16079
vt 0.066987 0.750000
vt 0.250000 0.933013
vt 0.500000 1.000000
vt 0.750000 0.933013
vt 0.933013 0.750000
vt 1.000000 0.500000
vt 0.933013 0.250000
vt 0.750000 0.066987
vt 0.500000 0.000000
vt 0.250000 0.066987
vt 0.066987 0.250000
vt 0.000000 0.500000
vt 0.000000 0.500000
vt 0.066987 0.250000
vt 0.250000 0.066987
vt 0.500000 0.000000
vt 0.750000 0.066987
vt 0.933013 0.250000
vt 1.000000 0.500000
vt 0.933013 0.750000
vt 0.750000 0.933013
vt 0.500000 1.000000
vt 0.250000 0.933013
vt 0.066987 0.750000
vt 0.000000 1.000000
vt 1.000000 1.000000
vt 1.000000 0.000000
vt 0.000000 0.000000
vt 0.000000 1.000000
vt 1.000000 1.000000
vt 1.000000 0.000000
vt 0.000000 0.000000
vt 0.000000 0.000000
vt 1.000000 0.000000
vt 1.000000 1.000000
vt 0.000000 1.000000
vt 0.000000 0.000000
vt 1.000000 0.000000
vt 1.000000 1.000000
vt 0.000000 1.000000
vt 0.000000 0.000000
vt 1.000000 0.000000
vt 1.000000 1.000000
vt 0.000000 1.000000
vt 0.000000 0.000000
vt 1.000000 0.000000
vt 1.000000 1.000000
vt 0.000000 1.000000
vt 0.000000 0.000000
vt 1.000000 0.000000
vt 1.000000 1.000000
vt 0.000000 1.000000
vt 0.000000 0.000000
vt 1.000000 0.000000
vt 1.000000 1.000000
vt 0.000000 1.000000
vt 0.000000 1.000000
vt 1.000000 1.000000
vt 1.000000 0.000000
vt 0.000000 0.000000
vt 0.000000 1.000000
vt 1.000000 1.000000
vt 1.000000 0.000000
vt 0.000000 0.000000
vt 0.000000 1.000000
vt 1.000000 1.000000
vt 1.000000 0.000000
vt 0.000000 0.000000
vt 0.000000 1.000000
vt 1.000000 1.000000
vt 1.000000 0.000000
vt 0.000000 0.000000
f 4504/5797 4503/5798 4502/5799 4501/5800 4500/5801 4499/5802 4498/5803 4497/5804 4496/5805 4495/5806 4494/5807 4493/5808
f 4505/5809 4506/5810 4507/5811 4508/5812 4509/5813 4510/5814 4511/5815 4512/5816 4513/5817 4514/5818 4515/5819 4516/5820
f 4493/5821 4505/5822 4506/5823 4494/5824
f 4494/5825 4506/5826 4507/5827 4495/5828
f 4495/5829 4507/5830 4508/5831 4496/5832
f 4496/5833 4508/5834 4509/5835 4497/5836
f 4497/5837 4509/5838 4510/5839 4498/5840
f 4498/5841 4510/5842 4511/5843 4499/5844
f 4499/5845 4511/5846 4512/5847 4500/5848
f 4500/5849 4512/5850 4513/5851 4501/5852
f 4501/5853 4513/5854 4514/5855 4502/5856
f 4502/5857 4514/5858 4515/5859 4503/5860
f 4503/5861 4515/5862 4516/5863 4504/5864
f 4504/5865 4516/5866 4505/5867 4493/5868
o MonitorTopHood
usemtl SFP_R2_Metal
v -13.16763 -56.42500 147.52489
v -13.16763 56.42500 147.52489
v -13.70345 56.42500 151.33742
v -13.70345 -56.42500 151.33742
v -11.60796 -58.00000 147.74409
v 1.11699 -58.00000 149.53246
v 0.58117 -58.00000 153.34499
v -12.14377 -58.00000 151.55662
v -11.38876 -56.42500 146.18441
v 1.33618 -56.42500 147.97279
v 1.33618 56.42500 147.97279
v -11.38876 56.42500 146.18441
v 2.67666 -56.42500 149.75166
v 2.67666 56.42500 149.75166
v 2.14084 56.42500 153.56419
v 2.14084 -56.42500 153.56419
v -11.60796 58.00000 147.74409
v 1.11699 58.00000 149.53246
v 0.58117 58.00000 153.34499
v -12.14377 58.00000 151.55662
v -12.36297 -56.42500 153.11629
v 0.36197 -56.42500 154.90466
v 0.36197 56.42500 154.90466
v -12.36297 56.42500 153.11629
v -13.16763 -56.42500 147.52489
v -11.60796 -58.00000 147.74409
v -12.14377 -58.00000 151.55662
v -13.70345 -56.42500 151.33742
v -13.16763 56.42500 147.52489
v -11.60796 58.00000 147.74409
v -12.14377 58.00000 151.55662
v -13.70345 56.42500 151.33742
v 2.67666 -56.42500 149.75166
v 1.11699 -58.00000 149.53246
v 0.58117 -58.00000 153.34499
v 2.14084 -56.42500 153.56419
v 2.67666 56.42500 149.75166
v 1.11699 58.00000 149.53246
v 0.58117 58.00000 153.34499
v 2.14084 56.42500 153.56419
v -13.16763 -56.42500 147.52489
v -11.38876 -56.42500 146.18441
v -11.38876 56.42500 146.18441
v -13.16763 56.42500 147.52489
v -13.70345 -56.42500 151.33742
v -12.36297 -56.42500 153.11629
v -12.36297 56.42500 153.11629
v -13.70345 56.42500 151.33742
v 2.67666 -56.42500 149.75166
v 1.33618 -56.42500 147.97279
v 1.33618 56.42500 147.97279
v 2.67666 56.42500 149.75166
v 2.14084 -56.42500 153.56419
v 0.36197 -56.42500 154.90466
v 0.36197 56.42500 154.90466
v 2.14084 56.42500 153.56419
v -11.60796 -58.00000 147.74409
v -11.38876 -56.42500 146.18441
v 1.33618 -56.42500 147.97279
v 1.11699 -58.00000 149.53246
v -12.14377 -58.00000 151.55662
v -12.36297 -56.42500 153.11629
v 0.36197 -56.42500 154.90466
v 0.58117 -58.00000 153.34499
v -11.60796 58.00000 147.74409
v -11.38876 56.42500 146.18441
v 1.33618 56.42500 147.97279
v 1.11699 58.00000 149.53246
v -12.14377 58.00000 151.55662
v -12.36297 56.42500 153.11629
v 0.36197 56.42500 154.90466
v 0.58117 58.00000 153.34499
v -13.16763 -56.42500 147.52489
v -11.60796 -58.00000 147.74409
v -11.38876 -56.42500 146.18441
v -13.70345 -56.42500 151.33742
v -12.14377 -58.00000 151.55662
v -12.36297 -56.42500 153.11629
v -13.16763 56.42500 147.52489
v -11.60796 58.00000 147.74409
v -11.38876 56.42500 146.18441
v -13.70345 56.42500 151.33742
v -12.14377 58.00000 151.55662
v -12.36297 56.42500 153.11629
v 2.67666 -56.42500 149.75166
v 1.11699 -58.00000 149.53246
v 1.33618 -56.42500 147.97279
v 2.14084 -56.42500 153.56419
v 0.58117 -58.00000 153.34499
v 0.36197 -56.42500 154.90466
v 2.67666 56.42500 149.75166
v 1.11699 58.00000 149.53246
v 1.33618 56.42500 147.97279
v 2.14084 56.42500 153.56419
v 0.58117 58.00000 153.34499
v 0.36197 56.42500 154.90466
vt 0.000000 1.000000
vt 1.000000 1.000000
vt 1.000000 0.000000
vt 0.000000 0.000000
vt 0.040406 0.000000
vt 1.000000 0.319301
vt 0.959594 1.000000
vt 0.000000 0.680699
vt 0.000000 1.000000
vt 1.000000 1.000000
vt 1.000000 0.000000
vt 0.000000 0.000000
vt 0.000000 0.000000
vt 1.000000 0.000000
vt 1.000000 1.000000
vt 0.000000 1.000000
vt 0.000000 0.680699
vt 0.959594 1.000000
vt 1.000000 0.319301
vt 0.040406 0.000000
vt 0.000000 0.000000
vt 1.000000 0.000000
vt 1.000000 1.000000
vt 0.000000 1.000000
vt 0.255700 0.000000
vt 1.000000 0.054368
vt 0.744300 1.000000
vt 0.000000 0.945632
vt 0.000000 0.945632
vt 0.744300 1.000000
vt 1.000000 0.054368
vt 0.255700 0.000000
vt 0.744300 1.000000
vt 0.000000 0.945632
vt 0.255700 0.000000
vt 1.000000 0.054368
vt 1.000000 0.054368
vt 0.255700 0.000000
vt 0.000000 0.945632
vt 0.744300 1.000000
vt 0.000000 1.000000
vt 1.000000 1.000000
vt 1.000000 0.000000
vt 0.000000 0.000000
vt 0.000000 0.000000
vt 0.000000 1.000000
vt 1.000000 1.000000
vt 1.000000 0.000000
vt 0.000000 1.000000
vt 0.000000 0.000000
vt 1.000000 0.000000
vt 1.000000 1.000000
vt 1.000000 1.000000
vt 0.000000 1.000000
vt 0.000000 0.000000
vt 1.000000 0.000000
vt 0.000000 0.465845
vt 0.016934 0.000000
vt 1.000000 0.534155
vt 0.983066 1.000000
vt 1.000000 0.534155
vt 0.983066 1.000000
vt 0.000000 0.465845
vt 0.016934 0.000000
vt 0.983066 1.000000
vt 1.000000 0.534155
vt 0.016934 0.000000
vt 0.000000 0.465845
vt 0.016934 0.000000
vt 0.000000 0.465845
vt 0.983066 1.000000
vt 1.000000 0.534155
vt 1.000000 1.000000
vt 0.876777 0.000000
vt 0.000000 1.000000
vt 1.000000 0.000000
vt 0.000000 0.123223
vt 1.000000 1.000000
vt 0.000000 0.000000
vt 0.876777 1.000000
vt 1.000000 0.000000
vt 0.000000 1.000000
vt 1.000000 0.123223
vt 0.000000 0.000000
vt 1.000000 1.000000
vt 0.000000 0.876777
vt 1.000000 0.000000
vt 0.000000 1.000000
vt 0.123223 0.000000
vt 1.000000 1.000000
vt 0.000000 0.000000
vt 1.000000 0.876777
vt 0.000000 1.000000
vt 1.000000 0.000000
vt 0.123223 1.000000
vt 0.000000 0.000000
f 4520/5869 4519/5870 4518/5871 4517/5872
f 4521/5873 4522/5874 4523/5875 4524/5876
f 4528/5877 4527/5878 4526/5879 4525/5880
f 4529/5881 4530/5882 4531/5883 4532/5884
f 4536/5885 4535/5886 4534/5887 4533/5888
f 4537/5889 4538/5890 4539/5891 4540/5892
f 4541/5893 4542/5894 4543/5895 4544/5896
f 4548/5897 4547/5898 4546/5899 4545/5900
f 4552/5901 4551/5902 4550/5903 4549/5904
f 4553/5905 4554/5906 4555/5907 4556/5908
f 4560/5909 4559/5910 4558/5911 4557/5912
f 4561/5913 4562/5914 4563/5915 4564/5916
f 4565/5917 4566/5918 4567/5919 4568/5920
f 4572/5921 4571/5922 4570/5923 4569/5924
f 4573/5925 4574/5926 4575/5927 4576/5928
f 4580/5929 4579/5930 4578/5931 4577/5932
f 4584/5933 4583/5934 4582/5935 4581/5936
f 4585/5937 4586/5938 4587/5939 4588/5940
f 4591/5941 4590/5942 4589/5943
f 4592/5944 4593/5945 4594/5946
f 4595/5947 4596/5948 4597/5949
f 4600/5950 4599/5951 4598/5952
f 4601/5953 4602/5954 4603/5955
f 4606/5956 4605/5957 4604/5958
f 4609/5959 4608/5960 4607/5961
f 4610/5962 4611/5963 4612/5964
o HoodWorkLight
usemtl SFP_R2_Accent
v 2.12131 -32.05000 146.51790
v 2.12131 32.05000 146.51790
v 1.91255 32.05000 148.00330
v 1.91255 -32.05000 148.00330
v 2.56693 -32.50000 146.58052
v 3.65622 -32.50000 146.73362
v 3.44746 -32.50000 148.21902
v 2.35817 -32.50000 148.06593
v 2.62956 -32.05000 146.13490
v 3.71885 -32.05000 146.28799
v 3.71885 32.05000 146.28799
v 2.62956 32.05000 146.13490
v 4.10184 -32.05000 146.79624
v 4.10184 32.05000 146.79624
v 3.89308 32.05000 148.28165
v 3.89308 -32.05000 148.28165
v 2.56693 32.50000 146.58052
v 3.65622 32.50000 146.73362
v 3.44746 32.50000 148.21902
v 2.35817 32.50000 148.06593
v 2.29554 -32.05000 148.51155
v 3.38483 -32.05000 148.66464
v 3.38483 32.05000 148.66464
v 2.29554 32.05000 148.51155
v 2.12131 -32.05000 146.51790
v 2.56693 -32.50000 146.58052
v 2.35817 -32.50000 148.06593
v 1.91255 -32.05000 148.00330
v 2.12131 32.05000 146.51790
v 2.56693 32.50000 146.58052
v 2.35817 32.50000 148.06593
v 1.91255 32.05000 148.00330
v 4.10184 -32.05000 146.79624
v 3.65622 -32.50000 146.73362
v 3.44746 -32.50000 148.21902
v 3.89308 -32.05000 148.28165
v 4.10184 32.05000 146.79624
v 3.65622 32.50000 146.73362
v 3.44746 32.50000 148.21902
v 3.89308 32.05000 148.28165
v 2.12131 -32.05000 146.51790
v 2.62956 -32.05000 146.13490
v 2.62956 32.05000 146.13490
v 2.12131 32.05000 146.51790
v 1.91255 -32.05000 148.00330
v 2.29554 -32.05000 148.51155
v 2.29554 32.05000 148.51155
v 1.91255 32.05000 148.00330
v 4.10184 -32.05000 146.79624
v 3.71885 -32.05000 146.28799
v 3.71885 32.05000 146.28799
v 4.10184 32.05000 146.79624
v 3.89308 -32.05000 148.28165
v 3.38483 -32.05000 148.66464
v 3.38483 32.05000 148.66464
v 3.89308 32.05000 148.28165
v 2.56693 -32.50000 146.58052
v 2.62956 -32.05000 146.13490
v 3.71885 -32.05000 146.28799
v 3.65622 -32.50000 146.73362
v 2.35817 -32.50000 148.06593
v 2.29554 -32.05000 148.51155
v 3.38483 -32.05000 148.66464
v 3.44746 -32.50000 148.21902
v 2.56693 32.50000 146.58052
v 2.62956 32.05000 146.13490
v 3.71885 32.05000 146.28799
v 3.65622 32.50000 146.73362
v 2.35817 32.50000 148.06593
v 2.29554 32.05000 148.51155
v 3.38483 32.05000 148.66464
v 3.44746 32.50000 148.21902
v 2.12131 -32.05000 146.51790
v 2.56693 -32.50000 146.58052
v 2.62956 -32.05000 146.13490
v 1.91255 -32.05000 148.00330
v 2.35817 -32.50000 148.06593
v 2.29554 -32.05000 148.51155
v 2.12131 32.05000 146.51790
v 2.56693 32.50000 146.58052
v 2.62956 32.05000 146.13490
v 1.91255 32.05000 148.00330
v 2.35817 32.50000 148.06593
v 2.29554 32.05000 148.51155
v 4.10184 -32.05000 146.79624
v 3.65622 -32.50000 146.73362
v 3.71885 -32.05000 146.28799
v 3.89308 -32.05000 148.28165
v 3.44746 -32.50000 148.21902
v 3.38483 -32.05000 148.66464
v 4.10184 32.05000 146.79624
v 3.65622 32.50000 146.73362
v 3.71885 32.05000 146.28799
v 3.89308 32.05000 148.28165
v 3.44746 32.50000 148.21902
v 3.38483 32.05000 148.66464
vt 0.000000 1.000000
vt 1.000000 1.000000
vt 1.000000 0.000000
vt 0.000000 0.000000
vt 0.160825 0.000000
vt 1.000000 0.093434
vt 0.839175 1.000000
vt 0.000000 0.906566
vt 0.000000 1.000000
vt 1.000000 1.000000
vt 1.000000 0.000000
vt 0.000000 0.000000
vt 0.000000 0.000000
vt 1.000000 0.000000
vt 1.000000 1.000000
vt 0.000000 1.000000
vt 0.000000 0.906566
vt 0.839175 1.000000
vt 1.000000 0.093434
vt 0.160825 0.000000
vt 0.000000 0.000000
vt 1.000000 0.000000
vt 1.000000 1.000000
vt 0.000000 1.000000
vt 0.319019 0.000000
vt 1.000000 0.040457
vt 0.680981 1.000000
vt 0.000000 0.959543
vt 0.000000 0.959543
vt 0.680981 1.000000
vt 1.000000 0.040457
vt 0.319019 0.000000
vt 0.680981 1.000000
vt 0.000000 0.959543
vt 0.319019 0.000000
vt 1.000000 0.040457
vt 1.000000 0.040457
vt 0.319019 0.000000
vt 0.000000 0.959543
vt 0.680981 1.000000
vt 0.000000 1.000000
vt 1.000000 1.000000
vt 1.000000 0.000000
vt 0.000000 0.000000
vt 0.000000 0.000000
vt 0.000000 1.000000
vt 1.000000 1.000000
vt 1.000000 0.000000
vt 0.000000 1.000000
vt 0.000000 0.000000
vt 1.000000 0.000000
vt 1.000000 1.000000
vt 1.000000 1.000000
vt 0.000000 1.000000
vt 0.000000 0.000000
vt 1.000000 0.000000
vt 0.000000 0.744300
vt 0.054368 0.000000
vt 1.000000 0.255700
vt 0.945632 1.000000
vt 1.000000 0.255700
vt 0.945632 1.000000
vt 0.000000 0.744300
vt 0.054368 0.000000
vt 0.945632 1.000000
vt 1.000000 0.255700
vt 0.054368 0.000000
vt 0.000000 0.744300
vt 0.054368 0.000000
vt 0.000000 0.744300
vt 0.945632 1.000000
vt 1.000000 0.255700
vt 1.000000 1.000000
vt 0.876777 0.000000
vt 0.000000 1.000000
vt 1.000000 0.000000
vt 0.000000 0.123223
vt 1.000000 1.000000
vt 0.000000 0.000000
vt 0.876777 1.000000
vt 1.000000 0.000000
vt 0.000000 1.000000
vt 1.000000 0.123223
vt 0.000000 0.000000
vt 1.000000 1.000000
vt 0.000000 0.876777
vt 1.000000 0.000000
vt 0.000000 1.000000
vt 0.123223 0.000000
vt 1.000000 1.000000
vt 0.000000 0.000000
vt 1.000000 0.876777
vt 0.000000 1.000000
vt 1.000000 0.000000
vt 0.123223 1.000000
vt 0.000000 0.000000
f 4616/5965 4615/5966 4614/5967 4613/5968
f 4617/5969 4618/5970 4619/5971 4620/5972
f 4624/5973 4623/5974 4622/5975 4621/5976
f 4625/5977 4626/5978 4627/5979 4628/5980
f 4632/5981 4631/5982 4630/5983 4629/5984
f 4633/5985 4634/5986 4635/5987 4636/5988
f 4637/5989 4638/5990 4639/5991 4640/5992
f 4644/5993 4643/5994 4642/5995 4641/5996
f 4648/5997 4647/5998 4646/5999 4645/6000
f 4649/6001 4650/6002 4651/6003 4652/6004
f 4656/6005 4655/6006 4654/6007 4653/6008
f 4657/6009 4658/6010 4659/6011 4660/6012
f 4661/6013 4662/6014 4663/6015 4664/6016
f 4668/6017 4667/6018 4666/6019 4665/6020
f 4669/6021 4670/6022 4671/6023 4672/6024
f 4676/6025 4675/6026 4674/6027 4673/6028
f 4680/6029 4679/6030 4678/6031 4677/6032
f 4681/6033 4682/6034 4683/6035 4684/6036
f 4687/6037 4686/6038 4685/6039
f 4688/6040 4689/6041 4690/6042
f 4691/6043 4692/6044 4693/6045
f 4696/6046 4695/6047 4694/6048
f 4697/6049 4698/6050 4699/6051
f 4702/6052 4701/6053 4700/6054
f 4705/6055 4704/6056 4703/6057
f 4706/6058 4707/6059 4708/6060
o MonitorLowerBezel
usemtl SFP_R2_Metal
v 13.39780 -44.32500 94.30414
v 13.39780 44.32500 94.30414
v 12.88982 44.32500 97.91862
v 12.88982 -44.32500 97.91862
v 14.06623 -45.00000 94.39808
v 15.70017 -45.00000 94.62772
v 15.19219 -45.00000 98.24220
v 13.55825 -45.00000 98.01256
v 14.16017 -44.32500 93.72965
v 15.79411 -44.32500 93.95929
v 15.79411 44.32500 93.95929
v 14.16017 44.32500 93.72965
v 16.36860 -44.32500 94.72166
v 16.36860 44.32500 94.72166
v 15.86062 44.32500 98.33614
v 15.86062 -44.32500 98.33614
v 14.06623 45.00000 94.39808
v 15.70017 45.00000 94.62772
v 15.19219 45.00000 98.24220
v 13.55825 45.00000 98.01256
v 13.46431 -44.32500 98.68099
v 15.09825 -44.32500 98.91063
v 15.09825 44.32500 98.91063
v 13.46431 44.32500 98.68099
v 13.39780 -44.32500 94.30414
v 14.06623 -45.00000 94.39808
v 13.55825 -45.00000 98.01256
v 12.88982 -44.32500 97.91862
v 13.39780 44.32500 94.30414
v 14.06623 45.00000 94.39808
v 13.55825 45.00000 98.01256
v 12.88982 44.32500 97.91862
v 16.36860 -44.32500 94.72166
v 15.70017 -45.00000 94.62772
v 15.19219 -45.00000 98.24220
v 15.86062 -44.32500 98.33614
v 16.36860 44.32500 94.72166
v 15.70017 45.00000 94.62772
v 15.19219 45.00000 98.24220
v 15.86062 44.32500 98.33614
v 13.39780 -44.32500 94.30414
v 14.16017 -44.32500 93.72965
v 14.16017 44.32500 93.72965
v 13.39780 44.32500 94.30414
v 12.88982 -44.32500 97.91862
v 13.46431 -44.32500 98.68099
v 13.46431 44.32500 98.68099
v 12.88982 44.32500 97.91862
v 16.36860 -44.32500 94.72166
v 15.79411 -44.32500 93.95929
v 15.79411 44.32500 93.95929
v 16.36860 44.32500 94.72166
v 15.86062 -44.32500 98.33614
v 15.09825 -44.32500 98.91063
v 15.09825 44.32500 98.91063
v 15.86062 44.32500 98.33614
v 14.06623 -45.00000 94.39808
v 14.16017 -44.32500 93.72965
v 15.79411 -44.32500 93.95929
v 15.70017 -45.00000 94.62772
v 13.55825 -45.00000 98.01256
v 13.46431 -44.32500 98.68099
v 15.09825 -44.32500 98.91063
v 15.19219 -45.00000 98.24220
v 14.06623 45.00000 94.39808
v 14.16017 44.32500 93.72965
v 15.79411 44.32500 93.95929
v 15.70017 45.00000 94.62772
v 13.55825 45.00000 98.01256
v 13.46431 44.32500 98.68099
v 15.09825 44.32500 98.91063
v 15.19219 45.00000 98.24220
v 13.39780 -44.32500 94.30414
v 14.06623 -45.00000 94.39808
v 14.16017 -44.32500 93.72965
v 12.88982 -44.32500 97.91862
v 13.55825 -45.00000 98.01256
v 13.46431 -44.32500 98.68099
v 13.39780 44.32500 94.30414
v 14.06623 45.00000 94.39808
v 14.16017 44.32500 93.72965
v 12.88982 44.32500 97.91862
v 13.55825 45.00000 98.01256
v 13.46431 44.32500 98.68099
v 16.36860 -44.32500 94.72166
v 15.70017 -45.00000 94.62772
v 15.79411 -44.32500 93.95929
v 15.86062 -44.32500 98.33614
v 15.19219 -45.00000 98.24220
v 15.09825 -44.32500 98.91063
v 16.36860 44.32500 94.72166
v 15.70017 45.00000 94.62772
v 15.79411 44.32500 93.95929
v 15.86062 44.32500 98.33614
v 15.19219 45.00000 98.24220
v 15.09825 44.32500 98.91063
vt 0.000000 1.000000
vt 1.000000 1.000000
vt 1.000000 0.000000
vt 0.000000 0.000000
vt 0.237161 0.000000
vt 1.000000 0.059737
vt 0.762839 1.000000
vt 0.000000 0.940263
vt 0.000000 1.000000
vt 1.000000 1.000000
vt 1.000000 0.000000
vt 0.000000 0.000000
vt 0.000000 0.000000
vt 1.000000 0.000000
vt 1.000000 1.000000
vt 0.000000 1.000000
vt 0.000000 0.940263
vt 0.762839 1.000000
vt 1.000000 0.059737
vt 0.237161 0.000000
vt 0.000000 0.000000
vt 1.000000 0.000000
vt 1.000000 1.000000
vt 0.000000 1.000000
vt 0.431806 0.000000
vt 1.000000 0.025332
vt 0.568194 1.000000
vt 0.000000 0.974668
vt 0.000000 0.974668
vt 0.568194 1.000000
vt 1.000000 0.025332
vt 0.431806 0.000000
vt 0.568194 1.000000
vt 0.000000 0.974668
vt 0.431806 0.000000
vt 1.000000 0.025332
vt 1.000000 0.025332
vt 0.431806 0.000000
vt 0.000000 0.974668
vt 0.568194 1.000000
vt 0.000000 1.000000
vt 1.000000 1.000000
vt 1.000000 0.000000
vt 0.000000 0.000000
vt 0.000000 0.000000
vt 0.000000 1.000000
vt 1.000000 1.000000
vt 1.000000 0.000000
vt 0.000000 1.000000
vt 0.000000 0.000000
vt 1.000000 0.000000
vt 1.000000 1.000000
vt 1.000000 1.000000
vt 0.000000 1.000000
vt 0.000000 0.000000
vt 1.000000 0.000000
vt 0.000000 0.744300
vt 0.054368 0.000000
vt 1.000000 0.255700
vt 0.945632 1.000000
vt 1.000000 0.255700
vt 0.945632 1.000000
vt 0.000000 0.744300
vt 0.054368 0.000000
vt 0.945632 1.000000
vt 1.000000 0.255700
vt 0.054368 0.000000
vt 0.000000 0.744300
vt 0.054368 0.000000
vt 0.000000 0.744300
vt 0.945632 1.000000
vt 1.000000 0.255700
vt 1.000000 1.000000
vt 0.876777 0.000000
vt 0.000000 1.000000
vt 1.000000 0.000000
vt 0.000000 0.123223
vt 1.000000 1.000000
vt 0.000000 0.000000
vt 0.876777 1.000000
vt 1.000000 0.000000
vt 0.000000 1.000000
vt 1.000000 0.123223
vt 0.000000 0.000000
vt 1.000000 1.000000
vt 0.000000 0.876777
vt 1.000000 0.000000
vt 0.000000 1.000000
vt 0.123223 0.000000
vt 1.000000 1.000000
vt 0.000000 0.000000
vt 1.000000 0.876777
vt 0.000000 1.000000
vt 1.000000 0.000000
vt 0.123223 1.000000
vt 0.000000 0.000000
f 4712/6061 4711/6062 4710/6063 4709/6064
f 4713/6065 4714/6066 4715/6067 4716/6068
f 4720/6069 4719/6070 4718/6071 4717/6072
f 4721/6073 4722/6074 4723/6075 4724/6076
f 4728/6077 4727/6078 4726/6079 4725/6080
f 4729/6081 4730/6082 4731/6083 4732/6084
f 4733/6085 4734/6086 4735/6087 4736/6088
f 4740/6089 4739/6090 4738/6091 4737/6092
f 4744/6093 4743/6094 4742/6095 4741/6096
f 4745/6097 4746/6098 4747/6099 4748/6100
f 4752/6101 4751/6102 4750/6103 4749/6104
f 4753/6105 4754/6106 4755/6107 4756/6108
f 4757/6109 4758/6110 4759/6111 4760/6112
f 4764/6113 4763/6114 4762/6115 4761/6116
f 4765/6117 4766/6118 4767/6119 4768/6120
f 4772/6121 4771/6122 4770/6123 4769/6124
f 4776/6125 4775/6126 4774/6127 4773/6128
f 4777/6129 4778/6130 4779/6131 4780/6132
f 4783/6133 4782/6134 4781/6135
f 4784/6136 4785/6137 4786/6138
f 4787/6139 4788/6140 4789/6141
f 4792/6142 4791/6143 4790/6144
f 4793/6145 4794/6146 4795/6147
f 4798/6148 4797/6149 4796/6150
f 4801/6151 4800/6152 4799/6153
f 4802/6154 4803/6155 4804/6156
o MonitorStatusLine
usemtl SFP_R2_ScreenGlow
v 16.06577 -27.66250 92.92452
v 16.06577 27.66250 92.92452
v 15.90920 27.66250 94.03858
v 15.90920 -27.66250 94.03858
v 16.39998 -28.00000 92.97150
v 17.21696 -28.00000 93.08631
v 17.06039 -28.00000 94.20036
v 16.24341 -28.00000 94.08555
v 16.44696 -27.66250 92.63728
v 17.26393 -27.66250 92.75210
v 17.26393 27.66250 92.75210
v 16.44696 27.66250 92.63728
v 17.55117 -27.66250 93.13328
v 17.55117 27.66250 93.13328
v 17.39460 27.66250 94.24734
v 17.39460 -27.66250 94.24734
v 16.39998 28.00000 92.97150
v 17.21696 28.00000 93.08631
v 17.06039 28.00000 94.20036
v 16.24341 28.00000 94.08555
v 16.19644 -27.66250 94.41976
v 17.01342 -27.66250 94.53458
v 17.01342 27.66250 94.53458
v 16.19644 27.66250 94.41976
v 16.06577 -27.66250 92.92452
v 16.39998 -28.00000 92.97150
v 16.24341 -28.00000 94.08555
v 15.90920 -27.66250 94.03858
v 16.06577 27.66250 92.92452
v 16.39998 28.00000 92.97150
v 16.24341 28.00000 94.08555
v 15.90920 27.66250 94.03858
v 17.55117 -27.66250 93.13328
v 17.21696 -28.00000 93.08631
v 17.06039 -28.00000 94.20036
v 17.39460 -27.66250 94.24734
v 17.55117 27.66250 93.13328
v 17.21696 28.00000 93.08631
v 17.06039 28.00000 94.20036
v 17.39460 27.66250 94.24734
v 16.06577 -27.66250 92.92452
v 16.44696 -27.66250 92.63728
v 16.44696 27.66250 92.63728
v 16.06577 27.66250 92.92452
v 15.90920 -27.66250 94.03858
v 16.19644 -27.66250 94.41976
v 16.19644 27.66250 94.41976
v 15.90920 27.66250 94.03858
v 17.55117 -27.66250 93.13328
v 17.26393 -27.66250 92.75210
v 17.26393 27.66250 92.75210
v 17.55117 27.66250 93.13328
v 17.39460 -27.66250 94.24734
v 17.01342 -27.66250 94.53458
v 17.01342 27.66250 94.53458
v 17.39460 27.66250 94.24734
v 16.39998 -28.00000 92.97150
v 16.44696 -27.66250 92.63728
v 17.26393 -27.66250 92.75210
v 17.21696 -28.00000 93.08631
v 16.24341 -28.00000 94.08555
v 16.19644 -27.66250 94.41976
v 17.01342 -27.66250 94.53458
v 17.06039 -28.00000 94.20036
v 16.39998 28.00000 92.97150
v 16.44696 27.66250 92.63728
v 17.26393 27.66250 92.75210
v 17.21696 28.00000 93.08631
v 16.24341 28.00000 94.08555
v 16.19644 27.66250 94.41976
v 17.01342 27.66250 94.53458
v 17.06039 28.00000 94.20036
v 16.06577 -27.66250 92.92452
v 16.39998 -28.00000 92.97150
v 16.44696 -27.66250 92.63728
v 15.90920 -27.66250 94.03858
v 16.24341 -28.00000 94.08555
v 16.19644 -27.66250 94.41976
v 16.06577 27.66250 92.92452
v 16.39998 28.00000 92.97150
v 16.44696 27.66250 92.63728
v 15.90920 27.66250 94.03858
v 16.24341 28.00000 94.08555
v 16.19644 27.66250 94.41976
v 17.55117 -27.66250 93.13328
v 17.21696 -28.00000 93.08631
v 17.26393 -27.66250 92.75210
v 17.39460 -27.66250 94.24734
v 17.06039 -28.00000 94.20036
v 17.01342 -27.66250 94.53458
v 17.55117 27.66250 93.13328
v 17.21696 28.00000 93.08631
v 17.26393 27.66250 92.75210
v 17.39460 27.66250 94.24734
v 17.06039 28.00000 94.20036
v 17.01342 27.66250 94.53458
vt 0.000000 1.000000
vt 1.000000 1.000000
vt 1.000000 0.000000
vt 0.000000 0.000000
vt 0.160825 0.000000
vt 1.000000 0.093434
vt 0.839175 1.000000
vt 0.000000 0.906566
vt 0.000000 1.000000
vt 1.000000 1.000000
vt 1.000000 0.000000
vt 0.000000 0.000000
vt 0.000000 0.000000
vt 1.000000 0.000000
vt 1.000000 1.000000
vt 0.000000 1.000000
vt 0.000000 0.906566
vt 0.839175 1.000000
vt 1.000000 0.093434
vt 0.160825 0.000000
vt 0.000000 0.000000
vt 1.000000 0.000000
vt 1.000000 1.000000
vt 0.000000 1.000000
vt 0.319019 0.000000
vt 1.000000 0.040457
vt 0.680981 1.000000
vt 0.000000 0.959543
vt 0.000000 0.959543
vt 0.680981 1.000000
vt 1.000000 0.040457
vt 0.319019 0.000000
vt 0.680981 1.000000
vt 0.000000 0.959543
vt 0.319019 0.000000
vt 1.000000 0.040457
vt 1.000000 0.040457
vt 0.319019 0.000000
vt 0.000000 0.959543
vt 0.680981 1.000000
vt 0.000000 1.000000
vt 1.000000 1.000000
vt 1.000000 0.000000
vt 0.000000 0.000000
vt 0.000000 0.000000
vt 0.000000 1.000000
vt 1.000000 1.000000
vt 1.000000 0.000000
vt 0.000000 1.000000
vt 0.000000 0.000000
vt 1.000000 0.000000
vt 1.000000 1.000000
vt 1.000000 1.000000
vt 0.000000 1.000000
vt 0.000000 0.000000
vt 1.000000 0.000000
vt 0.000000 0.744300
vt 0.054368 0.000000
vt 1.000000 0.255700
vt 0.945632 1.000000
vt 1.000000 0.255700
vt 0.945632 1.000000
vt 0.000000 0.744300
vt 0.054368 0.000000
vt 0.945632 1.000000
vt 1.000000 0.255700
vt 0.054368 0.000000
vt 0.000000 0.744300
vt 0.054368 0.000000
vt 0.000000 0.744300
vt 0.945632 1.000000
vt 1.000000 0.255700
vt 1.000000 1.000000
vt 0.876777 0.000000
vt 0.000000 1.000000
vt 1.000000 0.000000
vt 0.000000 0.123223
vt 1.000000 1.000000
vt 0.000000 0.000000
vt 0.876777 1.000000
vt 1.000000 0.000000
vt 0.000000 1.000000
vt 1.000000 0.123223
vt 0.000000 0.000000
vt 1.000000 1.000000
vt 0.000000 0.876777
vt 1.000000 0.000000
vt 0.000000 1.000000
vt 0.123223 0.000000
vt 1.000000 1.000000
vt 0.000000 0.000000
vt 1.000000 0.876777
vt 0.000000 1.000000
vt 1.000000 0.000000
vt 0.123223 1.000000
vt 0.000000 0.000000
f 4808/6157 4807/6158 4806/6159 4805/6160
f 4809/6161 4810/6162 4811/6163 4812/6164
f 4816/6165 4815/6166 4814/6167 4813/6168
f 4817/6169 4818/6170 4819/6171 4820/6172
f 4824/6173 4823/6174 4822/6175 4821/6176
f 4825/6177 4826/6178 4827/6179 4828/6180
f 4829/6181 4830/6182 4831/6183 4832/6184
f 4836/6185 4835/6186 4834/6187 4833/6188
f 4840/6189 4839/6190 4838/6191 4837/6192
f 4841/6193 4842/6194 4843/6195 4844/6196
f 4848/6197 4847/6198 4846/6199 4845/6200
f 4849/6201 4850/6202 4851/6203 4852/6204
f 4853/6205 4854/6206 4855/6207 4856/6208
f 4860/6209 4859/6210 4858/6211 4857/6212
f 4861/6213 4862/6214 4863/6215 4864/6216
f 4868/6217 4867/6218 4866/6219 4865/6220
f 4872/6221 4871/6222 4870/6223 4869/6224
f 4873/6225 4874/6226 4875/6227 4876/6228
f 4879/6229 4878/6230 4877/6231
f 4880/6232 4881/6233 4882/6234
f 4883/6235 4884/6236 4885/6237
f 4888/6238 4887/6239 4886/6240
f 4889/6241 4890/6242 4891/6243
f 4894/6244 4893/6245 4892/6246
f 4897/6247 4896/6248 4895/6249
f 4898/6250 4899/6251 4900/6252
o SideRailVerticalLeft
usemtl SFP_R2_Metal
v -10.15000 -57.00000 103.00000
v -10.02034 -57.73534 103.00000
v -9.64700 -58.38199 103.00000
v -9.07500 -58.86195 103.00000
v -8.37334 -59.11734 103.00000
v -7.62666 -59.11734 103.00000
v -6.92500 -58.86195 103.00000
v -6.35300 -58.38199 103.00000
v -5.97966 -57.73534 103.00000
v -5.85000 -57.00000 103.00000
v -5.97966 -56.26466 103.00000
v -6.35300 -55.61801 103.00000
v -6.92500 -55.13805 103.00000
v -7.62666 -54.88266 103.00000
v -8.37334 -54.88266 103.00000
v -9.07500 -55.13805 103.00000
v -9.64700 -55.61801 103.00000
v -10.02034 -56.26466 103.00000
v -10.15000 -57.00000 148.00000
v -10.02034 -57.73534 148.00000
v -9.64700 -58.38199 148.00000
v -9.07500 -58.86195 148.00000
v -8.37334 -59.11734 148.00000
v -7.62666 -59.11734 148.00000
v -6.92500 -58.86195 148.00000
v -6.35300 -58.38199 148.00000
v -5.97966 -57.73534 148.00000
v -5.85000 -57.00000 148.00000
v -5.97966 -56.26466 148.00000
v -6.35300 -55.61801 148.00000
v -6.92500 -55.13805 148.00000
v -7.62666 -54.88266 148.00000
v -8.37334 -54.88266 148.00000
v -9.07500 -55.13805 148.00000
v -9.64700 -55.61801 148.00000
v -10.02034 -56.26466 148.00000
vt 0.030154 0.673648
vt 0.116978 0.826352
vt 0.250000 0.939693
vt 0.413176 1.000000
vt 0.586824 1.000000
vt 0.750000 0.939693
vt 0.883022 0.826352
vt 0.969846 0.673648
vt 1.000000 0.500000
vt 0.969846 0.326352
vt 0.883022 0.173648
vt 0.750000 0.060307
vt 0.586824 0.000000
vt 0.413176 0.000000
vt 0.250000 0.060307
vt 0.116978 0.173648
vt 0.030154 0.326352
vt 0.000000 0.500000
vt 0.000000 0.500000
vt 0.030154 0.326352
vt 0.116978 0.173648
vt 0.250000 0.060307
vt 0.413176 0.000000
vt 0.586824 0.000000
vt 0.750000 0.060307
vt 0.883022 0.173648
vt 0.969846 0.326352
vt 1.000000 0.500000
vt 0.969846 0.673648
vt 0.883022 0.826352
vt 0.750000 0.939693
vt 0.586824 1.000000
vt 0.413176 1.000000
vt 0.250000 0.939693
vt 0.116978 0.826352
vt 0.030154 0.673648
vt 1.000000 0.000000
vt 1.000000 1.000000
vt 0.000000 1.000000
vt 0.000000 0.000000
vt 1.000000 0.000000
vt 1.000000 1.000000
vt 0.000000 1.000000
vt 0.000000 0.000000
vt 0.000000 0.000000
vt 0.000000 1.000000
vt 1.000000 1.000000
vt 1.000000 0.000000
vt 0.000000 0.000000
vt 0.000000 1.000000
vt 1.000000 1.000000
vt 1.000000 0.000000
vt 0.000000 0.000000
vt 0.000000 1.000000
vt 1.000000 1.000000
vt 1.000000 0.000000
vt 0.000000 0.000000
vt 0.000000 1.000000
vt 1.000000 1.000000
vt 1.000000 0.000000
vt 0.000000 0.000000
vt 0.000000 1.000000
vt 1.000000 1.000000
vt 1.000000 0.000000
vt 0.000000 0.000000
vt 0.000000 1.000000
vt 1.000000 1.000000
vt 1.000000 0.000000
vt 0.000000 0.000000
vt 0.000000 1.000000
vt 1.000000 1.000000
vt 1.000000 0.000000
vt 0.000000 0.000000
vt 0.000000 1.000000
vt 1.000000 1.000000
vt 1.000000 0.000000
vt 0.000000 0.000000
vt 0.000000 1.000000
vt 1.000000 1.000000
vt 1.000000 0.000000
vt 1.000000 0.000000
vt 1.000000 1.000000
vt 0.000000 1.000000
vt 0.000000 0.000000
vt 1.000000 0.000000
vt 1.000000 1.000000
vt 0.000000 1.000000
vt 0.000000 0.000000
vt 1.000000 0.000000
vt 1.000000 1.000000
vt 0.000000 1.000000
vt 0.000000 0.000000
vt 1.000000 0.000000
vt 1.000000 1.000000
vt 0.000000 1.000000
vt 0.000000 0.000000
vt 1.000000 0.000000
vt 1.000000 1.000000
vt 0.000000 1.000000
vt 0.000000 0.000000
vt 1.000000 0.000000
vt 1.000000 1.000000
vt 0.000000 1.000000
vt 0.000000 0.000000
vt 1.000000 0.000000
vt 1.000000 1.000000
vt 0.000000 1.000000
vt 0.000000 0.000000
f 4918/6253 4917/6254 4916/6255 4915/6256 4914/6257 4913/6258 4912/6259 4911/6260 4910/6261 4909/6262 4908/6263 4907/6264 4906/6265 4905/6266 4904/6267 4903/6268 4902/6269 4901/6270
f 4919/6271 4920/6272 4921/6273 4922/6274 4923/6275 4924/6276 4925/6277 4926/6278 4927/6279 4928/6280 4929/6281 4930/6282 4931/6283 4932/6284 4933/6285 4934/6286 4935/6287 4936/6288
f 4901/6289 4919/6290 4920/6291 4902/6292
f 4902/6293 4920/6294 4921/6295 4903/6296
f 4903/6297 4921/6298 4922/6299 4904/6300
f 4904/6301 4922/6302 4923/6303 4905/6304
f 4905/6305 4923/6306 4924/6307 4906/6308
f 4906/6309 4924/6310 4925/6311 4907/6312
f 4907/6313 4925/6314 4926/6315 4908/6316
f 4908/6317 4926/6318 4927/6319 4909/6320
f 4909/6321 4927/6322 4928/6323 4910/6324
f 4910/6325 4928/6326 4929/6327 4911/6328
f 4911/6329 4929/6330 4930/6331 4912/6332
f 4912/6333 4930/6334 4931/6335 4913/6336
f 4913/6337 4931/6338 4932/6339 4914/6340
f 4914/6341 4932/6342 4933/6343 4915/6344
f 4915/6345 4933/6346 4934/6347 4916/6348
f 4916/6349 4934/6350 4935/6351 4917/6352
f 4917/6353 4935/6354 4936/6355 4918/6356
f 4918/6357 4936/6358 4919/6359 4901/6360
o SideRailTopLeft
usemtl SFP_R2_Metal
v -8.00000 -59.15000 148.00000
v -7.76746 -59.02034 147.30239
v -7.56298 -58.64700 146.68893
v -7.41120 -58.07500 146.23359
v -7.33044 -57.37334 145.99132
v -7.33044 -56.62666 145.99132
v -7.41120 -55.92500 146.23359
v -7.56298 -55.35300 146.68893
v -7.76746 -54.97966 147.30239
v -8.00000 -54.85000 148.00000
v -8.23254 -54.97966 148.69761
v -8.43702 -55.35300 149.31107
v -8.58880 -55.92500 149.76641
v -8.66956 -56.62666 150.00868
v -8.66956 -57.37334 150.00868
v -8.58880 -58.07500 149.76641
v -8.43702 -58.64700 149.31107
v -8.23254 -59.02034 148.69761
v 1.00000 -59.15000 151.00000
v 1.23254 -59.02034 150.30239
v 1.43702 -58.64700 149.68893
v 1.58880 -58.07500 149.23359
v 1.66956 -57.37334 148.99132
v 1.66956 -56.62666 148.99132
v 1.58880 -55.92500 149.23359
v 1.43702 -55.35300 149.68893
v 1.23254 -54.97966 150.30239
v 1.00000 -54.85000 151.00000
v 0.76746 -54.97966 151.69761
v 0.56298 -55.35300 152.31107
v 0.41120 -55.92500 152.76641
v 0.33044 -56.62666 153.00868
v 0.33044 -57.37334 153.00868
v 0.41120 -58.07500 152.76641
v 0.56298 -58.64700 152.31107
v 0.76746 -59.02034 151.69761
vt 0.030154 0.673648
vt 0.116978 0.826352
vt 0.250000 0.939693
vt 0.413176 1.000000
vt 0.586824 1.000000
vt 0.750000 0.939693
vt 0.883022 0.826352
vt 0.969846 0.673648
vt 1.000000 0.500000
vt 0.969846 0.326352
vt 0.883022 0.173648
vt 0.750000 0.060307
vt 0.586824 0.000000
vt 0.413176 0.000000
vt 0.250000 0.060307
vt 0.116978 0.173648
vt 0.030154 0.326352
vt 0.000000 0.500000
vt 0.000000 0.500000
vt 0.030154 0.326352
vt 0.116978 0.173648
vt 0.250000 0.060307
vt 0.413176 0.000000
vt 0.586824 0.000000
vt 0.750000 0.060307
vt 0.883022 0.173648
vt 0.969846 0.326352
vt 1.000000 0.500000
vt 0.969846 0.673648
vt 0.883022 0.826352
vt 0.750000 0.939693
vt 0.586824 1.000000
vt 0.413176 1.000000
vt 0.250000 0.939693
vt 0.116978 0.826352
vt 0.030154 0.673648
vt 0.000000 0.188665
vt 0.974813 1.000000
vt 1.000000 0.811335
vt 0.025187 0.000000
vt 0.000000 0.169772
vt 0.977784 1.000000
vt 1.000000 0.830228
vt 0.022216 0.000000
vt 0.000000 0.000000
vt 0.983416 0.000000
vt 1.000000 1.000000
vt 0.016584 1.000000
vt 0.000000 0.000000
vt 0.991107 0.000000
vt 1.000000 1.000000
vt 0.008893 1.000000
vt 0.000000 0.000000
vt 1.000000 0.000000
vt 1.000000 1.000000
vt 0.000000 1.000000
vt 0.008893 0.000000
vt 1.000000 0.000000
vt 0.991107 1.000000
vt 0.000000 1.000000
vt 0.016584 0.000000
vt 1.000000 0.000000
vt 0.983416 1.000000
vt 0.000000 1.000000
vt 0.022216 0.000000
vt 1.000000 0.830228
vt 0.977784 1.000000
vt 0.000000 0.169772
vt 0.025187 0.000000
vt 1.000000 0.811335
vt 0.974813 1.000000
vt 0.000000 0.188665
vt 0.025187 0.000000
vt 1.000000 0.811335
vt 0.974813 1.000000
vt 0.000000 0.188665
vt 0.022216 0.000000
vt 1.000000 0.830228
vt 0.977784 1.000000
vt 0.000000 0.169772
vt 0.016584 1.000000
vt 1.000000 1.000000
vt 0.983416 0.000000
vt 0.000000 0.000000
vt 0.008893 1.000000
vt 1.000000 1.000000
vt 0.991107 0.000000
vt 0.000000 0.000000
vt 0.000000 1.000000
vt 1.000000 1.000000
vt 1.000000 0.000000
vt 0.000000 0.000000
vt 0.000000 1.000000
vt 0.991107 1.000000
vt 1.000000 0.000000
vt 0.008893 0.000000
vt 0.000000 1.000000
vt 0.983416 1.000000
vt 1.000000 0.000000
vt 0.016584 0.000000
vt 0.000000 0.169772
vt 0.977784 1.000000
vt 1.000000 0.830228
vt 0.022216 0.000000
vt 0.000000 0.188665
vt 0.974813 1.000000
vt 1.000000 0.811335
vt 0.025187 0.000000
f 4954/6361 4953/6362 4952/6363 4951/6364 4950/6365 4949/6366 4948/6367 4947/6368 4946/6369 4945/6370 4944/6371 4943/6372 4942/6373 4941/6374 4940/6375 4939/6376 4938/6377 4937/6378
f 4955/6379 4956/6380 4957/6381 4958/6382 4959/6383 4960/6384 4961/6385 4962/6386 4963/6387 4964/6388 4965/6389 4966/6390 4967/6391 4968/6392 4969/6393 4970/6394 4971/6395 4972/6396
f 4937/6397 4955/6398 4956/6399 4938/6400
f 4938/6401 4956/6402 4957/6403 4939/6404
f 4939/6405 4957/6406 4958/6407 4940/6408
f 4940/6409 4958/6410 4959/6411 4941/6412
f 4941/6413 4959/6414 4960/6415 4942/6416
f 4942/6417 4960/6418 4961/6419 4943/6420
f 4943/6421 4961/6422 4962/6423 4944/6424
f 4944/6425 4962/6426 4963/6427 4945/6428
f 4945/6429 4963/6430 4964/6431 4946/6432
f 4946/6433 4964/6434 4965/6435 4947/6436
f 4947/6437 4965/6438 4966/6439 4948/6440
f 4948/6441 4966/6442 4967/6443 4949/6444
f 4949/6445 4967/6446 4968/6447 4950/6448
f 4950/6449 4968/6450 4969/6451 4951/6452
f 4951/6453 4969/6454 4970/6455 4952/6456
f 4952/6457 4970/6458 4971/6459 4953/6460
f 4953/6461 4971/6462 4972/6463 4954/6464
f 4954/6465 4972/6466 4955/6467 4937/6468
o SideRailBottomLeft
usemtl SFP_R2_Metal
v -8.00000 -59.15000 103.00000
v -8.20201 -59.02034 102.29295
v -8.37966 -58.64700 101.67118
v -8.51152 -58.07500 101.20969
v -8.58168 -57.37334 100.96413
v -8.58168 -56.62666 100.96413
v -8.51152 -55.92500 101.20969
v -8.37966 -55.35300 101.67118
v -8.20201 -54.97966 102.29295
v -8.00000 -54.85000 103.00000
v -7.79799 -54.97966 103.70705
v -7.62034 -55.35300 104.32882
v -7.48848 -55.92500 104.79031
v -7.41832 -56.62666 105.03587
v -7.41832 -57.37334 105.03587
v -7.48848 -58.07500 104.79031
v -7.62034 -58.64700 104.32882
v -7.79799 -59.02034 103.70705
v 13.00000 -59.15000 97.00000
v 12.79799 -59.02034 96.29295
v 12.62034 -58.64700 95.67118
v 12.48848 -58.07500 95.20969
v 12.41832 -57.37334 94.96413
v 12.41832 -56.62666 94.96413
v 12.48848 -55.92500 95.20969
v 12.62034 -55.35300 95.67118
v 12.79799 -54.97966 96.29295
v 13.00000 -54.85000 97.00000
v 13.20201 -54.97966 97.70705
v 13.37966 -55.35300 98.32882
v 13.51152 -55.92500 98.79031
v 13.58168 -56.62666 99.03587
v 13.58168 -57.37334 99.03587
v 13.51152 -58.07500 98.79031
v 13.37966 -58.64700 98.32882
v 13.20201 -59.02034 97.70705
vt 0.030154 0.673648
vt 0.116978 0.826352
vt 0.250000 0.939693
vt 0.413176 1.000000
vt 0.586824 1.000000
vt 0.750000 0.939693
vt 0.883022 0.826352
vt 0.969846 0.673648
vt 1.000000 0.500000
vt 0.969846 0.326352
vt 0.883022 0.173648
vt 0.750000 0.060307
vt 0.586824 0.000000
vt 0.413176 0.000000
vt 0.250000 0.060307
vt 0.116978 0.173648
vt 0.030154 0.326352
vt 0.000000 0.500000
vt 0.000000 0.500000
vt 0.030154 0.326352
vt 0.116978 0.173648
vt 0.250000 0.060307
vt 0.413176 0.000000
vt 0.586824 0.000000
vt 0.750000 0.060307
vt 0.883022 0.173648
vt 0.969846 0.326352
vt 1.000000 0.500000
vt 0.969846 0.673648
vt 0.883022 0.826352
vt 0.750000 0.939693
vt 0.586824 1.000000
vt 0.413176 1.000000
vt 0.250000 0.939693
vt 0.116978 0.826352
vt 0.030154 0.673648
vt 0.009528 1.000000
vt 1.000000 0.105419
vt 0.990472 0.000000
vt 0.000000 0.894581
vt 0.008388 1.000000
vt 1.000000 0.093898
vt 0.991612 0.000000
vt 0.000000 0.906102
vt 0.006240 0.000000
vt 1.000000 0.000000
vt 0.993760 1.000000
vt 0.000000 1.000000
vt 0.003330 0.000000
vt 1.000000 0.000000
vt 0.996670 1.000000
vt 0.000000 1.000000
vt 0.000000 0.000000
vt 1.000000 0.000000
vt 1.000000 1.000000
vt 0.000000 1.000000
vt 0.000000 0.000000
vt 0.996670 0.000000
vt 1.000000 1.000000
vt 0.003330 1.000000
vt 0.000000 0.000000
vt 0.993760 0.000000
vt 1.000000 1.000000
vt 0.006240 1.000000
vt 0.000000 0.906102
vt 0.991612 0.000000
vt 1.000000 0.093898
vt 0.008388 1.000000
vt 0.000000 0.894581
vt 0.990472 0.000000
vt 1.000000 0.105419
vt 0.009528 1.000000
vt 0.000000 0.894581
vt 0.990472 0.000000
vt 1.000000 0.105419
vt 0.009528 1.000000
vt 0.000000 0.906102
vt 0.991612 0.000000
vt 1.000000 0.093898
vt 0.008388 1.000000
vt 0.000000 1.000000
vt 0.993760 1.000000
vt 1.000000 0.000000
vt 0.006240 0.000000
vt 0.000000 1.000000
vt 0.996670 1.000000
vt 1.000000 0.000000
vt 0.003330 0.000000
vt 0.000000 1.000000
vt 1.000000 1.000000
vt 1.000000 0.000000
vt 0.000000 0.000000
vt 0.003330 1.000000
vt 1.000000 1.000000
vt 0.996670 0.000000
vt 0.000000 0.000000
vt 0.006240 1.000000
vt 1.000000 1.000000
vt 0.993760 0.000000
vt 0.000000 0.000000
vt 0.008388 1.000000
vt 1.000000 0.093898
vt 0.991612 0.000000
vt 0.000000 0.906102
vt 0.009528 1.000000
vt 1.000000 0.105419
vt 0.990472 0.000000
vt 0.000000 0.894581
f 4990/6469 4989/6470 4988/6471 4987/6472 4986/6473 4985/6474 4984/6475 4983/6476 4982/6477 4981/6478 4980/6479 4979/6480 4978/6481 4977/6482 4976/6483 4975/6484 4974/6485 4973/6486
f 4991/6487 4992/6488 4993/6489 4994/6490 4995/6491 4996/6492 4997/6493 4998/6494 4999/6495 5000/6496 5001/6497 5002/6498 5003/6499 5004/6500 5005/6501 5006/6502 5007/6503 5008/6504
f 4973/6505 4991/6506 4992/6507 4974/6508
f 4974/6509 4992/6510 4993/6511 4975/6512
f 4975/6513 4993/6514 4994/6515 4976/6516
f 4976/6517 4994/6518 4995/6519 4977/6520
f 4977/6521 4995/6522 4996/6523 4978/6524
f 4978/6525 4996/6526 4997/6527 4979/6528
f 4979/6529 4997/6530 4998/6531 4980/6532
f 4980/6533 4998/6534 4999/6535 4981/6536
f 4981/6537 4999/6538 5000/6539 4982/6540
f 4982/6541 5000/6542 5001/6543 4983/6544
f 4983/6545 5001/6546 5002/6547 4984/6548
f 4984/6549 5002/6550 5003/6551 4985/6552
f 4985/6553 5003/6554 5004/6555 4986/6556
f 4986/6557 5004/6558 5005/6559 4987/6560
f 4987/6561 5005/6562 5006/6563 4988/6564
f 4988/6565 5006/6566 5007/6567 4989/6568
f 4989/6569 5007/6570 5008/6571 4990/6572
f 4990/6573 5008/6574 4991/6575 4973/6576
o RailGuardLeft
usemtl SFP_R2_Accent
v 0.60185 -58.80000 108.39245
v 0.60185 -55.20000 108.39245
v -2.54346 -55.20000 130.77251
v -2.54346 -58.80000 130.77251
v 1.79017 -60.00000 108.55946
v 5.35514 -60.00000 109.06048
v 2.20983 -60.00000 131.44054
v -1.35514 -60.00000 130.93952
v 1.95718 -58.80000 107.37114
v 5.52215 -58.80000 107.87216
v 5.52215 -55.20000 107.87216
v 1.95718 -55.20000 107.37114
v 6.54346 -58.80000 109.22749
v 6.54346 -55.20000 109.22749
v 3.39815 -55.20000 131.60755
v 3.39815 -58.80000 131.60755
v 1.79017 -54.00000 108.55946
v 5.35514 -54.00000 109.06048
v 2.20983 -54.00000 131.44054
v -1.35514 -54.00000 130.93952
v -1.52215 -58.80000 132.12784
v 2.04282 -58.80000 132.62886
v 2.04282 -55.20000 132.62886
v -1.52215 -55.20000 132.12784
v 0.60185 -58.80000 108.39245
v 1.79017 -60.00000 108.55946
v -1.35514 -60.00000 130.93952
v -2.54346 -58.80000 130.77251
v 0.60185 -55.20000 108.39245
v 1.79017 -54.00000 108.55946
v -1.35514 -54.00000 130.93952
v -2.54346 -55.20000 130.77251
v 6.54346 -58.80000 109.22749
v 5.35514 -60.00000 109.06048
v 2.20983 -60.00000 131.44054
v 3.39815 -58.80000 131.60755
v 6.54346 -55.20000 109.22749
v 5.35514 -54.00000 109.06048
v 2.20983 -54.00000 131.44054
v 3.39815 -55.20000 131.60755
v 0.60185 -58.80000 108.39245
v 1.95718 -58.80000 107.37114
v 1.95718 -55.20000 107.37114
v 0.60185 -55.20000 108.39245
v -2.54346 -58.80000 130.77251
v -1.52215 -58.80000 132.12784
v -1.52215 -55.20000 132.12784
v -2.54346 -55.20000 130.77251
v 6.54346 -58.80000 109.22749
v 5.52215 -58.80000 107.87216
v 5.52215 -55.20000 107.87216
v 6.54346 -55.20000 109.22749
v 3.39815 -58.80000 131.60755
v 2.04282 -58.80000 132.62886
v 2.04282 -55.20000 132.62886
v 3.39815 -55.20000 131.60755
v 1.79017 -60.00000 108.55946
v 1.95718 -58.80000 107.37114
v 5.52215 -58.80000 107.87216
v 5.35514 -60.00000 109.06048
v -1.35514 -60.00000 130.93952
v -1.52215 -58.80000 132.12784
v 2.04282 -58.80000 132.62886
v 2.20983 -60.00000 131.44054
v 1.79017 -54.00000 108.55946
v 1.95718 -55.20000 107.37114
v 5.52215 -55.20000 107.87216
v 5.35514 -54.00000 109.06048
v -1.35514 -54.00000 130.93952
v -1.52215 -55.20000 132.12784
v 2.04282 -55.20000 132.62886
v 2.20983 -54.00000 131.44054
v 0.60185 -58.80000 108.39245
v 1.79017 -60.00000 108.55946
v 1.95718 -58.80000 107.37114
v -2.54346 -58.80000 130.77251
v -1.35514 -60.00000 130.93952
v -1.52215 -58.80000 132.12784
v 0.60185 -55.20000 108.39245
v 1.79017 -54.00000 108.55946
v 1.95718 -55.20000 107.37114
v -2.54346 -55.20000 130.77251
v -1.35514 -54.00000 130.93952
v -1.52215 -55.20000 132.12784
v 6.54346 -58.80000 109.22749
v 5.35514 -60.00000 109.06048
v 5.52215 -58.80000 107.87216
v 3.39815 -58.80000 131.60755
v 2.20983 -60.00000 131.44054
v 2.04282 -58.80000 132.62886
v 6.54346 -55.20000 109.22749
v 5.35514 -54.00000 109.06048
v 5.52215 -55.20000 107.87216
v 3.39815 -55.20000 131.60755
v 2.20983 -54.00000 131.44054
v 2.04282 -55.20000 132.62886
vt 0.000000 1.000000
vt 1.000000 1.000000
vt 1.000000 0.000000
vt 0.000000 0.000000
vt 0.468731 0.000000
vt 1.000000 0.021897
vt 0.531269 1.000000
vt 0.000000 0.978103
vt 0.000000 1.000000
vt 1.000000 1.000000
vt 1.000000 0.000000
vt 0.000000 0.000000
vt 0.000000 0.000000
vt 1.000000 0.000000
vt 1.000000 1.000000
vt 0.000000 1.000000
vt 0.000000 0.978103
vt 0.531269 1.000000
vt 1.000000 0.021897
vt 0.468731 0.000000
vt 0.000000 0.000000
vt 1.000000 0.000000
vt 1.000000 1.000000
vt 0.000000 1.000000
vt 0.725791 0.000000
vt 1.000000 0.007407
vt 0.274209 1.000000
vt 0.000000 0.992593
vt 0.000000 0.992593
vt 0.274209 1.000000
vt 1.000000 0.007407
vt 0.725791 0.000000
vt 0.274209 1.000000
vt 0.000000 0.992593
vt 0.725791 0.000000
vt 1.000000 0.007407
vt 1.000000 0.007407
vt 0.725791 0.000000
vt 0.000000 0.992593
vt 0.274209 1.000000
vt 0.000000 1.000000
vt 1.000000 1.000000
vt 1.000000 0.000000
vt 0.000000 0.000000
vt 0.000000 0.000000
vt 0.000000 1.000000
vt 1.000000 1.000000
vt 1.000000 0.000000
vt 0.000000 1.000000
vt 0.000000 0.000000
vt 1.000000 0.000000
vt 1.000000 1.000000
vt 1.000000 1.000000
vt 0.000000 1.000000
vt 0.000000 0.000000
vt 1.000000 0.000000
vt 0.000000 0.703422
vt 0.044751 0.000000
vt 1.000000 0.296578
vt 0.955249 1.000000
vt 1.000000 0.296578
vt 0.955249 1.000000
vt 0.000000 0.703422
vt 0.044751 0.000000
vt 0.955249 1.000000
vt 1.000000 0.296578
vt 0.044751 0.000000
vt 0.000000 0.703422
vt 0.044751 0.000000
vt 0.000000 0.703422
vt 0.955249 1.000000
vt 1.000000 0.296578
vt 1.000000 1.000000
vt 0.876777 0.000000
vt 0.000000 1.000000
vt 1.000000 0.000000
vt 0.000000 0.123223
vt 1.000000 1.000000
vt 0.000000 0.000000
vt 0.876777 1.000000
vt 1.000000 0.000000
vt 0.000000 1.000000
vt 1.000000 0.123223
vt 0.000000 0.000000
vt 1.000000 1.000000
vt 0.000000 0.876777
vt 1.000000 0.000000
vt 0.000000 1.000000
vt 0.123223 0.000000
vt 1.000000 1.000000
vt 0.000000 0.000000
vt 1.000000 0.876777
vt 0.000000 1.000000
vt 1.000000 0.000000
vt 0.123223 1.000000
vt 0.000000 0.000000
f 5012/6577 5011/6578 5010/6579 5009/6580
f 5013/6581 5014/6582 5015/6583 5016/6584
f 5020/6585 5019/6586 5018/6587 5017/6588
f 5021/6589 5022/6590 5023/6591 5024/6592
f 5028/6593 5027/6594 5026/6595 5025/6596
f 5029/6597 5030/6598 5031/6599 5032/6600
f 5033/6601 5034/6602 5035/6603 5036/6604
f 5040/6605 5039/6606 5038/6607 5037/6608
f 5044/6609 5043/6610 5042/6611 5041/6612
f 5045/6613 5046/6614 5047/6615 5048/6616
f 5052/6617 5051/6618 5050/6619 5049/6620
f 5053/6621 5054/6622 5055/6623 5056/6624
f 5057/6625 5058/6626 5059/6627 5060/6628
f 5064/6629 5063/6630 5062/6631 5061/6632
f 5065/6633 5066/6634 5067/6635 5068/6636
f 5072/6637 5071/6638 5070/6639 5069/6640
f 5076/6641 5075/6642 5074/6643 5073/6644
f 5077/6645 5078/6646 5079/6647 5080/6648
f 5083/6649 5082/6650 5081/6651
f 5084/6652 5085/6653 5086/6654
f 5087/6655 5088/6656 5089/6657
f 5092/6658 5091/6659 5090/6660
f 5093/6661 5094/6662 5095/6663
f 5098/6664 5097/6665 5096/6666
f 5101/6667 5100/6668 5099/6669
f 5102/6670 5103/6671 5104/6672
o SideRailVerticalRight
usemtl SFP_R2_Metal
v -10.15000 57.00000 103.00000
v -10.02034 56.26466 103.00000
v -9.64700 55.61801 103.00000
v -9.07500 55.13805 103.00000
v -8.37334 54.88266 103.00000
v -7.62666 54.88266 103.00000
v -6.92500 55.13805 103.00000
v -6.35300 55.61801 103.00000
v -5.97966 56.26466 103.00000
v -5.85000 57.00000 103.00000
v -5.97966 57.73534 103.00000
v -6.35300 58.38199 103.00000
v -6.92500 58.86195 103.00000
v -7.62666 59.11734 103.00000
v -8.37334 59.11734 103.00000
v -9.07500 58.86195 103.00000
v -9.64700 58.38199 103.00000
v -10.02034 57.73534 103.00000
v -10.15000 57.00000 148.00000
v -10.02034 56.26466 148.00000
v -9.64700 55.61801 148.00000
v -9.07500 55.13805 148.00000
v -8.37334 54.88266 148.00000
v -7.62666 54.88266 148.00000
v -6.92500 55.13805 148.00000
v -6.35300 55.61801 148.00000
v -5.97966 56.26466 148.00000
v -5.85000 57.00000 148.00000
v -5.97966 57.73534 148.00000
v -6.35300 58.38199 148.00000
v -6.92500 58.86195 148.00000
v -7.62666 59.11734 148.00000
v -8.37334 59.11734 148.00000
v -9.07500 58.86195 148.00000
v -9.64700 58.38199 148.00000
v -10.02034 57.73534 148.00000
vt 0.030154 0.673648
vt 0.116978 0.826352
vt 0.250000 0.939693
vt 0.413176 1.000000
vt 0.586824 1.000000
vt 0.750000 0.939693
vt 0.883022 0.826352
vt 0.969846 0.673648
vt 1.000000 0.500000
vt 0.969846 0.326352
vt 0.883022 0.173648
vt 0.750000 0.060307
vt 0.586824 0.000000
vt 0.413176 0.000000
vt 0.250000 0.060307
vt 0.116978 0.173648
vt 0.030154 0.326352
vt 0.000000 0.500000
vt 0.000000 0.500000
vt 0.030154 0.326352
vt 0.116978 0.173648
vt 0.250000 0.060307
vt 0.413176 0.000000
vt 0.586824 0.000000
vt 0.750000 0.060307
vt 0.883022 0.173648
vt 0.969846 0.326352
vt 1.000000 0.500000
vt 0.969846 0.673648
vt 0.883022 0.826352
vt 0.750000 0.939693
vt 0.586824 1.000000
vt 0.413176 1.000000
vt 0.250000 0.939693
vt 0.116978 0.826352
vt 0.030154 0.673648
vt 1.000000 0.000000
vt 1.000000 1.000000
vt 0.000000 1.000000
vt 0.000000 0.000000
vt 1.000000 0.000000
vt 1.000000 1.000000
vt 0.000000 1.000000
vt 0.000000 0.000000
vt 0.000000 0.000000
vt 0.000000 1.000000
vt 1.000000 1.000000
vt 1.000000 0.000000
vt 0.000000 0.000000
vt 0.000000 1.000000
vt 1.000000 1.000000
vt 1.000000 0.000000
vt 0.000000 0.000000
vt 0.000000 1.000000
vt 1.000000 1.000000
vt 1.000000 0.000000
vt 0.000000 0.000000
vt 0.000000 1.000000
vt 1.000000 1.000000
vt 1.000000 0.000000
vt 0.000000 0.000000
vt 0.000000 1.000000
vt 1.000000 1.000000
vt 1.000000 0.000000
vt 0.000000 0.000000
vt 0.000000 1.000000
vt 1.000000 1.000000
vt 1.000000 0.000000
vt 0.000000 0.000000
vt 0.000000 1.000000
vt 1.000000 1.000000
vt 1.000000 0.000000
vt 0.000000 0.000000
vt 0.000000 1.000000
vt 1.000000 1.000000
vt 1.000000 0.000000
vt 0.000000 0.000000
vt 0.000000 1.000000
vt 1.000000 1.000000
vt 1.000000 0.000000
vt 1.000000 0.000000
vt 1.000000 1.000000
vt 0.000000 1.000000
vt 0.000000 0.000000
vt 1.000000 0.000000
vt 1.000000 1.000000
vt 0.000000 1.000000
vt 0.000000 0.000000
vt 1.000000 0.000000
vt 1.000000 1.000000
vt 0.000000 1.000000
vt 0.000000 0.000000
vt 1.000000 0.000000
vt 1.000000 1.000000
vt 0.000000 1.000000
vt 0.000000 0.000000
vt 1.000000 0.000000
vt 1.000000 1.000000
vt 0.000000 1.000000
vt 0.000000 0.000000
vt 1.000000 0.000000
vt 1.000000 1.000000
vt 0.000000 1.000000
vt 0.000000 0.000000
vt 1.000000 0.000000
vt 1.000000 1.000000
vt 0.000000 1.000000
vt 0.000000 0.000000
f 5122/6673 5121/6674 5120/6675 5119/6676 5118/6677 5117/6678 5116/6679 5115/6680 5114/6681 5113/6682 5112/6683 5111/6684 5110/6685 5109/6686 5108/6687 5107/6688 5106/6689 5105/6690
f 5123/6691 5124/6692 5125/6693 5126/6694 5127/6695 5128/6696 5129/6697 5130/6698 5131/6699 5132/6700 5133/6701 5134/6702 5135/6703 5136/6704 5137/6705 5138/6706 5139/6707 5140/6708
f 5105/6709 5123/6710 5124/6711 5106/6712
f 5106/6713 5124/6714 5125/6715 5107/6716
f 5107/6717 5125/6718 5126/6719 5108/6720
f 5108/6721 5126/6722 5127/6723 5109/6724
f 5109/6725 5127/6726 5128/6727 5110/6728
f 5110/6729 5128/6730 5129/6731 5111/6732
f 5111/6733 5129/6734 5130/6735 5112/6736
f 5112/6737 5130/6738 5131/6739 5113/6740
f 5113/6741 5131/6742 5132/6743 5114/6744
f 5114/6745 5132/6746 5133/6747 5115/6748
f 5115/6749 5133/6750 5134/6751 5116/6752
f 5116/6753 5134/6754 5135/6755 5117/6756
f 5117/6757 5135/6758 5136/6759 5118/6760
f 5118/6761 5136/6762 5137/6763 5119/6764
f 5119/6765 5137/6766 5138/6767 5120/6768
f 5120/6769 5138/6770 5139/6771 5121/6772
f 5121/6773 5139/6774 5140/6775 5122/6776
f 5122/6777 5140/6778 5123/6779 5105/6780
o SideRailTopRight
usemtl SFP_R2_Metal
v -8.00000 54.85000 148.00000
v -7.76746 54.97966 147.30239
v -7.56298 55.35300 146.68893
v -7.41120 55.92500 146.23359
v -7.33044 56.62666 145.99132
v -7.33044 57.37334 145.99132
v -7.41120 58.07500 146.23359
v -7.56298 58.64700 146.68893
v -7.76746 59.02034 147.30239
v -8.00000 59.15000 148.00000
v -8.23254 59.02034 148.69761
v -8.43702 58.64700 149.31107
v -8.58880 58.07500 149.76641
v -8.66956 57.37334 150.00868
v -8.66956 56.62666 150.00868
v -8.58880 55.92500 149.76641
v -8.43702 55.35300 149.31107
v -8.23254 54.97966 148.69761
v 1.00000 54.85000 151.00000
v 1.23254 54.97966 150.30239
v 1.43702 55.35300 149.68893
v 1.58880 55.92500 149.23359
v 1.66956 56.62666 148.99132
v 1.66956 57.37334 148.99132
v 1.58880 58.07500 149.23359
v 1.43702 58.64700 149.68893
v 1.23254 59.02034 150.30239
v 1.00000 59.15000 151.00000
v 0.76746 59.02034 151.69761
v 0.56298 58.64700 152.31107
v 0.41120 58.07500 152.76641
v 0.33044 57.37334 153.00868
v 0.33044 56.62666 153.00868
v 0.41120 55.92500 152.76641
v 0.56298 55.35300 152.31107
v 0.76746 54.97966 151.69761
vt 0.030154 0.673648
vt 0.116978 0.826352
vt 0.250000 0.939693
vt 0.413176 1.000000
vt 0.586824 1.000000
vt 0.750000 0.939693
vt 0.883022 0.826352
vt 0.969846 0.673648
vt 1.000000 0.500000
vt 0.969846 0.326352
vt 0.883022 0.173648
vt 0.750000 0.060307
vt 0.586824 0.000000
vt 0.413176 0.000000
vt 0.250000 0.060307
vt 0.116978 0.173648
vt 0.030154 0.326352
vt 0.000000 0.500000
vt 0.000000 0.500000
vt 0.030154 0.326352
vt 0.116978 0.173648
vt 0.250000 0.060307
vt 0.413176 0.000000
vt 0.586824 0.000000
vt 0.750000 0.060307
vt 0.883022 0.173648
vt 0.969846 0.326352
vt 1.000000 0.500000
vt 0.969846 0.673648
vt 0.883022 0.826352
vt 0.750000 0.939693
vt 0.586824 1.000000
vt 0.413176 1.000000
vt 0.250000 0.939693
vt 0.116978 0.826352
vt 0.030154 0.673648
vt 0.000000 0.188665
vt 0.974813 1.000000
vt 1.000000 0.811335
vt 0.025187 0.000000
vt 0.000000 0.169772
vt 0.977784 1.000000
vt 1.000000 0.830228
vt 0.022216 0.000000
vt 0.000000 0.000000
vt 0.983416 0.000000
vt 1.000000 1.000000
vt 0.016584 1.000000
vt 0.000000 0.000000
vt 0.991107 0.000000
vt 1.000000 1.000000
vt 0.008893 1.000000
vt 0.000000 0.000000
vt 1.000000 0.000000
vt 1.000000 1.000000
vt 0.000000 1.000000
vt 0.008893 0.000000
vt 1.000000 0.000000
vt 0.991107 1.000000
vt 0.000000 1.000000
vt 0.016584 0.000000
vt 1.000000 0.000000
vt 0.983416 1.000000
vt 0.000000 1.000000
vt 0.022216 0.000000
vt 1.000000 0.830228
vt 0.977784 1.000000
vt 0.000000 0.169772
vt 0.025187 0.000000
vt 1.000000 0.811335
vt 0.974813 1.000000
vt 0.000000 0.188665
vt 0.025187 0.000000
vt 1.000000 0.811335
vt 0.974813 1.000000
vt 0.000000 0.188665
vt 0.022216 0.000000
vt 1.000000 0.830228
vt 0.977784 1.000000
vt 0.000000 0.169772
vt 0.016584 1.000000
vt 1.000000 1.000000
vt 0.983416 0.000000
vt 0.000000 0.000000
vt 0.008893 1.000000
vt 1.000000 1.000000
vt 0.991107 0.000000
vt 0.000000 0.000000
vt 0.000000 1.000000
vt 1.000000 1.000000
vt 1.000000 0.000000
vt 0.000000 0.000000
vt 0.000000 1.000000
vt 0.991107 1.000000
vt 1.000000 0.000000
vt 0.008893 0.000000
vt 0.000000 1.000000
vt 0.983416 1.000000
vt 1.000000 0.000000
vt 0.016584 0.000000
vt 0.000000 0.169772
vt 0.977784 1.000000
vt 1.000000 0.830228
vt 0.022216 0.000000
vt 0.000000 0.188665
vt 0.974813 1.000000
vt 1.000000 0.811335
vt 0.025187 0.000000
f 5158/6781 5157/6782 5156/6783 5155/6784 5154/6785 5153/6786 5152/6787 5151/6788 5150/6789 5149/6790 5148/6791 5147/6792 5146/6793 5145/6794 5144/6795 5143/6796 5142/6797 5141/6798
f 5159/6799 5160/6800 5161/6801 5162/6802 5163/6803 5164/6804 5165/6805 5166/6806 5167/6807 5168/6808 5169/6809 5170/6810 5171/6811 5172/6812 5173/6813 5174/6814 5175/6815 5176/6816
f 5141/6817 5159/6818 5160/6819 5142/6820
f 5142/6821 5160/6822 5161/6823 5143/6824
f 5143/6825 5161/6826 5162/6827 5144/6828
f 5144/6829 5162/6830 5163/6831 5145/6832
f 5145/6833 5163/6834 5164/6835 5146/6836
f 5146/6837 5164/6838 5165/6839 5147/6840
f 5147/6841 5165/6842 5166/6843 5148/6844
f 5148/6845 5166/6846 5167/6847 5149/6848
f 5149/6849 5167/6850 5168/6851 5150/6852
f 5150/6853 5168/6854 5169/6855 5151/6856
f 5151/6857 5169/6858 5170/6859 5152/6860
f 5152/6861 5170/6862 5171/6863 5153/6864
f 5153/6865 5171/6866 5172/6867 5154/6868
f 5154/6869 5172/6870 5173/6871 5155/6872
f 5155/6873 5173/6874 5174/6875 5156/6876
f 5156/6877 5174/6878 5175/6879 5157/6880
f 5157/6881 5175/6882 5176/6883 5158/6884
f 5158/6885 5176/6886 5159/6887 5141/6888
o SideRailBottomRight
usemtl SFP_R2_Metal
v -8.00000 54.85000 103.00000
v -8.20201 54.97966 102.29295
v -8.37966 55.35300 101.67118
v -8.51152 55.92500 101.20969
v -8.58168 56.62666 100.96413
v -8.58168 57.37334 100.96413
v -8.51152 58.07500 101.20969
v -8.37966 58.64700 101.67118
v -8.20201 59.02034 102.29295
v -8.00000 59.15000 103.00000
v -7.79799 59.02034 103.70705
v -7.62034 58.64700 104.32882
v -7.48848 58.07500 104.79031
v -7.41832 57.37334 105.03587
v -7.41832 56.62666 105.03587
v -7.48848 55.92500 104.79031
v -7.62034 55.35300 104.32882
v -7.79799 54.97966 103.70705
v 13.00000 54.85000 97.00000
v 12.79799 54.97966 96.29295
v 12.62034 55.35300 95.67118
v 12.48848 55.92500 95.20969
v 12.41832 56.62666 94.96413
v 12.41832 57.37334 94.96413
v 12.48848 58.07500 95.20969
v 12.62034 58.64700 95.67118
v 12.79799 59.02034 96.29295
v 13.00000 59.15000 97.00000
v 13.20201 59.02034 97.70705
v 13.37966 58.64700 98.32882
v 13.51152 58.07500 98.79031
v 13.58168 57.37334 99.03587
v 13.58168 56.62666 99.03587
v 13.51152 55.92500 98.79031
v 13.37966 55.35300 98.32882
v 13.20201 54.97966 97.70705
vt 0.030154 0.673648
vt 0.116978 0.826352
vt 0.250000 0.939693
vt 0.413176 1.000000
vt 0.586824 1.000000
vt 0.750000 0.939693
vt 0.883022 0.826352
vt 0.969846 0.673648
vt 1.000000 0.500000
vt 0.969846 0.326352
vt 0.883022 0.173648
vt 0.750000 0.060307
vt 0.586824 0.000000
vt 0.413176 0.000000
vt 0.250000 0.060307
vt 0.116978 0.173648
vt 0.030154 0.326352
vt 0.000000 0.500000
vt 0.000000 0.500000
vt 0.030154 0.326352
vt 0.116978 0.173648
vt 0.250000 0.060307
vt 0.413176 0.000000
vt 0.586824 0.000000
vt 0.750000 0.060307
vt 0.883022 0.173648
vt 0.969846 0.326352
vt 1.000000 0.500000
vt 0.969846 0.673648
vt 0.883022 0.826352
vt 0.750000 0.939693
vt 0.586824 1.000000
vt 0.413176 1.000000
vt 0.250000 0.939693
vt 0.116978 0.826352
vt 0.030154 0.673648
vt 0.009528 1.000000
vt 1.000000 0.105419
vt 0.990472 0.000000
vt 0.000000 0.894581
vt 0.008388 1.000000
vt 1.000000 0.093898
vt 0.991612 0.000000
vt 0.000000 0.906102
vt 0.006240 0.000000
vt 1.000000 0.000000
vt 0.993760 1.000000
vt 0.000000 1.000000
vt 0.003330 0.000000
vt 1.000000 0.000000
vt 0.996670 1.000000
vt 0.000000 1.000000
vt 0.000000 0.000000
vt 1.000000 0.000000
vt 1.000000 1.000000
vt 0.000000 1.000000
vt 0.000000 0.000000
vt 0.996670 0.000000
vt 1.000000 1.000000
vt 0.003330 1.000000
vt 0.000000 0.000000
vt 0.993760 0.000000
vt 1.000000 1.000000
vt 0.006240 1.000000
vt 0.000000 0.906102
vt 0.991612 0.000000
vt 1.000000 0.093898
vt 0.008388 1.000000
vt 0.000000 0.894581
vt 0.990472 0.000000
vt 1.000000 0.105419
vt 0.009528 1.000000
vt 0.000000 0.894581
vt 0.990472 0.000000
vt 1.000000 0.105419
vt 0.009528 1.000000
vt 0.000000 0.906102
vt 0.991612 0.000000
vt 1.000000 0.093898
vt 0.008388 1.000000
vt 0.000000 1.000000
vt 0.993760 1.000000
vt 1.000000 0.000000
vt 0.006240 0.000000
vt 0.000000 1.000000
vt 0.996670 1.000000
vt 1.000000 0.000000
vt 0.003330 0.000000
vt 0.000000 1.000000
vt 1.000000 1.000000
vt 1.000000 0.000000
vt 0.000000 0.000000
vt 0.003330 1.000000
vt 1.000000 1.000000
vt 0.996670 0.000000
vt 0.000000 0.000000
vt 0.006240 1.000000
vt 1.000000 1.000000
vt 0.993760 0.000000
vt 0.000000 0.000000
vt 0.008388 1.000000
vt 1.000000 0.093898
vt 0.991612 0.000000
vt 0.000000 0.906102
vt 0.009528 1.000000
vt 1.000000 0.105419
vt 0.990472 0.000000
vt 0.000000 0.894581
f 5194/6889 5193/6890 5192/6891 5191/6892 5190/6893 5189/6894 5188/6895 5187/6896 5186/6897 5185/6898 5184/6899 5183/6900 5182/6901 5181/6902 5180/6903 5179/6904 5178/6905 5177/6906
f 5195/6907 5196/6908 5197/6909 5198/6910 5199/6911 5200/6912 5201/6913 5202/6914 5203/6915 5204/6916 5205/6917 5206/6918 5207/6919 5208/6920 5209/6921 5210/6922 5211/6923 5212/6924
f 5177/6925 5195/6926 5196/6927 5178/6928
f 5178/6929 5196/6930 5197/6931 5179/6932
f 5179/6933 5197/6934 5198/6935 5180/6936
f 5180/6937 5198/6938 5199/6939 5181/6940
f 5181/6941 5199/6942 5200/6943 5182/6944
f 5182/6945 5200/6946 5201/6947 5183/6948
f 5183/6949 5201/6950 5202/6951 5184/6952
f 5184/6953 5202/6954 5203/6955 5185/6956
f 5185/6957 5203/6958 5204/6959 5186/6960
f 5186/6961 5204/6962 5205/6963 5187/6964
f 5187/6965 5205/6966 5206/6967 5188/6968
f 5188/6969 5206/6970 5207/6971 5189/6972
f 5189/6973 5207/6974 5208/6975 5190/6976
f 5190/6977 5208/6978 5209/6979 5191/6980
f 5191/6981 5209/6982 5210/6983 5192/6984
f 5192/6985 5210/6986 5211/6987 5193/6988
f 5193/6989 5211/6990 5212/6991 5194/6992
f 5194/6993 5212/6994 5195/6995 5177/6996
o RailGuardRight
usemtl SFP_R2_Accent
v 0.60185 55.20000 108.39245
v 0.60185 58.80000 108.39245
v -2.54346 58.80000 130.77251
v -2.54346 55.20000 130.77251
v 1.79017 54.00000 108.55946
v 5.35514 54.00000 109.06048
v 2.20983 54.00000 131.44054
v -1.35514 54.00000 130.93952
v 1.95718 55.20000 107.37114
v 5.52215 55.20000 107.87216
v 5.52215 58.80000 107.87216
v 1.95718 58.80000 107.37114
v 6.54346 55.20000 109.22749
v 6.54346 58.80000 109.22749
v 3.39815 58.80000 131.60755
v 3.39815 55.20000 131.60755
v 1.79017 60.00000 108.55946
v 5.35514 60.00000 109.06048
v 2.20983 60.00000 131.44054
v -1.35514 60.00000 130.93952
v -1.52215 55.20000 132.12784
v 2.04282 55.20000 132.62886
v 2.04282 58.80000 132.62886
v -1.52215 58.80000 132.12784
v 0.60185 55.20000 108.39245
v 1.79017 54.00000 108.55946
v -1.35514 54.00000 130.93952
v -2.54346 55.20000 130.77251
v 0.60185 58.80000 108.39245
v 1.79017 60.00000 108.55946
v -1.35514 60.00000 130.93952
v -2.54346 58.80000 130.77251
v 6.54346 55.20000 109.22749
v 5.35514 54.00000 109.06048
v 2.20983 54.00000 131.44054
v 3.39815 55.20000 131.60755
v 6.54346 58.80000 109.22749
v 5.35514 60.00000 109.06048
v 2.20983 60.00000 131.44054
v 3.39815 58.80000 131.60755
v 0.60185 55.20000 108.39245
v 1.95718 55.20000 107.37114
v 1.95718 58.80000 107.37114
v 0.60185 58.80000 108.39245
v -2.54346 55.20000 130.77251
v -1.52215 55.20000 132.12784
v -1.52215 58.80000 132.12784
v -2.54346 58.80000 130.77251
v 6.54346 55.20000 109.22749
v 5.52215 55.20000 107.87216
v 5.52215 58.80000 107.87216
v 6.54346 58.80000 109.22749
v 3.39815 55.20000 131.60755
v 2.04282 55.20000 132.62886
v 2.04282 58.80000 132.62886
v 3.39815 58.80000 131.60755
v 1.79017 54.00000 108.55946
v 1.95718 55.20000 107.37114
v 5.52215 55.20000 107.87216
v 5.35514 54.00000 109.06048
v -1.35514 54.00000 130.93952
v -1.52215 55.20000 132.12784
v 2.04282 55.20000 132.62886
v 2.20983 54.00000 131.44054
v 1.79017 60.00000 108.55946
v 1.95718 58.80000 107.37114
v 5.52215 58.80000 107.87216
v 5.35514 60.00000 109.06048
v -1.35514 60.00000 130.93952
v -1.52215 58.80000 132.12784
v 2.04282 58.80000 132.62886
v 2.20983 60.00000 131.44054
v 0.60185 55.20000 108.39245
v 1.79017 54.00000 108.55946
v 1.95718 55.20000 107.37114
v -2.54346 55.20000 130.77251
v -1.35514 54.00000 130.93952
v -1.52215 55.20000 132.12784
v 0.60185 58.80000 108.39245
v 1.79017 60.00000 108.55946
v 1.95718 58.80000 107.37114
v -2.54346 58.80000 130.77251
v -1.35514 60.00000 130.93952
v -1.52215 58.80000 132.12784
v 6.54346 55.20000 109.22749
v 5.35514 54.00000 109.06048
v 5.52215 55.20000 107.87216
v 3.39815 55.20000 131.60755
v 2.20983 54.00000 131.44054
v 2.04282 55.20000 132.62886
v 6.54346 58.80000 109.22749
v 5.35514 60.00000 109.06048
v 5.52215 58.80000 107.87216
v 3.39815 58.80000 131.60755
v 2.20983 60.00000 131.44054
v 2.04282 58.80000 132.62886
vt 0.000000 1.000000
vt 1.000000 1.000000
vt 1.000000 0.000000
vt 0.000000 0.000000
vt 0.468731 0.000000
vt 1.000000 0.021897
vt 0.531269 1.000000
vt 0.000000 0.978103
vt 0.000000 1.000000
vt 1.000000 1.000000
vt 1.000000 0.000000
vt 0.000000 0.000000
vt 0.000000 0.000000
vt 1.000000 0.000000
vt 1.000000 1.000000
vt 0.000000 1.000000
vt 0.000000 0.978103
vt 0.531269 1.000000
vt 1.000000 0.021897
vt 0.468731 0.000000
vt 0.000000 0.000000
vt 1.000000 0.000000
vt 1.000000 1.000000
vt 0.000000 1.000000
vt 0.725791 0.000000
vt 1.000000 0.007407
vt 0.274209 1.000000
vt 0.000000 0.992593
vt 0.000000 0.992593
vt 0.274209 1.000000
vt 1.000000 0.007407
vt 0.725791 0.000000
vt 0.274209 1.000000
vt 0.000000 0.992593
vt 0.725791 0.000000
vt 1.000000 0.007407
vt 1.000000 0.007407
vt 0.725791 0.000000
vt 0.000000 0.992593
vt 0.274209 1.000000
vt 0.000000 1.000000
vt 1.000000 1.000000
vt 1.000000 0.000000
vt 0.000000 0.000000
vt 0.000000 0.000000
vt 0.000000 1.000000
vt 1.000000 1.000000
vt 1.000000 0.000000
vt 0.000000 1.000000
vt 0.000000 0.000000
vt 1.000000 0.000000
vt 1.000000 1.000000
vt 1.000000 1.000000
vt 0.000000 1.000000
vt 0.000000 0.000000
vt 1.000000 0.000000
vt 0.000000 0.703422
vt 0.044751 0.000000
vt 1.000000 0.296578
vt 0.955249 1.000000
vt 1.000000 0.296578
vt 0.955249 1.000000
vt 0.000000 0.703422
vt 0.044751 0.000000
vt 0.955249 1.000000
vt 1.000000 0.296578
vt 0.044751 0.000000
vt 0.000000 0.703422
vt 0.044751 0.000000
vt 0.000000 0.703422
vt 0.955249 1.000000
vt 1.000000 0.296578
vt 1.000000 1.000000
vt 0.876777 0.000000
vt 0.000000 1.000000
vt 1.000000 0.000000
vt 0.000000 0.123223
vt 1.000000 1.000000
vt 0.000000 0.000000
vt 0.876777 1.000000
vt 1.000000 0.000000
vt 0.000000 1.000000
vt 1.000000 0.123223
vt 0.000000 0.000000
vt 1.000000 1.000000
vt 0.000000 0.876777
vt 1.000000 0.000000
vt 0.000000 1.000000
vt 0.123223 0.000000
vt 1.000000 1.000000
vt 0.000000 0.000000
vt 1.000000 0.876777
vt 0.000000 1.000000
vt 1.000000 0.000000
vt 0.123223 1.000000
vt 0.000000 0.000000
f 5216/6997 5215/6998 5214/6999 5213/7000
f 5217/7001 5218/7002 5219/7003 5220/7004
f 5224/7005 5223/7006 5222/7007 5221/7008
f 5225/7009 5226/7010 5227/7011 5228/7012
f 5232/7013 5231/7014 5230/7015 5229/7016
f 5233/7017 5234/7018 5235/7019 5236/7020
f 5237/7021 5238/7022 5239/7023 5240/7024
f 5244/7025 5243/7026 5242/7027 5241/7028
f 5248/7029 5247/7030 5246/7031 5245/7032
f 5249/7033 5250/7034 5251/7035 5252/7036
f 5256/7037 5255/7038 5254/7039 5253/7040
f 5257/7041 5258/7042 5259/7043 5260/7044
f 5261/7045 5262/7046 5263/7047 5264/7048
f 5268/7049 5267/7050 5266/7051 5265/7052
f 5269/7053 5270/7054 5271/7055 5272/7056
f 5276/7057 5275/7058 5274/7059 5273/7060
f 5280/7061 5279/7062 5278/7063 5277/7064
f 5281/7065 5282/7066 5283/7067 5284/7068
f 5287/7069 5286/7070 5285/7071
f 5288/7072 5289/7073 5290/7074
f 5291/7075 5292/7076 5293/7077
f 5296/7078 5295/7079 5294/7080
f 5297/7081 5298/7082 5299/7083
f 5302/7084 5301/7085 5300/7086
f 5305/7087 5304/7088 5303/7089
f 5306/7090 5307/7091 5308/7092
o RearStrutLeft
usemtl SFP_R2_Body
v -26.77299 -31.50000 76.00194
v -26.77299 -26.50000 76.00194
v -32.06157 -26.50000 113.63212
v -32.06157 -31.50000 113.63212
v -24.79245 -33.50000 76.28028
v -11.91897 -33.50000 78.08953
v -17.20755 -33.50000 115.71972
v -30.08103 -33.50000 113.91047
v -24.51411 -31.50000 74.29975
v -11.64062 -31.50000 76.10900
v -11.64062 -26.50000 76.10900
v -24.51411 -26.50000 74.29975
v -9.93843 -31.50000 78.36788
v -9.93843 -26.50000 78.36788
v -15.22701 -26.50000 115.99806
v -15.22701 -31.50000 115.99806
v -24.79245 -24.50000 76.28028
v -11.91897 -24.50000 78.08953
v -17.20755 -24.50000 115.71972
v -30.08103 -24.50000 113.91047
v -30.35938 -31.50000 115.89100
v -17.48589 -31.50000 117.70025
v -17.48589 -26.50000 117.70025
v -30.35938 -26.50000 115.89100
v -26.77299 -31.50000 76.00194
v -24.79245 -33.50000 76.28028
v -30.08103 -33.50000 113.91047
v -32.06157 -31.50000 113.63212
v -26.77299 -26.50000 76.00194
v -24.79245 -24.50000 76.28028
v -30.08103 -24.50000 113.91047
v -32.06157 -26.50000 113.63212
v -9.93843 -31.50000 78.36788
v -11.91897 -33.50000 78.08953
v -17.20755 -33.50000 115.71972
v -15.22701 -31.50000 115.99806
v -9.93843 -26.50000 78.36788
v -11.91897 -24.50000 78.08953
v -17.20755 -24.50000 115.71972
v -15.22701 -26.50000 115.99806
v -26.77299 -31.50000 76.00194
v -24.51411 -31.50000 74.29975
v -24.51411 -26.50000 74.29975
v -26.77299 -26.50000 76.00194
v -32.06157 -31.50000 113.63212
v -30.35938 -31.50000 115.89100
v -30.35938 -26.50000 115.89100
v -32.06157 -26.50000 113.63212
v -9.93843 -31.50000 78.36788
v -11.64062 -31.50000 76.10900
v -11.64062 -26.50000 76.10900
v -9.93843 -26.50000 78.36788
v -15.22701 -31.50000 115.99806
v -17.48589 -31.50000 117.70025
v -17.48589 -26.50000 117.70025
v -15.22701 -26.50000 115.99806
v -24.79245 -33.50000 76.28028
v -24.51411 -31.50000 74.29975
v -11.64062 -31.50000 76.10900
v -11.91897 -33.50000 78.08953
v -30.08103 -33.50000 113.91047
v -30.35938 -31.50000 115.89100
v -17.48589 -31.50000 117.70025
v -17.20755 -33.50000 115.71972
v -24.79245 -24.50000 76.28028
v -24.51411 -26.50000 74.29975
v -11.64062 -26.50000 76.10900
v -11.91897 -24.50000 78.08953
v -30.08103 -24.50000 113.91047
v -30.35938 -26.50000 115.89100
v -17.48589 -26.50000 117.70025
v -17.20755 -24.50000 115.71972
v -26.77299 -31.50000 76.00194
v -24.79245 -33.50000 76.28028
v -24.51411 -31.50000 74.29975
v -32.06157 -31.50000 113.63212
v -30.08103 -33.50000 113.91047
v -30.35938 -31.50000 115.89100
v -26.77299 -26.50000 76.00194
v -24.79245 -24.50000 76.28028
v -24.51411 -26.50000 74.29975
v -32.06157 -26.50000 113.63212
v -30.08103 -24.50000 113.91047
v -30.35938 -26.50000 115.89100
v -9.93843 -31.50000 78.36788
v -11.91897 -33.50000 78.08953
v -11.64062 -31.50000 76.10900
v -15.22701 -31.50000 115.99806
v -17.20755 -33.50000 115.71972
v -17.48589 -31.50000 117.70025
v -9.93843 -26.50000 78.36788
v -11.91897 -24.50000 78.08953
v -11.64062 -26.50000 76.10900
v -15.22701 -26.50000 115.99806
v -17.20755 -24.50000 115.71972
v -17.48589 -26.50000 117.70025
vt 0.000000 1.000000
vt 1.000000 1.000000
vt 1.000000 0.000000
vt 0.000000 0.000000
vt 0.291188 0.000000
vt 1.000000 0.045874
vt 0.708812 1.000000
vt 0.000000 0.954126
vt 0.000000 1.000000
vt 1.000000 1.000000
vt 1.000000 0.000000
vt 0.000000 0.000000
vt 0.000000 0.000000
vt 1.000000 0.000000
vt 1.000000 1.000000
vt 0.000000 1.000000
vt 0.000000 0.954126
vt 0.708812 1.000000
vt 1.000000 0.045874
vt 0.291188 0.000000
vt 0.000000 0.000000
vt 1.000000 0.000000
vt 1.000000 1.000000
vt 0.000000 1.000000
vt 0.727541 0.000000
vt 1.000000 0.007343
vt 0.272459 1.000000
vt 0.000000 0.992657
vt 0.000000 0.992657
vt 0.272459 1.000000
vt 1.000000 0.007343
vt 0.727541 0.000000
vt 0.272459 1.000000
vt 0.000000 0.992657
vt 0.727541 0.000000
vt 1.000000 0.007343
vt 1.000000 0.007343
vt 0.727541 0.000000
vt 0.000000 0.992657
vt 0.272459 1.000000
vt 0.000000 1.000000
vt 1.000000 1.000000
vt 1.000000 0.000000
vt 0.000000 0.000000
vt 0.000000 0.000000
vt 0.000000 1.000000
vt 1.000000 1.000000
vt 1.000000 0.000000
vt 0.000000 1.000000
vt 0.000000 0.000000
vt 1.000000 0.000000
vt 1.000000 1.000000
vt 1.000000 1.000000
vt 0.000000 1.000000
vt 0.000000 0.000000
vt 1.000000 0.000000
vt 0.000000 0.522598
vt 0.021164 0.000000
vt 1.000000 0.477402
vt 0.978836 1.000000
vt 1.000000 0.477402
vt 0.978836 1.000000
vt 0.000000 0.522598
vt 0.021164 0.000000
vt 0.978836 1.000000
vt 1.000000 0.477402
vt 0.021164 0.000000
vt 0.000000 0.522598
vt 0.021164 0.000000
vt 0.000000 0.522598
vt 0.978836 1.000000
vt 1.000000 0.477402
vt 1.000000 1.000000
vt 0.876777 0.000000
vt 0.000000 1.000000
vt 1.000000 0.000000
vt 0.000000 0.123223
vt 1.000000 1.000000
vt 0.000000 0.000000
vt 0.876777 1.000000
vt 1.000000 0.000000
vt 0.000000 1.000000
vt 1.000000 0.123223
vt 0.000000 0.000000
vt 1.000000 1.000000
vt 0.000000 0.876777
vt 1.000000 0.000000
vt 0.000000 1.000000
vt 0.123223 0.000000
vt 1.000000 1.000000
vt 0.000000 0.000000
vt 1.000000 0.876777
vt 0.000000 1.000000
vt 1.000000 0.000000
vt 0.123223 1.000000
vt 0.000000 0.000000
f 5312/7093 5311/7094 5310/7095 5309/7096
f 5313/7097 5314/7098 5315/7099 5316/7100
f 5320/7101 5319/7102 5318/7103 5317/7104
f 5321/7105 5322/7106 5323/7107 5324/7108
f 5328/7109 5327/7110 5326/7111 5325/7112
f 5329/7113 5330/7114 5331/7115 5332/7116
f 5333/7117 5334/7118 5335/7119 5336/7120
f 5340/7121 5339/7122 5338/7123 5337/7124
f 5344/7125 5343/7126 5342/7127 5341/7128
f 5345/7129 5346/7130 5347/7131 5348/7132
f 5352/7133 5351/7134 5350/7135 5349/7136
f 5353/7137 5354/7138 5355/7139 5356/7140
f 5357/7141 5358/7142 5359/7143 5360/7144
f 5364/7145 5363/7146 5362/7147 5361/7148
f 5365/7149 5366/7150 5367/7151 5368/7152
f 5372/7153 5371/7154 5370/7155 5369/7156
f 5376/7157 5375/7158 5374/7159 5373/7160
f 5377/7161 5378/7162 5379/7163 5380/7164
f 5383/7165 5382/7166 5381/7167
f 5384/7168 5385/7169 5386/7170
f 5387/7171 5388/7172 5389/7173
f 5392/7174 5391/7175 5390/7176
f 5393/7177 5394/7178 5395/7179
f 5398/7180 5397/7181 5396/7182
f 5401/7183 5400/7184 5399/7185
f 5402/7186 5403/7187 5404/7188
o RearStrutCapLeft
usemtl SFP_R2_Metal
v -25.11947 -33.00000 78.55815
v -25.11947 -25.00000 78.55815
v -25.67616 -25.00000 82.51922
v -25.67616 -33.00000 82.51922
v -23.63407 -34.50000 78.76691
v -5.80924 -34.50000 81.27202
v -6.36593 -34.50000 85.23309
v -24.19076 -34.50000 82.72798
v -23.42531 -33.00000 77.28150
v -5.60048 -33.00000 79.78662
v -5.60048 -25.00000 79.78662
v -23.42531 -25.00000 77.28150
v -4.32384 -33.00000 81.48078
v -4.32384 -25.00000 81.48078
v -4.88053 -25.00000 85.44185
v -4.88053 -33.00000 85.44185
v -23.63407 -23.50000 78.76691
v -5.80924 -23.50000 81.27202
v -6.36593 -23.50000 85.23309
v -24.19076 -23.50000 82.72798
v -24.39952 -33.00000 84.21338
v -6.57469 -33.00000 86.71850
v -6.57469 -25.00000 86.71850
v -24.39952 -25.00000 84.21338
v -25.11947 -33.00000 78.55815
v -23.63407 -34.50000 78.76691
v -24.19076 -34.50000 82.72798
v -25.67616 -33.00000 82.51922
v -25.11947 -25.00000 78.55815
v -23.63407 -23.50000 78.76691
v -24.19076 -23.50000 82.72798
v -25.67616 -25.00000 82.51922
v -4.32384 -33.00000 81.48078
v -5.80924 -34.50000 81.27202
v -6.36593 -34.50000 85.23309
v -4.88053 -33.00000 85.44185
v -4.32384 -25.00000 81.48078
v -5.80924 -23.50000 81.27202
v -6.36593 -23.50000 85.23309
v -4.88053 -25.00000 85.44185
v -25.11947 -33.00000 78.55815
v -23.42531 -33.00000 77.28150
v -23.42531 -25.00000 77.28150
v -25.11947 -25.00000 78.55815
v -25.67616 -33.00000 82.51922
v -24.39952 -33.00000 84.21338
v -24.39952 -25.00000 84.21338
v -25.67616 -25.00000 82.51922
v -4.32384 -33.00000 81.48078
v -5.60048 -33.00000 79.78662
v -5.60048 -25.00000 79.78662
v -4.32384 -25.00000 81.48078
v -4.88053 -33.00000 85.44185
v -6.57469 -33.00000 86.71850
v -6.57469 -25.00000 86.71850
v -4.88053 -25.00000 85.44185
v -23.63407 -34.50000 78.76691
v -23.42531 -33.00000 77.28150
v -5.60048 -33.00000 79.78662
v -5.80924 -34.50000 81.27202
v -24.19076 -34.50000 82.72798
v -24.39952 -33.00000 84.21338
v -6.57469 -33.00000 86.71850
v -6.36593 -34.50000 85.23309
v -23.63407 -23.50000 78.76691
v -23.42531 -25.00000 77.28150
v -5.60048 -25.00000 79.78662
v -5.80924 -23.50000 81.27202
v -24.19076 -23.50000 82.72798
v -24.39952 -25.00000 84.21338
v -6.57469 -25.00000 86.71850
v -6.36593 -23.50000 85.23309
v -25.11947 -33.00000 78.55815
v -23.63407 -34.50000 78.76691
v -23.42531 -33.00000 77.28150
v -25.67616 -33.00000 82.51922
v -24.19076 -34.50000 82.72798
v -24.39952 -33.00000 84.21338
v -25.11947 -25.00000 78.55815
v -23.63407 -23.50000 78.76691
v -23.42531 -25.00000 77.28150
v -25.67616 -25.00000 82.51922
v -24.19076 -23.50000 82.72798
v -24.39952 -25.00000 84.21338
v -4.32384 -33.00000 81.48078
v -5.80924 -34.50000 81.27202
v -5.60048 -33.00000 79.78662
v -4.88053 -33.00000 85.44185
v -6.36593 -34.50000 85.23309
v -6.57469 -33.00000 86.71850
v -4.32384 -25.00000 81.48078
v -5.80924 -23.50000 81.27202
v -5.60048 -25.00000 79.78662
v -4.88053 -25.00000 85.44185
v -6.36593 -23.50000 85.23309
v -6.57469 -25.00000 86.71850
vt 0.000000 1.000000
vt 1.000000 1.000000
vt 1.000000 0.000000
vt 0.000000 0.000000
vt 0.030285 0.000000
vt 1.000000 0.387418
vt 0.969715 1.000000
vt 0.000000 0.612582
vt 0.000000 1.000000
vt 1.000000 1.000000
vt 1.000000 0.000000
vt 0.000000 0.000000
vt 0.000000 0.000000
vt 1.000000 0.000000
vt 1.000000 1.000000
vt 0.000000 1.000000
vt 0.000000 0.612582
vt 0.969715 1.000000
vt 1.000000 0.387418
vt 0.030285 0.000000
vt 0.000000 0.000000
vt 1.000000 0.000000
vt 1.000000 1.000000
vt 0.000000 1.000000
vt 0.272609 0.000000
vt 1.000000 0.050064
vt 0.727391 1.000000
vt 0.000000 0.949936
vt 0.000000 0.949936
vt 0.727391 1.000000
vt 1.000000 0.050064
vt 0.272609 0.000000
vt 0.727391 1.000000
vt 0.000000 0.949936
vt 0.272609 0.000000
vt 1.000000 0.050064
vt 1.000000 0.050064
vt 0.272609 0.000000
vt 0.000000 0.949936
vt 0.727391 1.000000
vt 0.000000 1.000000
vt 1.000000 1.000000
vt 1.000000 0.000000
vt 0.000000 0.000000
vt 0.000000 0.000000
vt 0.000000 1.000000
vt 1.000000 1.000000
vt 1.000000 0.000000
vt 0.000000 1.000000
vt 0.000000 0.000000
vt 1.000000 0.000000
vt 1.000000 1.000000
vt 1.000000 1.000000
vt 0.000000 1.000000
vt 0.000000 0.000000
vt 1.000000 0.000000
vt 0.000000 0.372233
vt 0.011576 0.000000
vt 1.000000 0.627767
vt 0.988424 1.000000
vt 1.000000 0.627767
vt 0.988424 1.000000
vt 0.000000 0.372233
vt 0.011576 0.000000
vt 0.988424 1.000000
vt 1.000000 0.627767
vt 0.011576 0.000000
vt 0.000000 0.372233
vt 0.011576 0.000000
vt 0.000000 0.372233
vt 0.988424 1.000000
vt 1.000000 0.627767
vt 1.000000 1.000000
vt 0.876777 0.000000
vt 0.000000 1.000000
vt 1.000000 0.000000
vt 0.000000 0.123223
vt 1.000000 1.000000
vt 0.000000 0.000000
vt 0.876777 1.000000
vt 1.000000 0.000000
vt 0.000000 1.000000
vt 1.000000 0.123223
vt 0.000000 0.000000
vt 1.000000 1.000000
vt 0.000000 0.876777
vt 1.000000 0.000000
vt 0.000000 1.000000
vt 0.123223 0.000000
vt 1.000000 1.000000
vt 0.000000 0.000000
vt 1.000000 0.876777
vt 0.000000 1.000000
vt 1.000000 0.000000
vt 0.123223 1.000000
vt 0.000000 0.000000
f 5408/7189 5407/7190 5406/7191 5405/7192
f 5409/7193 5410/7194 5411/7195 5412/7196
f 5416/7197 5415/7198 5414/7199 5413/7200
f 5417/7201 5418/7202 5419/7203 5420/7204
f 5424/7205 5423/7206 5422/7207 5421/7208
f 5425/7209 5426/7210 5427/7211 5428/7212
f 5429/7213 5430/7214 5431/7215 5432/7216
f 5436/7217 5435/7218 5434/7219 5433/7220
f 5440/7221 5439/7222 5438/7223 5437/7224
f 5441/7225 5442/7226 5443/7227 5444/7228
f 5448/7229 5447/7230 5446/7231 5445/7232
f 5449/7233 5450/7234 5451/7235 5452/7236
f 5453/7237 5454/7238 5455/7239 5456/7240
f 5460/7241 5459/7242 5458/7243 5457/7244
f 5461/7245 5462/7246 5463/7247 5464/7248
f 5468/7249 5467/7250 5466/7251 5465/7252
f 5472/7253 5471/7254 5470/7255 5469/7256
f 5473/7257 5474/7258 5475/7259 5476/7260
f 5479/7261 5478/7262 5477/7263
f 5480/7264 5481/7265 5482/7266
f 5483/7267 5484/7268 5485/7269
f 5488/7270 5487/7271 5486/7272
f 5489/7273 5490/7274 5491/7275
f 5494/7276 5493/7277 5492/7278
f 5497/7279 5496/7280 5495/7281
f 5498/7282 5499/7283 5500/7284
o RearStrutRight
usemtl SFP_R2_Body
v -26.77299 26.50000 76.00194
v -26.77299 31.50000 76.00194
v -32.06157 31.50000 113.63212
v -32.06157 26.50000 113.63212
v -24.79245 24.50000 76.28028
v -11.91897 24.50000 78.08953
v -17.20755 24.50000 115.71972
v -30.08103 24.50000 113.91047
v -24.51411 26.50000 74.29975
v -11.64062 26.50000 76.10900
v -11.64062 31.50000 76.10900
v -24.51411 31.50000 74.29975
v -9.93843 26.50000 78.36788
v -9.93843 31.50000 78.36788
v -15.22701 31.50000 115.99806
v -15.22701 26.50000 115.99806
v -24.79245 33.50000 76.28028
v -11.91897 33.50000 78.08953
v -17.20755 33.50000 115.71972
v -30.08103 33.50000 113.91047
v -30.35938 26.50000 115.89100
v -17.48589 26.50000 117.70025
v -17.48589 31.50000 117.70025
v -30.35938 31.50000 115.89100
v -26.77299 26.50000 76.00194
v -24.79245 24.50000 76.28028
v -30.08103 24.50000 113.91047
v -32.06157 26.50000 113.63212
v -26.77299 31.50000 76.00194
v -24.79245 33.50000 76.28028
v -30.08103 33.50000 113.91047
v -32.06157 31.50000 113.63212
v -9.93843 26.50000 78.36788
v -11.91897 24.50000 78.08953
v -17.20755 24.50000 115.71972
v -15.22701 26.50000 115.99806
v -9.93843 31.50000 78.36788
v -11.91897 33.50000 78.08953
v -17.20755 33.50000 115.71972
v -15.22701 31.50000 115.99806
v -26.77299 26.50000 76.00194
v -24.51411 26.50000 74.29975
v -24.51411 31.50000 74.29975
v -26.77299 31.50000 76.00194
v -32.06157 26.50000 113.63212
v -30.35938 26.50000 115.89100
v -30.35938 31.50000 115.89100
v -32.06157 31.50000 113.63212
v -9.93843 26.50000 78.36788
v -11.64062 26.50000 76.10900
v -11.64062 31.50000 76.10900
v -9.93843 31.50000 78.36788
v -15.22701 26.50000 115.99806
v -17.48589 26.50000 117.70025
v -17.48589 31.50000 117.70025
v -15.22701 31.50000 115.99806
v -24.79245 24.50000 76.28028
v -24.51411 26.50000 74.29975
v -11.64062 26.50000 76.10900
v -11.91897 24.50000 78.08953
v -30.08103 24.50000 113.91047
v -30.35938 26.50000 115.89100
v -17.48589 26.50000 117.70025
v -17.20755 24.50000 115.71972
v -24.79245 33.50000 76.28028
v -24.51411 31.50000 74.29975
v -11.64062 31.50000 76.10900
v -11.91897 33.50000 78.08953
v -30.08103 33.50000 113.91047
v -30.35938 31.50000 115.89100
v -17.48589 31.50000 117.70025
v -17.20755 33.50000 115.71972
v -26.77299 26.50000 76.00194
v -24.79245 24.50000 76.28028
v -24.51411 26.50000 74.29975
v -32.06157 26.50000 113.63212
v -30.08103 24.50000 113.91047
v -30.35938 26.50000 115.89100
v -26.77299 31.50000 76.00194
v -24.79245 33.50000 76.28028
v -24.51411 31.50000 74.29975
v -32.06157 31.50000 113.63212
v -30.08103 33.50000 113.91047
v -30.35938 31.50000 115.89100
v -9.93843 26.50000 78.36788
v -11.91897 24.50000 78.08953
v -11.64062 26.50000 76.10900
v -15.22701 26.50000 115.99806
v -17.20755 24.50000 115.71972
v -17.48589 26.50000 117.70025
v -9.93843 31.50000 78.36788
v -11.91897 33.50000 78.08953
v -11.64062 31.50000 76.10900
v -15.22701 31.50000 115.99806
v -17.20755 33.50000 115.71972
v -17.48589 31.50000 117.70025
vt 0.000000 1.000000
vt 1.000000 1.000000
vt 1.000000 0.000000
vt 0.000000 0.000000
vt 0.291188 0.000000
vt 1.000000 0.045874
vt 0.708812 1.000000
vt 0.000000 0.954126
vt 0.000000 1.000000
vt 1.000000 1.000000
vt 1.000000 0.000000
vt 0.000000 0.000000
vt 0.000000 0.000000
vt 1.000000 0.000000
vt 1.000000 1.000000
vt 0.000000 1.000000
vt 0.000000 0.954126
vt 0.708812 1.000000
vt 1.000000 0.045874
vt 0.291188 0.000000
vt 0.000000 0.000000
vt 1.000000 0.000000
vt 1.000000 1.000000
vt 0.000000 1.000000
vt 0.727541 0.000000
vt 1.000000 0.007343
vt 0.272459 1.000000
vt 0.000000 0.992657
vt 0.000000 0.992657
vt 0.272459 1.000000
vt 1.000000 0.007343
vt 0.727541 0.000000
vt 0.272459 1.000000
vt 0.000000 0.992657
vt 0.727541 0.000000
vt 1.000000 0.007343
vt 1.000000 0.007343
vt 0.727541 0.000000
vt 0.000000 0.992657
vt 0.272459 1.000000
vt 0.000000 1.000000
vt 1.000000 1.000000
vt 1.000000 0.000000
vt 0.000000 0.000000
vt 0.000000 0.000000
vt 0.000000 1.000000
vt 1.000000 1.000000
vt 1.000000 0.000000
vt 0.000000 1.000000
vt 0.000000 0.000000
vt 1.000000 0.000000
vt 1.000000 1.000000
vt 1.000000 1.000000
vt 0.000000 1.000000
vt 0.000000 0.000000
vt 1.000000 0.000000
vt 0.000000 0.522598
vt 0.021164 0.000000
vt 1.000000 0.477402
vt 0.978836 1.000000
vt 1.000000 0.477402
vt 0.978836 1.000000
vt 0.000000 0.522598
vt 0.021164 0.000000
vt 0.978836 1.000000
vt 1.000000 0.477402
vt 0.021164 0.000000
vt 0.000000 0.522598
vt 0.021164 0.000000
vt 0.000000 0.522598
vt 0.978836 1.000000
vt 1.000000 0.477402
vt 1.000000 1.000000
vt 0.876777 0.000000
vt 0.000000 1.000000
vt 1.000000 0.000000
vt 0.000000 0.123223
vt 1.000000 1.000000
vt 0.000000 0.000000
vt 0.876777 1.000000
vt 1.000000 0.000000
vt 0.000000 1.000000
vt 1.000000 0.123223
vt 0.000000 0.000000
vt 1.000000 1.000000
vt 0.000000 0.876777
vt 1.000000 0.000000
vt 0.000000 1.000000
vt 0.123223 0.000000
vt 1.000000 1.000000
vt 0.000000 0.000000
vt 1.000000 0.876777
vt 0.000000 1.000000
vt 1.000000 0.000000
vt 0.123223 1.000000
vt 0.000000 0.000000
f 5504/7285 5503/7286 5502/7287 5501/7288
f 5505/7289 5506/7290 5507/7291 5508/7292
f 5512/7293 5511/7294 5510/7295 5509/7296
f 5513/7297 5514/7298 5515/7299 5516/7300
f 5520/7301 5519/7302 5518/7303 5517/7304
f 5521/7305 5522/7306 5523/7307 5524/7308
f 5525/7309 5526/7310 5527/7311 5528/7312
f 5532/7313 5531/7314 5530/7315 5529/7316
f 5536/7317 5535/7318 5534/7319 5533/7320
f 5537/7321 5538/7322 5539/7323 5540/7324
f 5544/7325 5543/7326 5542/7327 5541/7328
f 5545/7329 5546/7330 5547/7331 5548/7332
f 5549/7333 5550/7334 5551/7335 5552/7336
f 5556/7337 5555/7338 5554/7339 5553/7340
f 5557/7341 5558/7342 5559/7343 5560/7344
f 5564/7345 5563/7346 5562/7347 5561/7348
f 5568/7349 5567/7350 5566/7351 5565/7352
f 5569/7353 5570/7354 5571/7355 5572/7356
f 5575/7357 5574/7358 5573/7359
f 5576/7360 5577/7361 5578/7362
f 5579/7363 5580/7364 5581/7365
f 5584/7366 5583/7367 5582/7368
f 5585/7369 5586/7370 5587/7371
f 5590/7372 5589/7373 5588/7374
f 5593/7375 5592/7376 5591/7377
f 5594/7378 5595/7379 5596/7380
o RearStrutCapRight
usemtl SFP_R2_Metal
v -25.11947 25.00000 78.55815
v -25.11947 33.00000 78.55815
v -25.67616 33.00000 82.51922
v -25.67616 25.00000 82.51922
v -23.63407 23.50000 78.76691
v -5.80924 23.50000 81.27202
v -6.36593 23.50000 85.23309
v -24.19076 23.50000 82.72798
v -23.42531 25.00000 77.28150
v -5.60048 25.00000 79.78662
v -5.60048 33.00000 79.78662
v -23.42531 33.00000 77.28150
v -4.32384 25.00000 81.48078
v -4.32384 33.00000 81.48078
v -4.88053 33.00000 85.44185
v -4.88053 25.00000 85.44185
v -23.63407 34.50000 78.76691
v -5.80924 34.50000 81.27202
v -6.36593 34.50000 85.23309
v -24.19076 34.50000 82.72798
v -24.39952 25.00000 84.21338
v -6.57469 25.00000 86.71850
v -6.57469 33.00000 86.71850
v -24.39952 33.00000 84.21338
v -25.11947 25.00000 78.55815
v -23.63407 23.50000 78.76691
v -24.19076 23.50000 82.72798
v -25.67616 25.00000 82.51922
v -25.11947 33.00000 78.55815
v -23.63407 34.50000 78.76691
v -24.19076 34.50000 82.72798
v -25.67616 33.00000 82.51922
v -4.32384 25.00000 81.48078
v -5.80924 23.50000 81.27202
v -6.36593 23.50000 85.23309
v -4.88053 25.00000 85.44185
v -4.32384 33.00000 81.48078
v -5.80924 34.50000 81.27202
v -6.36593 34.50000 85.23309
v -4.88053 33.00000 85.44185
v -25.11947 25.00000 78.55815
v -23.42531 25.00000 77.28150
v -23.42531 33.00000 77.28150
v -25.11947 33.00000 78.55815
v -25.67616 25.00000 82.51922
v -24.39952 25.00000 84.21338
v -24.39952 33.00000 84.21338
v -25.67616 33.00000 82.51922
v -4.32384 25.00000 81.48078
v -5.60048 25.00000 79.78662
v -5.60048 33.00000 79.78662
v -4.32384 33.00000 81.48078
v -4.88053 25.00000 85.44185
v -6.57469 25.00000 86.71850
v -6.57469 33.00000 86.71850
v -4.88053 33.00000 85.44185
v -23.63407 23.50000 78.76691
v -23.42531 25.00000 77.28150
v -5.60048 25.00000 79.78662
v -5.80924 23.50000 81.27202
v -24.19076 23.50000 82.72798
v -24.39952 25.00000 84.21338
v -6.57469 25.00000 86.71850
v -6.36593 23.50000 85.23309
v -23.63407 34.50000 78.76691
v -23.42531 33.00000 77.28150
v -5.60048 33.00000 79.78662
v -5.80924 34.50000 81.27202
v -24.19076 34.50000 82.72798
v -24.39952 33.00000 84.21338
v -6.57469 33.00000 86.71850
v -6.36593 34.50000 85.23309
v -25.11947 25.00000 78.55815
v -23.63407 23.50000 78.76691
v -23.42531 25.00000 77.28150
v -25.67616 25.00000 82.51922
v -24.19076 23.50000 82.72798
v -24.39952 25.00000 84.21338
v -25.11947 33.00000 78.55815
v -23.63407 34.50000 78.76691
v -23.42531 33.00000 77.28150
v -25.67616 33.00000 82.51922
v -24.19076 34.50000 82.72798
v -24.39952 33.00000 84.21338
v -4.32384 25.00000 81.48078
v -5.80924 23.50000 81.27202
v -5.60048 25.00000 79.78662
v -4.88053 25.00000 85.44185
v -6.36593 23.50000 85.23309
v -6.57469 25.00000 86.71850
v -4.32384 33.00000 81.48078
v -5.80924 34.50000 81.27202
v -5.60048 33.00000 79.78662
v -4.88053 33.00000 85.44185
v -6.36593 34.50000 85.23309
v -6.57469 33.00000 86.71850
vt 0.000000 1.000000
vt 1.000000 1.000000
vt 1.000000 0.000000
vt 0.000000 0.000000
vt 0.030285 0.000000
vt 1.000000 0.387418
vt 0.969715 1.000000
vt 0.000000 0.612582
vt 0.000000 1.000000
vt 1.000000 1.000000
vt 1.000000 0.000000
vt 0.000000 0.000000
vt 0.000000 0.000000
vt 1.000000 0.000000
vt 1.000000 1.000000
vt 0.000000 1.000000
vt 0.000000 0.612582
vt 0.969715 1.000000
vt 1.000000 0.387418
vt 0.030285 0.000000
vt 0.000000 0.000000
vt 1.000000 0.000000
vt 1.000000 1.000000
vt 0.000000 1.000000
vt 0.272609 0.000000
vt 1.000000 0.050064
vt 0.727391 1.000000
vt 0.000000 0.949936
vt 0.000000 0.949936
vt 0.727391 1.000000
vt 1.000000 0.050064
vt 0.272609 0.000000
vt 0.727391 1.000000
vt 0.000000 0.949936
vt 0.272609 0.000000
vt 1.000000 0.050064
vt 1.000000 0.050064
vt 0.272609 0.000000
vt 0.000000 0.949936
vt 0.727391 1.000000
vt 0.000000 1.000000
vt 1.000000 1.000000
vt 1.000000 0.000000
vt 0.000000 0.000000
vt 0.000000 0.000000
vt 0.000000 1.000000
vt 1.000000 1.000000
vt 1.000000 0.000000
vt 0.000000 1.000000
vt 0.000000 0.000000
vt 1.000000 0.000000
vt 1.000000 1.000000
vt 1.000000 1.000000
vt 0.000000 1.000000
vt 0.000000 0.000000
vt 1.000000 0.000000
vt 0.000000 0.372233
vt 0.011576 0.000000
vt 1.000000 0.627767
vt 0.988424 1.000000
vt 1.000000 0.627767
vt 0.988424 1.000000
vt 0.000000 0.372233
vt 0.011576 0.000000
vt 0.988424 1.000000
vt 1.000000 0.627767
vt 0.011576 0.000000
vt 0.000000 0.372233
vt 0.011576 0.000000
vt 0.000000 0.372233
vt 0.988424 1.000000
vt 1.000000 0.627767
vt 1.000000 1.000000
vt 0.876777 0.000000
vt 0.000000 1.000000
vt 1.000000 0.000000
vt 0.000000 0.123223
vt 1.000000 1.000000
vt 0.000000 0.000000
vt 0.876777 1.000000
vt 1.000000 0.000000
vt 0.000000 1.000000
vt 1.000000 0.123223
vt 0.000000 0.000000
vt 1.000000 1.000000
vt 0.000000 0.876777
vt 1.000000 0.000000
vt 0.000000 1.000000
vt 0.123223 0.000000
vt 1.000000 1.000000
vt 0.000000 0.000000
vt 1.000000 0.876777
vt 0.000000 1.000000
vt 1.000000 0.000000
vt 0.123223 1.000000
vt 0.000000 0.000000
f 5600/7381 5599/7382 5598/7383 5597/7384
f 5601/7385 5602/7386 5603/7387 5604/7388
f 5608/7389 5607/7390 5606/7391 5605/7392
f 5609/7393 5610/7394 5611/7395 5612/7396
f 5616/7397 5615/7398 5614/7399 5613/7400
f 5617/7401 5618/7402 5619/7403 5620/7404
f 5621/7405 5622/7406 5623/7407 5624/7408
f 5628/7409 5627/7410 5626/7411 5625/7412
f 5632/7413 5631/7414 5630/7415 5629/7416
f 5633/7417 5634/7418 5635/7419 5636/7420
f 5640/7421 5639/7422 5638/7423 5637/7424
f 5641/7425 5642/7426 5643/7427 5644/7428
f 5645/7429 5646/7430 5647/7431 5648/7432
f 5652/7433 5651/7434 5650/7435 5649/7436
f 5653/7437 5654/7438 5655/7439 5656/7440
f 5660/7441 5659/7442 5658/7443 5657/7444
f 5664/7445 5663/7446 5662/7447 5661/7448
f 5665/7449 5666/7450 5667/7451 5668/7452
f 5671/7453 5670/7454 5669/7455
f 5672/7456 5673/7457 5674/7458
f 5675/7459 5676/7460 5677/7461
f 5680/7462 5679/7463 5678/7464
f 5681/7465 5682/7466 5683/7467
f 5686/7468 5685/7469 5684/7470
f 5689/7471 5688/7472 5687/7473
f 5690/7474 5691/7475 5692/7476
o RearServiceSpine
usemtl SFP_R2_Trim
v -37.00000 -17.00000 34.00000
v -27.00000 -17.00000 30.00000
v -20.00000 -17.00000 38.00000
v -19.00000 -17.00000 79.00000
v -24.00000 -17.00000 87.00000
v -36.00000 -17.00000 82.00000
v -37.00000 17.00000 34.00000
v -27.00000 17.00000 30.00000
v -20.00000 17.00000 38.00000
v -19.00000 17.00000 79.00000
v -24.00000 17.00000 87.00000
v -36.00000 17.00000 82.00000
vt 0.055556 0.912281
vt 0.722222 1.000000
vt 1.000000 0.859649
vt 0.944444 0.140351
vt 0.555556 0.000000
vt 0.000000 0.070175
vt 0.000000 0.070175
vt 0.555556 0.000000
vt 0.944444 0.140351
vt 1.000000 0.859649
vt 0.722222 1.000000
vt 0.055556 0.912281
vt 0.000000 0.000000
vt 1.000000 0.000000
vt 1.000000 1.000000
vt 0.000000 1.000000
vt 0.000000 0.000000
vt 0.000000 1.000000
vt 1.000000 1.000000
vt 1.000000 0.000000
vt 0.000000 0.000000
vt 0.000000 1.000000
vt 1.000000 1.000000
vt 1.000000 0.000000
vt 0.000000 0.000000
vt 0.000000 1.000000
vt 1.000000 1.000000
vt 1.000000 0.000000
vt 1.000000 0.000000
vt 0.000000 0.000000
vt 0.000000 1.000000
vt 1.000000 1.000000
vt 0.000000 1.000000
vt 0.000000 0.000000
vt 1.000000 0.000000
vt 1.000000 1.000000
f 5698/7477 5697/7478 5696/7479 5695/7480 5694/7481 5693/7482
f 5699/7483 5700/7484 5701/7485 5702/7486 5703/7487 5704/7488
f 5693/7489 5694/7490 5700/7491 5699/7492
f 5694/7493 5695/7494 5701/7495 5700/7496
f 5695/7497 5696/7498 5702/7499 5701/7500
f 5696/7501 5697/7502 5703/7503 5702/7504
f 5697/7505 5698/7506 5704/7507 5703/7508
f 5698/7509 5693/7510 5699/7511 5704/7512
o RearAccessPlate
usemtl SFP_R2_Inset
v -38.40000 -12.87000 46.63000
v -38.40000 12.87000 46.63000
v -38.40000 12.87000 71.37000
v -38.40000 -12.87000 71.37000
v -37.77000 -13.50000 46.63000
v -36.23000 -13.50000 46.63000
v -36.23000 -13.50000 71.37000
v -37.77000 -13.50000 71.37000
v -37.77000 -12.87000 46.00000
v -36.23000 -12.87000 46.00000
v -36.23000 12.87000 46.00000
v -37.77000 12.87000 46.00000
v -35.60000 -12.87000 46.63000
v -35.60000 12.87000 46.63000
v -35.60000 12.87000 71.37000
v -35.60000 -12.87000 71.37000
v -37.77000 13.50000 46.63000
v -36.23000 13.50000 46.63000
v -36.23000 13.50000 71.37000
v -37.77000 13.50000 71.37000
v -37.77000 -12.87000 72.00000
v -36.23000 -12.87000 72.00000
v -36.23000 12.87000 72.00000
v -37.77000 12.87000 72.00000
v -38.40000 -12.87000 46.63000
v -37.77000 -13.50000 46.63000
v -37.77000 -13.50000 71.37000
v -38.40000 -12.87000 71.37000
v -38.40000 12.87000 46.63000
v -37.77000 13.50000 46.63000
v -37.77000 13.50000 71.37000
v -38.40000 12.87000 71.37000
v -35.60000 -12.87000 46.63000
v -36.23000 -13.50000 46.63000
v -36.23000 -13.50000 71.37000
v -35.60000 -12.87000 71.37000
v -35.60000 12.87000 46.63000
v -36.23000 13.50000 46.63000
v -36.23000 13.50000 71.37000
v -35.60000 12.87000 71.37000
v -38.40000 -12.87000 46.63000
v -37.77000 -12.87000 46.00000
v -37.77000 12.87000 46.00000
v -38.40000 12.87000 46.63000
v -38.40000 -12.87000 71.37000
v -37.77000 -12.87000 72.00000
v -37.77000 12.87000 72.00000
v -38.40000 12.87000 71.37000
v -35.60000 -12.87000 46.63000
v -36.23000 -12.87000 46.00000
v -36.23000 12.87000 46.00000
v -35.60000 12.87000 46.63000
v -35.60000 -12.87000 71.37000
v -36.23000 -12.87000 72.00000
v -36.23000 12.87000 72.00000
v -35.60000 12.87000 71.37000
v -37.77000 -13.50000 46.63000
v -37.77000 -12.87000 46.00000
v -36.23000 -12.87000 46.00000
v -36.23000 -13.50000 46.63000
v -37.77000 -13.50000 71.37000
v -37.77000 -12.87000 72.00000
v -36.23000 -12.87000 72.00000
v -36.23000 -13.50000 71.37000
v -37.77000 13.50000 46.63000
v -37.77000 12.87000 46.00000
v -36.23000 12.87000 46.00000
v -36.23000 13.50000 46.63000
v -37.77000 13.50000 71.37000
v -37.77000 12.87000 72.00000
v -36.23000 12.87000 72.00000
v -36.23000 13.50000 71.37000
v -38.40000 -12.87000 46.63000
v -37.77000 -13.50000 46.63000
v -37.77000 -12.87000 46.00000
v -38.40000 -12.87000 71.37000
v -37.77000 -13.50000 71.37000
v -37.77000 -12.87000 72.00000
v -38.40000 12.87000 46.63000
v -37.77000 13.50000 46.63000
v -37.77000 12.87000 46.00000
v -38.40000 12.87000 71.37000
v -37.77000 13.50000 71.37000
v -37.77000 12.87000 72.00000
v -35.60000 -12.87000 46.63000
v -36.23000 -13.50000 46.63000
v -36.23000 -12.87000 46.00000
v -35.60000 -12.87000 71.37000
v -36.23000 -13.50000 71.37000
v -36.23000 -12.87000 72.00000
v -35.60000 12.87000 46.63000
v -36.23000 13.50000 46.63000
v -36.23000 12.87000 46.00000
v -35.60000 12.87000 71.37000
v -36.23000 13.50000 71.37000
v -36.23000 12.87000 72.00000
vt 0.000000 1.000000
vt 1.000000 1.000000
vt 1.000000 0.000000
vt 0.000000 0.000000
vt 0.000000 0.000000
vt 1.000000 0.000000
vt 1.000000 1.000000
vt 0.000000 1.000000
vt 0.000000 1.000000
vt 1.000000 1.000000
vt 1.000000 0.000000
vt 0.000000 0.000000
vt 0.000000 0.000000
vt 1.000000 0.000000
vt 1.000000 1.000000
vt 0.000000 1.000000
vt 0.000000 1.000000
vt 1.000000 1.000000
vt 1.000000 0.000000
vt 0.000000 0.000000
vt 0.000000 0.000000
vt 1.000000 0.000000
vt 1.000000 1.000000
vt 0.000000 1.000000
vt 1.000000 0.000000
vt 0.000000 0.000000
vt 0.000000 1.000000
vt 1.000000 1.000000
vt 0.000000 1.000000
vt 1.000000 1.000000
vt 1.000000 0.000000
vt 0.000000 0.000000
vt 1.000000 1.000000
vt 0.000000 1.000000
vt 0.000000 0.000000
vt 1.000000 0.000000
vt 0.000000 0.000000
vt 1.000000 0.000000
vt 1.000000 1.000000
vt 0.000000 1.000000
vt 1.000000 1.000000
vt 1.000000 0.000000
vt 0.000000 0.000000
vt 0.000000 1.000000
vt 0.000000 0.000000
vt 0.000000 1.000000
vt 1.000000 1.000000
vt 1.000000 0.000000
vt 0.000000 1.000000
vt 0.000000 0.000000
vt 1.000000 0.000000
vt 1.000000 1.000000
vt 1.000000 0.000000
vt 1.000000 1.000000
vt 0.000000 1.000000
vt 0.000000 0.000000
vt 0.000000 1.000000
vt 0.000000 0.000000
vt 1.000000 0.000000
vt 1.000000 1.000000
vt 1.000000 0.000000
vt 1.000000 1.000000
vt 0.000000 1.000000
vt 0.000000 0.000000
vt 1.000000 1.000000
vt 1.000000 0.000000
vt 0.000000 0.000000
vt 0.000000 1.000000
vt 0.000000 1.000000
vt 0.000000 0.000000
vt 1.000000 0.000000
vt 1.000000 1.000000
vt 1.000000 0.000000
vt 0.000000 1.000000
vt 1.000000 1.000000
vt 1.000000 0.000000
vt 0.000000 0.000000
vt 1.000000 1.000000
vt 0.000000 1.000000
vt 1.000000 1.000000
vt 0.000000 0.000000
vt 0.000000 1.000000
vt 1.000000 0.000000
vt 0.000000 0.000000
vt 1.000000 1.000000
vt 0.000000 1.000000
vt 1.000000 0.000000
vt 1.000000 1.000000
vt 0.000000 0.000000
vt 1.000000 0.000000
vt 0.000000 0.000000
vt 1.000000 1.000000
vt 0.000000 1.000000
vt 0.000000 0.000000
vt 1.000000 0.000000
vt 0.000000 1.000000
f 5708/7513 5707/7514 5706/7515 5705/7516
f 5709/7517 5710/7518 5711/7519 5712/7520
f 5716/7521 5715/7522 5714/7523 5713/7524
f 5717/7525 5718/7526 5719/7527 5720/7528
f 5724/7529 5723/7530 5722/7531 5721/7532
f 5725/7533 5726/7534 5727/7535 5728/7536
f 5729/7537 5730/7538 5731/7539 5732/7540
f 5736/7541 5735/7542 5734/7543 5733/7544
f 5740/7545 5739/7546 5738/7547 5737/7548
f 5741/7549 5742/7550 5743/7551 5744/7552
f 5748/7553 5747/7554 5746/7555 5745/7556
f 5749/7557 5750/7558 5751/7559 5752/7560
f 5753/7561 5754/7562 5755/7563 5756/7564
f 5760/7565 5759/7566 5758/7567 5757/7568
f 5761/7569 5762/7570 5763/7571 5764/7572
f 5768/7573 5767/7574 5766/7575 5765/7576
f 5772/7577 5771/7578 5770/7579 5769/7580
f 5773/7581 5774/7582 5775/7583 5776/7584
f 5779/7585 5778/7586 5777/7587
f 5780/7588 5781/7589 5782/7590
f 5783/7591 5784/7592 5785/7593
f 5788/7594 5787/7595 5786/7596
f 5789/7597 5790/7598 5791/7599
f 5794/7600 5793/7601 5792/7602
f 5797/7603 5796/7604 5795/7605
f 5798/7606 5799/7607 5800/7608
o RearPowerPort
usemtl SFP_R2_Rubber
v -38.80000 5.00000 47.00000
v -38.80000 4.69846 45.28990
v -38.80000 3.83022 43.78606
v -38.80000 2.50000 42.66987
v -38.80000 0.86824 42.07596
v -38.80000 -0.86824 42.07596
v -38.80000 -2.50000 42.66987
v -38.80000 -3.83022 43.78606
v -38.80000 -4.69846 45.28990
v -38.80000 -5.00000 47.00000
v -38.80000 -4.69846 48.71010
v -38.80000 -3.83022 50.21394
v -38.80000 -2.50000 51.33013
v -38.80000 -0.86824 51.92404
v -38.80000 0.86824 51.92404
v -38.80000 2.50000 51.33013
v -38.80000 3.83022 50.21394
v -38.80000 4.69846 48.71010
v -41.00000 5.00000 47.00000
v -41.00000 4.69846 45.28990
v -41.00000 3.83022 43.78606
v -41.00000 2.50000 42.66987
v -41.00000 0.86824 42.07596
v -41.00000 -0.86824 42.07596
v -41.00000 -2.50000 42.66987
v -41.00000 -3.83022 43.78606
v -41.00000 -4.69846 45.28990
v -41.00000 -5.00000 47.00000
v -41.00000 -4.69846 48.71010
v -41.00000 -3.83022 50.21394
v -41.00000 -2.50000 51.33013
v -41.00000 -0.86824 51.92404
v -41.00000 0.86824 51.92404
v -41.00000 2.50000 51.33013
v -41.00000 3.83022 50.21394
v -41.00000 4.69846 48.71010
vt 0.969846 0.673648
vt 0.883022 0.826352
vt 0.750000 0.939693
vt 0.586824 1.000000
vt 0.413176 1.000000
vt 0.250000 0.939693
vt 0.116978 0.826352
vt 0.030154 0.673648
vt 0.000000 0.500000
vt 0.030154 0.326352
vt 0.116978 0.173648
vt 0.250000 0.060307
vt 0.413176 0.000000
vt 0.586824 0.000000
vt 0.750000 0.060307
vt 0.883022 0.173648
vt 0.969846 0.326352
vt 1.000000 0.500000
vt 1.000000 0.500000
vt 0.969846 0.326352
vt 0.883022 0.173648
vt 0.750000 0.060307
vt 0.586824 0.000000
vt 0.413176 0.000000
vt 0.250000 0.060307
vt 0.116978 0.173648
vt 0.030154 0.326352
vt 0.000000 0.500000
vt 0.030154 0.673648
vt 0.116978 0.826352
vt 0.250000 0.939693
vt 0.413176 1.000000
vt 0.586824 1.000000
vt 0.750000 0.939693
vt 0.883022 0.826352
vt 0.969846 0.673648
vt 1.000000 1.000000
vt 0.000000 1.000000
vt 0.000000 0.000000
vt 1.000000 0.000000
vt 1.000000 1.000000
vt 0.000000 1.000000
vt 0.000000 0.000000
vt 1.000000 0.000000
vt 1.000000 1.000000
vt 0.000000 1.000000
vt 0.000000 0.000000
vt 1.000000 0.000000
vt 1.000000 1.000000
vt 0.000000 1.000000
vt 0.000000 0.000000
vt 1.000000 0.000000
vt 1.000000 1.000000
vt 0.000000 1.000000
vt 0.000000 0.000000
vt 1.000000 0.000000
vt 1.000000 1.000000
vt 0.000000 1.000000
vt 0.000000 0.000000
vt 1.000000 0.000000
vt 1.000000 1.000000
vt 0.000000 1.000000
vt 0.000000 0.000000
vt 1.000000 0.000000
vt 1.000000 0.000000
vt 0.000000 0.000000
vt 0.000000 1.000000
vt 1.000000 1.000000
vt 1.000000 0.000000
vt 0.000000 0.000000
vt 0.000000 1.000000
vt 1.000000 1.000000
vt 1.000000 0.000000
vt 0.000000 0.000000
vt 0.000000 1.000000
vt 1.000000 1.000000
vt 1.000000 0.000000
vt 0.000000 0.000000
vt 0.000000 1.000000
vt 1.000000 1.000000
vt 1.000000 0.000000
vt 0.000000 0.000000
vt 0.000000 1.000000
vt 1.000000 1.000000
vt 1.000000 0.000000
vt 0.000000 0.000000
vt 0.000000 1.000000
vt 1.000000 1.000000
vt 1.000000 0.000000
vt 0.000000 0.000000
vt 0.000000 1.000000
vt 1.000000 1.000000
vt 1.000000 0.000000
vt 0.000000 0.000000
vt 0.000000 1.000000
vt 1.000000 1.000000
vt 1.000000 0.000000
vt 0.000000 0.000000
vt 0.000000 1.000000
vt 1.000000 1.000000
vt 1.000000 1.000000
vt 0.000000 1.000000
vt 0.000000 0.000000
vt 1.000000 0.000000
vt 1.000000 1.000000
vt 0.000000 1.000000
vt 0.000000 0.000000
vt 1.000000 0.000000
f 5818/7609 5817/7610 5816/7611 5815/7612 5814/7613 5813/7614 5812/7615 5811/7616 5810/7617 5809/7618 5808/7619 5807/7620 5806/7621 5805/7622 5804/7623 5803/7624 5802/7625 5801/7626
f 5819/7627 5820/7628 5821/7629 5822/7630 5823/7631 5824/7632 5825/7633 5826/7634 5827/7635 5828/7636 5829/7637 5830/7638 5831/7639 5832/7640 5833/7641 5834/7642 5835/7643 5836/7644
f 5801/7645 5819/7646 5820/7647 5802/7648
f 5802/7649 5820/7650 5821/7651 5803/7652
f 5803/7653 5821/7654 5822/7655 5804/7656
f 5804/7657 5822/7658 5823/7659 5805/7660
f 5805/7661 5823/7662 5824/7663 5806/7664
f 5806/7665 5824/7666 5825/7667 5807/7668
f 5807/7669 5825/7670 5826/7671 5808/7672
f 5808/7673 5826/7674 5827/7675 5809/7676
f 5809/7677 5827/7678 5828/7679 5810/7680
f 5810/7681 5828/7682 5829/7683 5811/7684
f 5811/7685 5829/7686 5830/7687 5812/7688
f 5812/7689 5830/7690 5831/7691 5813/7692
f 5813/7693 5831/7694 5832/7695 5814/7696
f 5814/7697 5832/7698 5833/7699 5815/7700
f 5815/7701 5833/7702 5834/7703 5816/7704
f 5816/7705 5834/7706 5835/7707 5817/7708
f 5817/7709 5835/7710 5836/7711 5818/7712
f 5818/7713 5836/7714 5819/7715 5801/7716
o RearCableClamp
usemtl SFP_R2_Accent
v -40.50000 -5.82500 35.67500
v -40.50000 5.82500 35.67500
v -40.50000 5.82500 39.32500
v -40.50000 -5.82500 39.32500
v -39.82500 -6.50000 35.67500
v -38.17500 -6.50000 35.67500
v -38.17500 -6.50000 39.32500
v -39.82500 -6.50000 39.32500
v -39.82500 -5.82500 35.00000
v -38.17500 -5.82500 35.00000
v -38.17500 5.82500 35.00000
v -39.82500 5.82500 35.00000
v -37.50000 -5.82500 35.67500
v -37.50000 5.82500 35.67500
v -37.50000 5.82500 39.32500
v -37.50000 -5.82500 39.32500
v -39.82500 6.50000 35.67500
v -38.17500 6.50000 35.67500
v -38.17500 6.50000 39.32500
v -39.82500 6.50000 39.32500
v -39.82500 -5.82500 40.00000
v -38.17500 -5.82500 40.00000
v -38.17500 5.82500 40.00000
v -39.82500 5.82500 40.00000
v -40.50000 -5.82500 35.67500
v -39.82500 -6.50000 35.67500
v -39.82500 -6.50000 39.32500
v -40.50000 -5.82500 39.32500
v -40.50000 5.82500 35.67500
v -39.82500 6.50000 35.67500
v -39.82500 6.50000 39.32500
v -40.50000 5.82500 39.32500
v -37.50000 -5.82500 35.67500
v -38.17500 -6.50000 35.67500
v -38.17500 -6.50000 39.32500
v -37.50000 -5.82500 39.32500
v -37.50000 5.82500 35.67500
v -38.17500 6.50000 35.67500
v -38.17500 6.50000 39.32500
v -37.50000 5.82500 39.32500
v -40.50000 -5.82500 35.67500
v -39.82500 -5.82500 35.00000
v -39.82500 5.82500 35.00000
v -40.50000 5.82500 35.67500
v -40.50000 -5.82500 39.32500
v -39.82500 -5.82500 40.00000
v -39.82500 5.82500 40.00000
v -40.50000 5.82500 39.32500
v -37.50000 -5.82500 35.67500
v -38.17500 -5.82500 35.00000
v -38.17500 5.82500 35.00000
v -37.50000 5.82500 35.67500
v -37.50000 -5.82500 39.32500
v -38.17500 -5.82500 40.00000
v -38.17500 5.82500 40.00000
v -37.50000 5.82500 39.32500
v -39.82500 -6.50000 35.67500
v -39.82500 -5.82500 35.00000
v -38.17500 -5.82500 35.00000
v -38.17500 -6.50000 35.67500
v -39.82500 -6.50000 39.32500
v -39.82500 -5.82500 40.00000
v -38.17500 -5.82500 40.00000
v -38.17500 -6.50000 39.32500
v -39.82500 6.50000 35.67500
v -39.82500 5.82500 35.00000
v -38.17500 5.82500 35.00000
v -38.17500 6.50000 35.67500
v -39.82500 6.50000 39.32500
v -39.82500 5.82500 40.00000
v -38.17500 5.82500 40.00000
v -38.17500 6.50000 39.32500
v -40.50000 -5.82500 35.67500
v -39.82500 -6.50000 35.67500
v -39.82500 -5.82500 35.00000
v -40.50000 -5.82500 39.32500
v -39.82500 -6.50000 39.32500
v -39.82500 -5.82500 40.00000
v -40.50000 5.82500 35.67500
v -39.82500 6.50000 35.67500
v -39.82500 5.82500 35.00000
v -40.50000 5.82500 39.32500
v -39.82500 6.50000 39.32500
v -39.82500 5.82500 40.00000
v -37.50000 -5.82500 35.67500
v -38.17500 -6.50000 35.67500
v -38.17500 -5.82500 35.00000
v -37.50000 -5.82500 39.32500
v -38.17500 -6.50000 39.32500
v -38.17500 -5.82500 40.00000
v -37.50000 5.82500 35.67500
v -38.17500 6.50000 35.67500
v -38.17500 5.82500 35.00000
v -37.50000 5.82500 39.32500
v -38.17500 6.50000 39.32500
v -38.17500 5.82500 40.00000
vt 0.000000 1.000000
vt 1.000000 1.000000
vt 1.000000 0.000000
vt 0.000000 0.000000
vt 0.000000 0.000000
vt 1.000000 0.000000
vt 1.000000 1.000000
vt 0.000000 1.000000
vt 0.000000 1.000000
vt 1.000000 1.000000
vt 1.000000 0.000000
vt 0.000000 0.000000
vt 0.000000 0.000000
vt 1.000000 0.000000
vt 1.000000 1.000000
vt 0.000000 1.000000
vt 0.000000 1.000000
vt 1.000000 1.000000
vt 1.000000 0.000000
vt 0.000000 0.000000
vt 0.000000 0.000000
vt 1.000000 0.000000
vt 1.000000 1.000000
vt 0.000000 1.000000
vt 1.000000 0.000000
vt 0.000000 0.000000
vt 0.000000 1.000000
vt 1.000000 1.000000
vt 0.000000 1.000000
vt 1.000000 1.000000
vt 1.000000 0.000000
vt 0.000000 0.000000
vt 1.000000 1.000000
vt 0.000000 1.000000
vt 0.000000 0.000000
vt 1.000000 0.000000
vt 0.000000 0.000000
vt 1.000000 0.000000
vt 1.000000 1.000000
vt 0.000000 1.000000
vt 1.000000 1.000000
vt 1.000000 0.000000
vt 0.000000 0.000000
vt 0.000000 1.000000
vt 0.000000 0.000000
vt 0.000000 1.000000
vt 1.000000 1.000000
vt 1.000000 0.000000
vt 0.000000 1.000000
vt 0.000000 0.000000
vt 1.000000 0.000000
vt 1.000000 1.000000
vt 1.000000 0.000000
vt 1.000000 1.000000
vt 0.000000 1.000000
vt 0.000000 0.000000
vt 0.000000 0.000000
vt 0.000000 1.000000
vt 1.000000 1.000000
vt 1.000000 0.000000
vt 1.000000 0.000000
vt 1.000000 1.000000
vt 0.000000 1.000000
vt 0.000000 0.000000
vt 1.000000 1.000000
vt 1.000000 0.000000
vt 0.000000 0.000000
vt 0.000000 1.000000
vt 0.000000 1.000000
vt 0.000000 0.000000
vt 1.000000 0.000000
vt 1.000000 1.000000
vt 1.000000 0.000000
vt 0.000000 1.000000
vt 1.000000 1.000000
vt 1.000000 0.000000
vt 0.000000 0.000000
vt 1.000000 1.000000
vt 0.000000 1.000000
vt 1.000000 1.000000
vt 0.000000 0.000000
vt 0.000000 1.000000
vt 1.000000 0.000000
vt 0.000000 0.000000
vt 1.000000 1.000000
vt 0.000000 1.000000
vt 1.000000 0.000000
vt 1.000000 1.000000
vt 0.000000 0.000000
vt 1.000000 0.000000
vt 0.000000 0.000000
vt 1.000000 1.000000
vt 0.000000 1.000000
vt 0.000000 0.000000
vt 1.000000 0.000000
vt 0.000000 1.000000
f 5840/7717 5839/7718 5838/7719 5837/7720
f 5841/7721 5842/7722 5843/7723 5844/7724
f 5848/7725 5847/7726 5846/7727 5845/7728
f 5849/7729 5850/7730 5851/7731 5852/7732
f 5856/7733 5855/7734 5854/7735 5853/7736
f 5857/7737 5858/7738 5859/7739 5860/7740
f 5861/7741 5862/7742 5863/7743 5864/7744
f 5868/7745 5867/7746 5866/7747 5865/7748
f 5872/7749 5871/7750 5870/7751 5869/7752
f 5873/7753 5874/7754 5875/7755 5876/7756
f 5880/7757 5879/7758 5878/7759 5877/7760
f 5881/7761 5882/7762 5883/7763 5884/7764
f 5885/7765 5886/7766 5887/7767 5888/7768
f 5892/7769 5891/7770 5890/7771 5889/7772
f 5893/7773 5894/7774 5895/7775 5896/7776
f 5900/7777 5899/7778 5898/7779 5897/7780
f 5904/7781 5903/7782 5902/7783 5901/7784
f 5905/7785 5906/7786 5907/7787 5908/7788
f 5911/7789 5910/7790 5909/7791
f 5912/7792 5913/7793 5914/7794
f 5915/7795 5916/7796 5917/7797
f 5920/7798 5919/7799 5918/7800
f 5921/7801 5922/7802 5923/7803
f 5926/7804 5925/7805 5924/7806
f 5929/7807 5928/7808 5927/7809
f 5930/7810 5931/7811 5932/7812
o RearPlateBolt-11
usemtl SFP_R2_Metal
v -39.00000 -9.65000 68.00000
v -39.00000 -9.83087 67.32500
v -39.00000 -10.32500 66.83087
v -39.00000 -11.00000 66.65000
v -39.00000 -11.67500 66.83087
v -39.00000 -12.16913 67.32500
v -39.00000 -12.35000 68.00000
v -39.00000 -12.16913 68.67500
v -39.00000 -11.67500 69.16913
v -39.00000 -11.00000 69.35000
v -39.00000 -10.32500 69.16913
v -39.00000 -9.83087 68.67500
v -41.00000 -9.65000 68.00000
v -41.00000 -9.83087 67.32500
v -41.00000 -10.32500 66.83087
v -41.00000 -11.00000 66.65000
v -41.00000 -11.67500 66.83087
v -41.00000 -12.16913 67.32500
v -41.00000 -12.35000 68.00000
v -41.00000 -12.16913 68.67500
v -41.00000 -11.67500 69.16913
v -41.00000 -11.00000 69.35000
v -41.00000 -10.32500 69.16913
v -41.00000 -9.83087 68.67500
vt 0.933013 0.750000
vt 0.750000 0.933013
vt 0.500000 1.000000
vt 0.250000 0.933013
vt 0.066987 0.750000
vt 0.000000 0.500000
vt 0.066987 0.250000
vt 0.250000 0.066987
vt 0.500000 0.000000
vt 0.750000 0.066987
vt 0.933013 0.250000
vt 1.000000 0.500000
vt 1.000000 0.500000
vt 0.933013 0.250000
vt 0.750000 0.066987
vt 0.500000 0.000000
vt 0.250000 0.066987
vt 0.066987 0.250000
vt 0.000000 0.500000
vt 0.066987 0.750000
vt 0.250000 0.933013
vt 0.500000 1.000000
vt 0.750000 0.933013
vt 0.933013 0.750000
vt 1.000000 1.000000
vt 0.000000 1.000000
vt 0.000000 0.000000
vt 1.000000 0.000000
vt 1.000000 1.000000
vt 0.000000 1.000000
vt 0.000000 0.000000
vt 1.000000 0.000000
vt 1.000000 1.000000
vt 0.000000 1.000000
vt 0.000000 0.000000
vt 1.000000 0.000000
vt 1.000000 1.000000
vt 0.000000 1.000000
vt 0.000000 0.000000
vt 1.000000 0.000000
vt 1.000000 1.000000
vt 0.000000 1.000000
vt 0.000000 0.000000
vt 1.000000 0.000000
vt 1.000000 0.000000
vt 0.000000 0.000000
vt 0.000000 1.000000
vt 1.000000 1.000000
vt 1.000000 0.000000
vt 0.000000 0.000000
vt 0.000000 1.000000
vt 1.000000 1.000000
vt 1.000000 0.000000
vt 0.000000 0.000000
vt 0.000000 1.000000
vt 1.000000 1.000000
vt 1.000000 0.000000
vt 0.000000 0.000000
vt 0.000000 1.000000
vt 1.000000 1.000000
vt 1.000000 0.000000
vt 0.000000 0.000000
vt 0.000000 1.000000
vt 1.000000 1.000000
vt 1.000000 1.000000
vt 0.000000 1.000000
vt 0.000000 0.000000
vt 1.000000 0.000000
vt 1.000000 1.000000
vt 0.000000 1.000000
vt 0.000000 0.000000
vt 1.000000 0.000000
f 5944/7813 5943/7814 5942/7815 5941/7816 5940/7817 5939/7818 5938/7819 5937/7820 5936/7821 5935/7822 5934/7823 5933/7824
f 5945/7825 5946/7826 5947/7827 5948/7828 5949/7829 5950/7830 5951/7831 5952/7832 5953/7833 5954/7834 5955/7835 5956/7836
f 5933/7837 5945/7838 5946/7839 5934/7840
f 5934/7841 5946/7842 5947/7843 5935/7844
f 5935/7845 5947/7846 5948/7847 5936/7848
f 5936/7849 5948/7850 5949/7851 5937/7852
f 5937/7853 5949/7854 5950/7855 5938/7856
f 5938/7857 5950/7858 5951/7859 5939/7860
f 5939/7861 5951/7862 5952/7863 5940/7864
f 5940/7865 5952/7866 5953/7867 5941/7868
f 5941/7869 5953/7870 5954/7871 5942/7872
f 5942/7873 5954/7874 5955/7875 5943/7876
f 5943/7877 5955/7878 5956/7879 5944/7880
f 5944/7881 5956/7882 5945/7883 5933/7884
o RearPlateBolt+11
usemtl SFP_R2_Metal
v -39.00000 12.35000 68.00000
v -39.00000 12.16913 67.32500
v -39.00000 11.67500 66.83087
v -39.00000 11.00000 66.65000
v -39.00000 10.32500 66.83087
v -39.00000 9.83087 67.32500
v -39.00000 9.65000 68.00000
v -39.00000 9.83087 68.67500
v -39.00000 10.32500 69.16913
v -39.00000 11.00000 69.35000
v -39.00000 11.67500 69.16913
v -39.00000 12.16913 68.67500
v -41.00000 12.35000 68.00000
v -41.00000 12.16913 67.32500
v -41.00000 11.67500 66.83087
v -41.00000 11.00000 66.65000
v -41.00000 10.32500 66.83087
v -41.00000 9.83087 67.32500
v -41.00000 9.65000 68.00000
v -41.00000 9.83087 68.67500
v -41.00000 10.32500 69.16913
v -41.00000 11.00000 69.35000
v -41.00000 11.67500 69.16913
v -41.00000 12.16913 68.67500
vt 0.933013 0.750000
vt 0.750000 0.933013
vt 0.500000 1.000000
vt 0.250000 0.933013
vt 0.066987 0.750000
vt 0.000000 0.500000
vt 0.066987 0.250000
vt 0.250000 0.066987
vt 0.500000 0.000000
vt 0.750000 0.066987
vt 0.933013 0.250000
vt 1.000000 0.500000
vt 1.000000 0.500000
vt 0.933013 0.250000
vt 0.750000 0.066987
vt 0.500000 0.000000
vt 0.250000 0.066987
vt 0.066987 0.250000
vt 0.000000 0.500000
vt 0.066987 0.750000
vt 0.250000 0.933013
vt 0.500000 1.000000
vt 0.750000 0.933013
vt 0.933013 0.750000
vt 1.000000 1.000000
vt 0.000000 1.000000
vt 0.000000 0.000000
vt 1.000000 0.000000
vt 1.000000 1.000000
vt 0.000000 1.000000
vt 0.000000 0.000000
vt 1.000000 0.000000
vt 1.000000 1.000000
vt 0.000000 1.000000
vt 0.000000 0.000000
vt 1.000000 0.000000
vt 1.000000 1.000000
vt 0.000000 1.000000
vt 0.000000 0.000000
vt 1.000000 0.000000
vt 1.000000 1.000000
vt 0.000000 1.000000
vt 0.000000 0.000000
vt 1.000000 0.000000
vt 1.000000 0.000000
vt 0.000000 0.000000
vt 0.000000 1.000000
vt 1.000000 1.000000
vt 1.000000 0.000000
vt 0.000000 0.000000
vt 0.000000 1.000000
vt 1.000000 1.000000
vt 1.000000 0.000000
vt 0.000000 0.000000
vt 0.000000 1.000000
vt 1.000000 1.000000
vt 1.000000 0.000000
vt 0.000000 0.000000
vt 0.000000 1.000000
vt 1.000000 1.000000
vt 1.000000 0.000000
vt 0.000000 0.000000
vt 0.000000 1.000000
vt 1.000000 1.000000
vt 1.000000 1.000000
vt 0.000000 1.000000
vt 0.000000 0.000000
vt 1.000000 0.000000
vt 1.000000 1.000000
vt 0.000000 1.000000
vt 0.000000 0.000000
vt 1.000000 0.000000
f 5968/7885 5967/7886 5966/7887 5965/7888 5964/7889 5963/7890 5962/7891 5961/7892 5960/7893 5959/7894 5958/7895 5957/7896
f 5969/7897 5970/7898 5971/7899 5972/7900 5973/7901 5974/7902 5975/7903 5976/7904 5977/7905 5978/7906 5979/7907 5980/7908
f 5957/7909 5969/7910 5970/7911 5958/7912
f 5958/7913 5970/7914 5971/7915 5959/7916
f 5959/7917 5971/7918 5972/7919 5960/7920
f 5960/7921 5972/7922 5973/7923 5961/7924
f 5961/7925 5973/7926 5974/7927 5962/7928
f 5962/7929 5974/7930 5975/7931 5963/7932
f 5963/7933 5975/7934 5976/7935 5964/7936
f 5964/7937 5976/7938 5977/7939 5965/7940
f 5965/7941 5977/7942 5978/7943 5966/7944
f 5966/7945 5978/7946 5979/7947 5967/7948
f 5967/7949 5979/7950 5980/7951 5968/7952
f 5968/7953 5980/7954 5969/7955 5957/7956
